[15:33:02] === S1 cues=1398 train=699 eval=699 ===
[15:33:04] [S1] task fold0 ft_tr=17798 ft_va=4408 eval=22239
[15:33:06] fold0 ep 001 tr=0.3730 va=0.2120 val_AccPaper=0.9143
[15:33:07] fold0 ep 002 tr=0.2383 va=0.1843 val_AccPaper=0.9321
[15:33:09] fold0 ep 003 tr=0.1980 va=0.1788 val_AccPaper=0.9214
[15:33:10] fold0 ep 004 tr=0.1723 va=0.1699 val_AccPaper=0.9321
[15:33:11] fold0 ep 005 tr=0.1586 va=0.1766 val_AccPaper=0.9214
[15:33:13] fold0 ep 006 tr=0.1450 va=0.1602 val_AccPaper=0.9393
[15:33:14] fold0 ep 007 tr=0.1372 va=0.1794 val_AccPaper=0.9429
[15:33:16] fold0 ep 008 tr=0.1288 va=0.1816 val_AccPaper=0.9250
[15:33:17] fold0 ep 009 tr=0.1178 va=0.1718 val_AccPaper=0.9250
[15:33:19] fold0 ep 010 tr=0.1150 va=0.1787 val_AccPaper=0.9143
[15:33:20] fold0 ep 011 tr=0.1100 va=0.1717 val_AccPaper=0.9321
[15:33:22] fold0 ep 012 tr=0.1083 va=0.1707 val_AccPaper=0.9250
[15:33:23] fold0 ep 013 tr=0.1033 va=0.1860 val_AccPaper=0.9143
[15:33:24] fold0 ep 014 tr=0.1026 va=0.1771 val_AccPaper=0.9286
[15:33:26] fold0 ep 015 tr=0.1005 va=0.1756 val_AccPaper=0.9321
[15:33:27] fold0 ep 016 tr=0.0915 va=0.1650 val_AccPaper=0.9321
[15:33:29] fold0 ep 017 tr=0.0967 va=0.1705 val_AccPaper=0.9321
[15:33:30] fold0 ep 018 tr=0.0872 va=0.1678 val_AccPaper=0.9357
[15:33:32] fold0 ep 019 tr=0.0861 va=0.1808 val_AccPaper=0.9250
[15:33:33] fold0 ep 020 tr=0.0868 va=0.1902 val_AccPaper=0.9321
[15:33:35] fold0 ep 021 tr=0.0874 va=0.1866 val_AccPaper=0.9250
[15:33:36] fold0 ep 022 tr=0.0866 va=0.1718 val_AccPaper=0.9393
[15:33:38] fold0 ep 023 tr=0.0790 va=0.1809 val_AccPaper=0.9321
[15:33:39] fold0 ep 024 tr=0.0834 va=0.1596 val_AccPaper=0.9393
[15:33:40] fold0 ep 025 tr=0.0802 va=0.1770 val_AccPaper=0.9393
[15:33:42] fold0 ep 026 tr=0.0770 va=0.1991 val_AccPaper=0.9107
[15:33:43] fold0 ep 027 tr=0.0801 va=0.1989 val_AccPaper=0.9286
[15:33:43]   early stop @ ep 27
[15:33:46] [S1] task fold1 ft_tr=17798 ft_va=4408 eval=22239
[15:33:47] fold1 ep 001 tr=0.3639 va=0.2426 val_AccPaper=0.9143
[15:33:49] fold1 ep 002 tr=0.2472 va=0.2067 val_AccPaper=0.9250
[15:33:50] fold1 ep 003 tr=0.2036 va=0.2106 val_AccPaper=0.9393
[15:33:52] fold1 ep 004 tr=0.1798 va=0.1966 val_AccPaper=0.9107
[15:33:53] fold1 ep 005 tr=0.1609 va=0.1862 val_AccPaper=0.9250
[15:33:55] fold1 ep 006 tr=0.1516 va=0.1877 val_AccPaper=0.9250
[15:33:56] fold1 ep 007 tr=0.1392 va=0.1848 val_AccPaper=0.9286
[15:33:58] fold1 ep 008 tr=0.1321 va=0.1923 val_AccPaper=0.9286
[15:33:59] fold1 ep 009 tr=0.1253 va=0.1669 val_AccPaper=0.9286
[15:34:01] fold1 ep 010 tr=0.1158 va=0.1838 val_AccPaper=0.9179
[15:34:02] fold1 ep 011 tr=0.1200 va=0.1826 val_AccPaper=0.9286
[15:34:04] fold1 ep 012 tr=0.1111 va=0.1822 val_AccPaper=0.9357
[15:34:05] fold1 ep 013 tr=0.1112 va=0.1798 val_AccPaper=0.9214
[15:34:07] fold1 ep 014 tr=0.1039 va=0.1778 val_AccPaper=0.9250
[15:34:08] fold1 ep 015 tr=0.1006 va=0.1739 val_AccPaper=0.9321
[15:34:10] fold1 ep 016 tr=0.0999 va=0.1722 val_AccPaper=0.9357
[15:34:11] fold1 ep 017 tr=0.0984 va=0.1795 val_AccPaper=0.9286
[15:34:13] fold1 ep 018 tr=0.0918 va=0.1644 val_AccPaper=0.9214
[15:34:14] fold1 ep 019 tr=0.0915 va=0.1701 val_AccPaper=0.9321
[15:34:15] fold1 ep 020 tr=0.0946 va=0.1743 val_AccPaper=0.9321
[15:34:17] fold1 ep 021 tr=0.0864 va=0.1639 val_AccPaper=0.9321
[15:34:18] fold1 ep 022 tr=0.0868 va=0.1845 val_AccPaper=0.9500
[15:34:20] fold1 ep 023 tr=0.0807 va=0.1688 val_AccPaper=0.9429
[15:34:21] fold1 ep 024 tr=0.0815 va=0.1590 val_AccPaper=0.9250
[15:34:23] fold1 ep 025 tr=0.0784 va=0.1848 val_AccPaper=0.9464
[15:34:24] fold1 ep 026 tr=0.0791 va=0.1806 val_AccPaper=0.9393
[15:34:25] fold1 ep 027 tr=0.0770 va=0.1893 val_AccPaper=0.9357
[15:34:27] fold1 ep 028 tr=0.0761 va=0.1702 val_AccPaper=0.9429
[15:34:28] fold1 ep 029 tr=0.0712 va=0.1836 val_AccPaper=0.9250
[15:34:30] fold1 ep 030 tr=0.0766 va=0.2110 val_AccPaper=0.9214
[15:34:31] fold1 ep 031 tr=0.0771 va=0.1818 val_AccPaper=0.9429
[15:34:33] fold1 ep 032 tr=0.0814 va=0.1727 val_AccPaper=0.9357
[15:34:34] fold1 ep 033 tr=0.0751 va=0.2083 val_AccPaper=0.9393
[15:34:35] fold1 ep 034 tr=0.0715 va=0.1855 val_AccPaper=0.9429
[15:34:37] fold1 ep 035 tr=0.0748 va=0.2001 val_AccPaper=0.9357
[15:34:38] fold1 ep 036 tr=0.0764 va=0.1959 val_AccPaper=0.9357
[15:34:40] fold1 ep 037 tr=0.0679 va=0.1915 val_AccPaper=0.9321
[15:34:41] fold1 ep 038 tr=0.0677 va=0.2011 val_AccPaper=0.9393
[15:34:43] fold1 ep 039 tr=0.0694 va=0.2184 val_AccPaper=0.9321
[15:34:44] fold1 ep 040 tr=0.0687 va=0.2158 val_AccPaper=0.9357
[15:34:45] fold1 ep 041 tr=0.0752 va=0.2298 val_AccPaper=0.9321
[15:34:47] fold1 ep 042 tr=0.0616 va=0.2013 val_AccPaper=0.9321
[15:34:47]   early stop @ ep 42
[15:34:49] [S1] task fold2 ft_tr=17798 ft_va=4408 eval=22239
[15:34:51] fold2 ep 001 tr=0.3628 va=0.2309 val_AccPaper=0.9214
[15:34:52] fold2 ep 002 tr=0.2361 va=0.2012 val_AccPaper=0.9393
[15:34:54] fold2 ep 003 tr=0.1948 va=0.1766 val_AccPaper=0.9357
[15:34:55] fold2 ep 004 tr=0.1740 va=0.1775 val_AccPaper=0.9286
[15:34:56] fold2 ep 005 tr=0.1519 va=0.1668 val_AccPaper=0.9393
[15:34:58] fold2 ep 006 tr=0.1458 va=0.1598 val_AccPaper=0.9429
[15:34:59] fold2 ep 007 tr=0.1353 va=0.1659 val_AccPaper=0.9429
[15:35:01] fold2 ep 008 tr=0.1304 va=0.1624 val_AccPaper=0.9393
[15:35:02] fold2 ep 009 tr=0.1234 va=0.1734 val_AccPaper=0.9321
[15:35:04] fold2 ep 010 tr=0.1195 va=0.1678 val_AccPaper=0.9357
[15:35:05] fold2 ep 011 tr=0.1150 va=0.1830 val_AccPaper=0.9357
[15:35:07] fold2 ep 012 tr=0.0998 va=0.1560 val_AccPaper=0.9393
[15:35:08] fold2 ep 013 tr=0.1003 va=0.1665 val_AccPaper=0.9429
[15:35:09] fold2 ep 014 tr=0.0972 va=0.1655 val_AccPaper=0.9357
[15:35:11] fold2 ep 015 tr=0.0949 va=0.1637 val_AccPaper=0.9321
[15:35:12] fold2 ep 016 tr=0.0951 va=0.1659 val_AccPaper=0.9357
[15:35:14] fold2 ep 017 tr=0.0878 va=0.1885 val_AccPaper=0.9357
[15:35:15] fold2 ep 018 tr=0.0878 va=0.1819 val_AccPaper=0.9321
[15:35:17] fold2 ep 019 tr=0.0924 va=0.2004 val_AccPaper=0.9321
[15:35:18] fold2 ep 020 tr=0.0841 va=0.1885 val_AccPaper=0.9429
[15:35:19] fold2 ep 021 tr=0.0867 va=0.1795 val_AccPaper=0.9286
[15:35:21] fold2 ep 022 tr=0.0790 va=0.1850 val_AccPaper=0.9214
[15:35:22] fold2 ep 023 tr=0.0853 va=0.1920 val_AccPaper=0.9250
[15:35:24] fold2 ep 024 tr=0.0797 va=0.1891 val_AccPaper=0.9143
[15:35:25] fold2 ep 025 tr=0.0833 va=0.1633 val_AccPaper=0.9357
[15:35:27] fold2 ep 026 tr=0.0736 va=0.1904 val_AccPaper=0.9357
[15:35:27]   early stop @ ep 26
[15:35:29] [S1] task fold3 ft_tr=17798 ft_va=4408 eval=22239
[15:35:30] fold3 ep 001 tr=0.3691 va=0.2429 val_AccPaper=0.9107
[15:35:32] fold3 ep 002 tr=0.2451 va=0.1937 val_AccPaper=0.9357
[15:35:33] fold3 ep 003 tr=0.2027 va=0.1804 val_AccPaper=0.9179
[15:35:35] fold3 ep 004 tr=0.1766 va=0.1709 val_AccPaper=0.9357
[15:35:36] fold3 ep 005 tr=0.1565 va=0.1930 val_AccPaper=0.9214
[15:35:38] fold3 ep 006 tr=0.1508 va=0.1648 val_AccPaper=0.9286
[15:35:39] fold3 ep 007 tr=0.1335 va=0.1547 val_AccPaper=0.9321
[15:35:41] fold3 ep 008 tr=0.1255 va=0.1876 val_AccPaper=0.9393
[15:35:42] fold3 ep 009 tr=0.1245 va=0.1707 val_AccPaper=0.9143
[15:35:44] fold3 ep 010 tr=0.1169 va=0.1683 val_AccPaper=0.9321
[15:35:45] fold3 ep 011 tr=0.1130 va=0.1776 val_AccPaper=0.9357
[15:35:47] fold3 ep 012 tr=0.1095 va=0.1663 val_AccPaper=0.9321
[15:35:48] fold3 ep 013 tr=0.1110 va=0.1621 val_AccPaper=0.9321
[15:35:50] fold3 ep 014 tr=0.1079 va=0.1753 val_AccPaper=0.9250
[15:35:51] fold3 ep 015 tr=0.1042 va=0.1665 val_AccPaper=0.9286
[15:35:53] fold3 ep 016 tr=0.0916 va=0.1625 val_AccPaper=0.9393
[15:35:55] fold3 ep 017 tr=0.0937 va=0.1728 val_AccPaper=0.9357
[15:35:56] fold3 ep 018 tr=0.0930 va=0.1698 val_AccPaper=0.9321
[15:35:58] fold3 ep 019 tr=0.0890 va=0.1735 val_AccPaper=0.9321
[15:35:59] fold3 ep 020 tr=0.0892 va=0.1799 val_AccPaper=0.9357
[15:36:00] fold3 ep 021 tr=0.0872 va=0.1821 val_AccPaper=0.9250
[15:36:02] fold3 ep 022 tr=0.0910 va=0.1738 val_AccPaper=0.9357
[15:36:03] fold3 ep 023 tr=0.0881 va=0.1666 val_AccPaper=0.9357
[15:36:05] fold3 ep 024 tr=0.0797 va=0.1613 val_AccPaper=0.9464
[15:36:06] fold3 ep 025 tr=0.0825 va=0.1752 val_AccPaper=0.9429
[15:36:08] fold3 ep 026 tr=0.0842 va=0.2150 val_AccPaper=0.9357
[15:36:09] fold3 ep 027 tr=0.0815 va=0.1867 val_AccPaper=0.9393
[15:36:11] fold3 ep 028 tr=0.0804 va=0.1765 val_AccPaper=0.9321
[15:36:12] fold3 ep 029 tr=0.0809 va=0.1786 val_AccPaper=0.9357
[15:36:14] fold3 ep 030 tr=0.0801 va=0.1833 val_AccPaper=0.9536
[15:36:15] fold3 ep 031 tr=0.0800 va=0.1803 val_AccPaper=0.9357
[15:36:17] fold3 ep 032 tr=0.0718 va=0.1680 val_AccPaper=0.9429
[15:36:18] fold3 ep 033 tr=0.0815 va=0.1943 val_AccPaper=0.9357
[15:36:20] fold3 ep 034 tr=0.0770 va=0.2130 val_AccPaper=0.9393
[15:36:21] fold3 ep 035 tr=0.0734 va=0.1912 val_AccPaper=0.9393
[15:36:23] fold3 ep 036 tr=0.0697 va=0.1994 val_AccPaper=0.9214
[15:36:24] fold3 ep 037 tr=0.0753 va=0.1777 val_AccPaper=0.9393
[15:36:26] fold3 ep 038 tr=0.0716 va=0.1903 val_AccPaper=0.9393
[15:36:27] fold3 ep 039 tr=0.0706 va=0.2058 val_AccPaper=0.9286
[15:36:29] fold3 ep 040 tr=0.0678 va=0.2105 val_AccPaper=0.9250
[15:36:30] fold3 ep 041 tr=0.0692 va=0.2131 val_AccPaper=0.9357
[15:36:32] fold3 ep 042 tr=0.0699 va=0.1897 val_AccPaper=0.9429
[15:36:33] fold3 ep 043 tr=0.0704 va=0.2002 val_AccPaper=0.9321
[15:36:35] fold3 ep 044 tr=0.0693 va=0.1989 val_AccPaper=0.9357
[15:36:36] fold3 ep 045 tr=0.0690 va=0.2105 val_AccPaper=0.9286
[15:36:37] fold3 ep 046 tr=0.0661 va=0.2215 val_AccPaper=0.9357
[15:36:39] fold3 ep 047 tr=0.0680 va=0.2154 val_AccPaper=0.9321
[15:36:40] fold3 ep 048 tr=0.0704 va=0.1981 val_AccPaper=0.9393
[15:36:42] fold3 ep 049 tr=0.0704 va=0.2061 val_AccPaper=0.9286
[15:36:43] fold3 ep 050 tr=0.0635 va=0.2238 val_AccPaper=0.9214
[15:36:43]   early stop @ ep 50
[15:36:46] [S1] task fold4 ft_tr=17798 ft_va=4408 eval=22239
[15:36:47] fold4 ep 001 tr=0.3713 va=0.2361 val_AccPaper=0.9000
[15:36:48] fold4 ep 002 tr=0.2426 va=0.2179 val_AccPaper=0.9143
[15:36:50] fold4 ep 003 tr=0.2059 va=0.1909 val_AccPaper=0.9214
[15:36:51] fold4 ep 004 tr=0.1744 va=0.1873 val_AccPaper=0.9321
[15:36:53] fold4 ep 005 tr=0.1570 va=0.1800 val_AccPaper=0.9250
[15:36:54] fold4 ep 006 tr=0.1453 va=0.1736 val_AccPaper=0.9393
[15:36:56] fold4 ep 007 tr=0.1370 va=0.1788 val_AccPaper=0.9250
[15:36:57] fold4 ep 008 tr=0.1273 va=0.1740 val_AccPaper=0.9107
[15:36:59] fold4 ep 009 tr=0.1211 va=0.1689 val_AccPaper=0.9357
[15:37:00] fold4 ep 010 tr=0.1098 va=0.1685 val_AccPaper=0.9250
[15:37:01] fold4 ep 011 tr=0.1147 va=0.1649 val_AccPaper=0.9321
[15:37:03] fold4 ep 012 tr=0.1087 va=0.1812 val_AccPaper=0.9143
[15:37:04] fold4 ep 013 tr=0.1057 va=0.1739 val_AccPaper=0.9250
[15:37:06] fold4 ep 014 tr=0.0954 va=0.1819 val_AccPaper=0.9179
[15:37:07] fold4 ep 015 tr=0.0933 va=0.1679 val_AccPaper=0.9286
[15:37:09] fold4 ep 016 tr=0.0939 va=0.1925 val_AccPaper=0.9286
[15:37:10] fold4 ep 017 tr=0.0957 va=0.1656 val_AccPaper=0.9357
[15:37:11] fold4 ep 018 tr=0.0893 va=0.1843 val_AccPaper=0.9357
[15:37:13] fold4 ep 019 tr=0.0854 va=0.1761 val_AccPaper=0.9286
[15:37:14] fold4 ep 020 tr=0.0846 va=0.1673 val_AccPaper=0.9321
[15:37:16] fold4 ep 021 tr=0.0852 va=0.1661 val_AccPaper=0.9429
[15:37:17] fold4 ep 022 tr=0.0834 va=0.1688 val_AccPaper=0.9321
[15:37:19] fold4 ep 023 tr=0.0806 va=0.1738 val_AccPaper=0.9357
[15:37:20] fold4 ep 024 tr=0.0809 va=0.1778 val_AccPaper=0.9071
[15:37:21] fold4 ep 025 tr=0.0806 va=0.1726 val_AccPaper=0.9179
[15:37:23] fold4 ep 026 tr=0.0790 va=0.1786 val_AccPaper=0.9357
[15:37:24] fold4 ep 027 tr=0.0766 va=0.1812 val_AccPaper=0.9214
[15:37:26] fold4 ep 028 tr=0.0791 va=0.1669 val_AccPaper=0.9357
[15:37:27] fold4 ep 029 tr=0.0771 va=0.1732 val_AccPaper=0.9357
[15:37:29] fold4 ep 030 tr=0.0760 va=0.1602 val_AccPaper=0.9536
[15:37:30] fold4 ep 031 tr=0.0727 va=0.1706 val_AccPaper=0.9464
[15:37:31] fold4 ep 032 tr=0.0693 va=0.1769 val_AccPaper=0.9357
[15:37:33] fold4 ep 033 tr=0.0673 va=0.1833 val_AccPaper=0.9179
[15:37:34] fold4 ep 034 tr=0.0677 va=0.1823 val_AccPaper=0.9214
[15:37:36] fold4 ep 035 tr=0.0719 va=0.1957 val_AccPaper=0.9250
[15:37:37] fold4 ep 036 tr=0.0667 va=0.1894 val_AccPaper=0.9250
[15:37:39] fold4 ep 037 tr=0.0705 va=0.1923 val_AccPaper=0.9214
[15:37:40] fold4 ep 038 tr=0.0649 va=0.1776 val_AccPaper=0.9357
[15:37:42] fold4 ep 039 tr=0.0699 va=0.2111 val_AccPaper=0.9179
[15:37:43] fold4 ep 040 tr=0.0675 va=0.2043 val_AccPaper=0.9214
[15:37:44] fold4 ep 041 tr=0.0647 va=0.1813 val_AccPaper=0.9357
[15:37:46] fold4 ep 042 tr=0.0673 va=0.1981 val_AccPaper=0.9036
[15:37:47] fold4 ep 043 tr=0.0590 va=0.1883 val_AccPaper=0.9286
[15:37:49] fold4 ep 044 tr=0.0592 va=0.1971 val_AccPaper=0.9143
[15:37:50] fold4 ep 045 tr=0.0634 va=0.2012 val_AccPaper=0.9393
[15:37:52] fold4 ep 046 tr=0.0616 va=0.2102 val_AccPaper=0.9321
[15:37:53] fold4 ep 047 tr=0.0652 va=0.1989 val_AccPaper=0.9179
[15:37:55] fold4 ep 048 tr=0.0622 va=0.2247 val_AccPaper=0.9286
[15:37:56] fold4 ep 049 tr=0.0639 va=0.2139 val_AccPaper=0.9357
[15:37:57] fold4 ep 050 tr=0.0590 va=0.1898 val_AccPaper=0.9321
[15:37:57]   early stop @ ep 50
[15:38:00] [S1] three fold0 ft_tr=17798 ft_va=4408 eval=22239
[15:38:01] fold0 ep 001 tr=0.6245 va=0.4359 val_AccPaper=0.8607
[15:38:02] fold0 ep 002 tr=0.4349 va=0.3857 val_AccPaper=0.8607
[15:38:04] fold0 ep 003 tr=0.3602 va=0.3636 val_AccPaper=0.8857
[15:38:05] fold0 ep 004 tr=0.3185 va=0.3633 val_AccPaper=0.8607
[15:38:07] fold0 ep 005 tr=0.3027 va=0.3447 val_AccPaper=0.8679
[15:38:08] fold0 ep 006 tr=0.2771 va=0.3212 val_AccPaper=0.8964
[15:38:10] fold0 ep 007 tr=0.2678 va=0.3295 val_AccPaper=0.8893
[15:38:11] fold0 ep 008 tr=0.2446 va=0.3396 val_AccPaper=0.8821
[15:38:13] fold0 ep 009 tr=0.2349 va=0.3436 val_AccPaper=0.8857
[15:38:14] fold0 ep 010 tr=0.2245 va=0.3420 val_AccPaper=0.8821
[15:38:15] fold0 ep 011 tr=0.2231 va=0.3388 val_AccPaper=0.8821
[15:38:17] fold0 ep 012 tr=0.2193 va=0.3434 val_AccPaper=0.8857
[15:38:18] fold0 ep 013 tr=0.2105 va=0.3518 val_AccPaper=0.8857
[15:38:20] fold0 ep 014 tr=0.1981 va=0.3437 val_AccPaper=0.8786
[15:38:21] fold0 ep 015 tr=0.1982 va=0.3663 val_AccPaper=0.8714
[15:38:23] fold0 ep 016 tr=0.1909 va=0.3456 val_AccPaper=0.8929
[15:38:24] fold0 ep 017 tr=0.1829 va=0.3635 val_AccPaper=0.8857
[15:38:25] fold0 ep 018 tr=0.1773 va=0.3448 val_AccPaper=0.8929
[15:38:27] fold0 ep 019 tr=0.1704 va=0.3467 val_AccPaper=0.9000
[15:38:28] fold0 ep 020 tr=0.1724 va=0.3619 val_AccPaper=0.8786
[15:38:30] fold0 ep 021 tr=0.1675 va=0.3813 val_AccPaper=0.8893
[15:38:31] fold0 ep 022 tr=0.1648 va=0.3780 val_AccPaper=0.8821
[15:38:33] fold0 ep 023 tr=0.1674 va=0.3809 val_AccPaper=0.8714
[15:38:34] fold0 ep 024 tr=0.1592 va=0.3720 val_AccPaper=0.8821
[15:38:35] fold0 ep 025 tr=0.1591 va=0.3688 val_AccPaper=0.8857
[15:38:37] fold0 ep 026 tr=0.1539 va=0.3850 val_AccPaper=0.8893
[15:38:38] fold0 ep 027 tr=0.1565 va=0.3649 val_AccPaper=0.8821
[15:38:40] fold0 ep 028 tr=0.1552 va=0.3777 val_AccPaper=0.8893
[15:38:41] fold0 ep 029 tr=0.1509 va=0.3808 val_AccPaper=0.8821
[15:38:43] fold0 ep 030 tr=0.1580 va=0.3802 val_AccPaper=0.8964
[15:38:44] fold0 ep 031 tr=0.1493 va=0.3700 val_AccPaper=0.8821
[15:38:46] fold0 ep 032 tr=0.1423 va=0.3901 val_AccPaper=0.8821
[15:38:47] fold0 ep 033 tr=0.1440 va=0.3888 val_AccPaper=0.8750
[15:38:48] fold0 ep 034 tr=0.1378 va=0.4050 val_AccPaper=0.8786
[15:38:50] fold0 ep 035 tr=0.1386 va=0.4121 val_AccPaper=0.8679
[15:38:51] fold0 ep 036 tr=0.1396 va=0.4143 val_AccPaper=0.8571
[15:38:53] fold0 ep 037 tr=0.1464 va=0.3937 val_AccPaper=0.8857
[15:38:54] fold0 ep 038 tr=0.1308 va=0.3739 val_AccPaper=0.8893
[15:38:56] fold0 ep 039 tr=0.1315 va=0.4071 val_AccPaper=0.8857
[15:38:56]   early stop @ ep 39
[15:38:58] [S1] three fold1 ft_tr=17798 ft_va=4408 eval=22239
[15:38:59] fold1 ep 001 tr=0.6536 va=0.4806 val_AccPaper=0.8536
[15:39:01] fold1 ep 002 tr=0.4587 va=0.4027 val_AccPaper=0.8929
[15:39:02] fold1 ep 003 tr=0.3858 va=0.3693 val_AccPaper=0.8929
[15:39:04] fold1 ep 004 tr=0.3410 va=0.3625 val_AccPaper=0.8964
[15:39:05] fold1 ep 005 tr=0.3145 va=0.3474 val_AccPaper=0.8964
[15:39:07] fold1 ep 006 tr=0.2799 va=0.3682 val_AccPaper=0.8679
[15:39:08] fold1 ep 007 tr=0.2768 va=0.3622 val_AccPaper=0.8929
[15:39:09] fold1 ep 008 tr=0.2506 va=0.3507 val_AccPaper=0.8857
[15:39:11] fold1 ep 009 tr=0.2506 va=0.3591 val_AccPaper=0.8786
[15:39:12] fold1 ep 010 tr=0.2340 va=0.3597 val_AccPaper=0.8714
[15:39:14] fold1 ep 011 tr=0.2274 va=0.3731 val_AccPaper=0.8786
[15:39:15] fold1 ep 012 tr=0.2271 va=0.3825 val_AccPaper=0.8679
[15:39:17] fold1 ep 013 tr=0.2170 va=0.3540 val_AccPaper=0.8893
[15:39:18] fold1 ep 014 tr=0.2120 va=0.3711 val_AccPaper=0.8893
[15:39:20] fold1 ep 015 tr=0.2009 va=0.4073 val_AccPaper=0.8643
[15:39:21] fold1 ep 016 tr=0.1992 va=0.3808 val_AccPaper=0.8786
[15:39:23] fold1 ep 017 tr=0.2029 va=0.3709 val_AccPaper=0.8893
[15:39:24] fold1 ep 018 tr=0.1910 va=0.4010 val_AccPaper=0.8821
[15:39:25] fold1 ep 019 tr=0.1917 va=0.4016 val_AccPaper=0.8714
[15:39:27] fold1 ep 020 tr=0.1827 va=0.3877 val_AccPaper=0.8714
[15:39:28] fold1 ep 021 tr=0.1821 va=0.4236 val_AccPaper=0.8536
[15:39:30] fold1 ep 022 tr=0.1768 va=0.4000 val_AccPaper=0.8714
[15:39:31] fold1 ep 023 tr=0.1758 va=0.4027 val_AccPaper=0.8821
[15:39:33] fold1 ep 024 tr=0.1737 va=0.4065 val_AccPaper=0.8857
[15:39:33]   early stop @ ep 24
[15:39:35] [S1] three fold2 ft_tr=17798 ft_va=4408 eval=22239
[15:39:36] fold2 ep 001 tr=0.6475 va=0.4417 val_AccPaper=0.8607
[15:39:38] fold2 ep 002 tr=0.4480 va=0.3742 val_AccPaper=0.8857
[15:39:39] fold2 ep 003 tr=0.3670 va=0.3389 val_AccPaper=0.8964
[15:39:41] fold2 ep 004 tr=0.3264 va=0.3322 val_AccPaper=0.9036
[15:39:42] fold2 ep 005 tr=0.2971 va=0.3352 val_AccPaper=0.9036
[15:39:43] fold2 ep 006 tr=0.2793 va=0.3313 val_AccPaper=0.8929
[15:39:45] fold2 ep 007 tr=0.2671 va=0.3201 val_AccPaper=0.8964
[15:39:46] fold2 ep 008 tr=0.2574 va=0.3301 val_AccPaper=0.8857
[15:39:48] fold2 ep 009 tr=0.2447 va=0.3173 val_AccPaper=0.9000
[15:39:49] fold2 ep 010 tr=0.2349 va=0.3554 val_AccPaper=0.8929
[15:39:51] fold2 ep 011 tr=0.2260 va=0.3322 val_AccPaper=0.8893
[15:39:52] fold2 ep 012 tr=0.2120 va=0.3339 val_AccPaper=0.8893
[15:39:54] fold2 ep 013 tr=0.2162 va=0.3271 val_AccPaper=0.8786
[15:39:55] fold2 ep 014 tr=0.2089 va=0.3388 val_AccPaper=0.8714
[15:39:57] fold2 ep 015 tr=0.2019 va=0.3403 val_AccPaper=0.8857
[15:39:58] fold2 ep 016 tr=0.1967 va=0.3327 val_AccPaper=0.8857
[15:39:59] fold2 ep 017 tr=0.1919 va=0.3467 val_AccPaper=0.8786
[15:40:01] fold2 ep 018 tr=0.1867 va=0.3555 val_AccPaper=0.8821
[15:40:02] fold2 ep 019 tr=0.1858 va=0.3319 val_AccPaper=0.8857
[15:40:04] fold2 ep 020 tr=0.1865 va=0.3391 val_AccPaper=0.8786
[15:40:05] fold2 ep 021 tr=0.1776 va=0.3562 val_AccPaper=0.8929
[15:40:07] fold2 ep 022 tr=0.1721 va=0.3309 val_AccPaper=0.8893
[15:40:08] fold2 ep 023 tr=0.1684 va=0.3407 val_AccPaper=0.8929
[15:40:09] fold2 ep 024 tr=0.1676 va=0.3659 val_AccPaper=0.8964
[15:40:09]   early stop @ ep 24
[15:40:12] [S1] three fold3 ft_tr=17798 ft_va=4408 eval=22239
[15:40:13] fold3 ep 001 tr=0.6654 va=0.4703 val_AccPaper=0.8429
[15:40:15] fold3 ep 002 tr=0.4626 va=0.3970 val_AccPaper=0.8643
[15:40:16] fold3 ep 003 tr=0.4021 va=0.3614 val_AccPaper=0.8893
[15:40:17] fold3 ep 004 tr=0.3526 va=0.3563 val_AccPaper=0.9000
[15:40:19] fold3 ep 005 tr=0.3220 va=0.3678 val_AccPaper=0.8607
[15:40:20] fold3 ep 006 tr=0.3044 va=0.3493 val_AccPaper=0.8821
[15:40:22] fold3 ep 007 tr=0.2782 va=0.3327 val_AccPaper=0.9000
[15:40:23] fold3 ep 008 tr=0.2611 va=0.3302 val_AccPaper=0.8964
[15:40:25] fold3 ep 009 tr=0.2521 va=0.3294 val_AccPaper=0.8857
[15:40:26] fold3 ep 010 tr=0.2480 va=0.3356 val_AccPaper=0.8964
[15:40:27] fold3 ep 011 tr=0.2293 va=0.3369 val_AccPaper=0.9000
[15:40:29] fold3 ep 012 tr=0.2298 va=0.3242 val_AccPaper=0.8964
[15:40:30] fold3 ep 013 tr=0.2252 va=0.3339 val_AccPaper=0.8893
[15:40:32] fold3 ep 014 tr=0.2149 va=0.3697 val_AccPaper=0.8821
[15:40:33] fold3 ep 015 tr=0.2156 va=0.3412 val_AccPaper=0.9071
[15:40:35] fold3 ep 016 tr=0.2024 va=0.3261 val_AccPaper=0.9000
[15:40:36] fold3 ep 017 tr=0.2028 va=0.3524 val_AccPaper=0.9000
[15:40:38] fold3 ep 018 tr=0.1941 va=0.3497 val_AccPaper=0.9036
[15:40:39] fold3 ep 019 tr=0.1894 va=0.3397 val_AccPaper=0.9071
[15:40:40] fold3 ep 020 tr=0.1843 va=0.3444 val_AccPaper=0.9000
[15:40:42] fold3 ep 021 tr=0.1875 va=0.3451 val_AccPaper=0.8964
[15:40:43] fold3 ep 022 tr=0.1887 va=0.3496 val_AccPaper=0.8929
[15:40:45] fold3 ep 023 tr=0.1792 va=0.3472 val_AccPaper=0.9000
[15:40:46] fold3 ep 024 tr=0.1769 va=0.3763 val_AccPaper=0.8893
[15:40:48] fold3 ep 025 tr=0.1728 va=0.3733 val_AccPaper=0.9071
[15:40:49] fold3 ep 026 tr=0.1693 va=0.3543 val_AccPaper=0.9000
[15:40:50] fold3 ep 027 tr=0.1693 va=0.3454 val_AccPaper=0.9071
[15:40:52] fold3 ep 028 tr=0.1618 va=0.3766 val_AccPaper=0.9071
[15:40:53] fold3 ep 029 tr=0.1703 va=0.3722 val_AccPaper=0.8929
[15:40:55] fold3 ep 030 tr=0.1642 va=0.3752 val_AccPaper=0.8929
[15:40:56] fold3 ep 031 tr=0.1553 va=0.3785 val_AccPaper=0.8929
[15:40:58] fold3 ep 032 tr=0.1587 va=0.3566 val_AccPaper=0.8893
[15:40:59] fold3 ep 033 tr=0.1619 va=0.3860 val_AccPaper=0.8857
[15:41:00] fold3 ep 034 tr=0.1612 va=0.3639 val_AccPaper=0.8964
[15:41:02] fold3 ep 035 tr=0.1518 va=0.3717 val_AccPaper=0.8929
[15:41:02]   early stop @ ep 35
[15:41:04] [S1] three fold4 ft_tr=17798 ft_va=4408 eval=22239
[15:41:06] fold4 ep 001 tr=0.6490 va=0.4640 val_AccPaper=0.8393
[15:41:07] fold4 ep 002 tr=0.4627 va=0.3857 val_AccPaper=0.9000
[15:41:08] fold4 ep 003 tr=0.3807 va=0.3538 val_AccPaper=0.8893
[15:41:10] fold4 ep 004 tr=0.3389 va=0.3413 val_AccPaper=0.8964
[15:41:11] fold4 ep 005 tr=0.2980 va=0.3255 val_AccPaper=0.8929
[15:41:13] fold4 ep 006 tr=0.2811 va=0.3306 val_AccPaper=0.8893
[15:41:14] fold4 ep 007 tr=0.2669 va=0.3347 val_AccPaper=0.9000
[15:41:16] fold4 ep 008 tr=0.2443 va=0.3157 val_AccPaper=0.8929
[15:41:17] fold4 ep 009 tr=0.2338 va=0.3219 val_AccPaper=0.8929
[15:41:18] fold4 ep 010 tr=0.2237 va=0.3213 val_AccPaper=0.9000
[15:41:20] fold4 ep 011 tr=0.2126 va=0.3292 val_AccPaper=0.8964
[15:41:21] fold4 ep 012 tr=0.2109 va=0.3139 val_AccPaper=0.8929
[15:41:23] fold4 ep 013 tr=0.1994 va=0.3236 val_AccPaper=0.8893
[15:41:24] fold4 ep 014 tr=0.1965 va=0.3450 val_AccPaper=0.8714
[15:41:26] fold4 ep 015 tr=0.1944 va=0.3274 val_AccPaper=0.9000
[15:41:27] fold4 ep 016 tr=0.1826 va=0.3220 val_AccPaper=0.8893
[15:41:29] fold4 ep 017 tr=0.1836 va=0.3455 val_AccPaper=0.8893
[15:41:30] fold4 ep 018 tr=0.1785 va=0.3198 val_AccPaper=0.8893
[15:41:31] fold4 ep 019 tr=0.1731 va=0.3230 val_AccPaper=0.9036
[15:41:33] fold4 ep 020 tr=0.1624 va=0.3395 val_AccPaper=0.8893
[15:41:35] fold4 ep 021 tr=0.1694 va=0.3308 val_AccPaper=0.8893
[15:41:36] fold4 ep 022 tr=0.1731 va=0.3465 val_AccPaper=0.8857
[15:41:38] fold4 ep 023 tr=0.1587 va=0.3372 val_AccPaper=0.8929
[15:41:39] fold4 ep 024 tr=0.1574 va=0.3597 val_AccPaper=0.8893
[15:41:41] fold4 ep 025 tr=0.1553 va=0.3464 val_AccPaper=0.9071
[15:41:42] fold4 ep 026 tr=0.1599 va=0.3287 val_AccPaper=0.9071
[15:41:44] fold4 ep 027 tr=0.1489 va=0.3256 val_AccPaper=0.9000
[15:41:45] fold4 ep 028 tr=0.1557 va=0.3482 val_AccPaper=0.8964
[15:41:47] fold4 ep 029 tr=0.1561 va=0.3477 val_AccPaper=0.8929
[15:41:48] fold4 ep 030 tr=0.1500 va=0.3341 val_AccPaper=0.9107
[15:41:50] fold4 ep 031 tr=0.1472 va=0.3451 val_AccPaper=0.8929
[15:41:51] fold4 ep 032 tr=0.1483 va=0.3548 val_AccPaper=0.9036
[15:41:53] fold4 ep 033 tr=0.1452 va=0.3559 val_AccPaper=0.8857
[15:41:54] fold4 ep 034 tr=0.1470 va=0.3539 val_AccPaper=0.8893
[15:41:56] fold4 ep 035 tr=0.1403 va=0.3406 val_AccPaper=0.8929
[15:41:58] fold4 ep 036 tr=0.1392 va=0.3485 val_AccPaper=0.8893
[15:41:59] fold4 ep 037 tr=0.1426 va=0.3572 val_AccPaper=0.8893
[15:42:01] fold4 ep 038 tr=0.1329 va=0.3638 val_AccPaper=0.9000
[15:42:02] fold4 ep 039 tr=0.1344 va=0.3851 val_AccPaper=0.8821
[15:42:04] fold4 ep 040 tr=0.1362 va=0.3840 val_AccPaper=0.8821
[15:42:05] fold4 ep 041 tr=0.1289 va=0.3572 val_AccPaper=0.8786
[15:42:07] fold4 ep 042 tr=0.1323 va=0.3693 val_AccPaper=0.9071
[15:42:08] fold4 ep 043 tr=0.1355 va=0.3743 val_AccPaper=0.8786
[15:42:10] fold4 ep 044 tr=0.1332 va=0.3774 val_AccPaper=0.9000
[15:42:11] fold4 ep 045 tr=0.1263 va=0.4007 val_AccPaper=0.8714
[15:42:13] fold4 ep 046 tr=0.1347 va=0.3619 val_AccPaper=0.8893
[15:42:14] fold4 ep 047 tr=0.1337 va=0.3784 val_AccPaper=0.8893
[15:42:16] fold4 ep 048 tr=0.1236 va=0.3814 val_AccPaper=0.8893
[15:42:17] fold4 ep 049 tr=0.1278 va=0.3892 val_AccPaper=0.8964
[15:42:19] fold4 ep 050 tr=0.1204 va=0.4021 val_AccPaper=0.8714
[15:42:19]   early stop @ ep 50
[15:42:23] === S10 cues=1748 train=874 eval=874 ===
[15:42:25] [S10] task fold0 ft_tr=24443 ft_va=6167 eval=31286
[15:42:27] fold0 ep 001 tr=0.5833 va=0.5565 val_AccPaper=0.7514
[15:42:29] fold0 ep 002 tr=0.4722 va=0.5444 val_AccPaper=0.7600
[15:42:31] fold0 ep 003 tr=0.4457 va=0.5648 val_AccPaper=0.7429
[15:42:33] fold0 ep 004 tr=0.4160 va=0.6214 val_AccPaper=0.7286
[15:42:35] fold0 ep 005 tr=0.3948 va=0.5673 val_AccPaper=0.7686
[15:42:37] fold0 ep 006 tr=0.3833 va=0.5228 val_AccPaper=0.7657
[15:42:39] fold0 ep 007 tr=0.3676 va=0.5730 val_AccPaper=0.7857
[15:42:41] fold0 ep 008 tr=0.3642 va=0.5502 val_AccPaper=0.7829
[15:42:43] fold0 ep 009 tr=0.3568 va=0.5585 val_AccPaper=0.7686
[15:42:45] fold0 ep 010 tr=0.3450 va=0.5652 val_AccPaper=0.7829
[15:42:47] fold0 ep 011 tr=0.3444 va=0.6103 val_AccPaper=0.7743
[15:42:49] fold0 ep 012 tr=0.3396 va=0.5719 val_AccPaper=0.7714
[15:42:51] fold0 ep 013 tr=0.3365 va=0.5651 val_AccPaper=0.7657
[15:42:53] fold0 ep 014 tr=0.3285 va=0.5567 val_AccPaper=0.7600
[15:42:55] fold0 ep 015 tr=0.3247 va=0.6127 val_AccPaper=0.7457
[15:42:57] fold0 ep 016 tr=0.3191 va=0.5969 val_AccPaper=0.7657
[15:42:59] fold0 ep 017 tr=0.3159 va=0.6270 val_AccPaper=0.7629
[15:43:01] fold0 ep 018 tr=0.3062 va=0.6075 val_AccPaper=0.7571
[15:43:03] fold0 ep 019 tr=0.3142 va=0.5572 val_AccPaper=0.7657
[15:43:05] fold0 ep 020 tr=0.3051 va=0.6113 val_AccPaper=0.7686
[15:43:07] fold0 ep 021 tr=0.3065 va=0.5876 val_AccPaper=0.7571
[15:43:09] fold0 ep 022 tr=0.3044 va=0.6134 val_AccPaper=0.7571
[15:43:11] fold0 ep 023 tr=0.2938 va=0.6701 val_AccPaper=0.7571
[15:43:13] fold0 ep 024 tr=0.3018 va=0.6278 val_AccPaper=0.7543
[15:43:15] fold0 ep 025 tr=0.2913 va=0.7050 val_AccPaper=0.7514
[15:43:17] fold0 ep 026 tr=0.2948 va=0.5951 val_AccPaper=0.7429
[15:43:19] fold0 ep 027 tr=0.2960 va=0.6044 val_AccPaper=0.7371
[15:43:19]   early stop @ ep 27
[15:43:22] [S10] task fold1 ft_tr=24443 ft_va=6167 eval=31286
[15:43:24] fold1 ep 001 tr=0.5712 va=0.5744 val_AccPaper=0.7314
[15:43:26] fold1 ep 002 tr=0.4708 va=0.5607 val_AccPaper=0.7371
[15:43:28] fold1 ep 003 tr=0.4391 va=0.6210 val_AccPaper=0.7457
[15:43:30] fold1 ep 004 tr=0.4080 va=0.5295 val_AccPaper=0.7600
[15:43:32] fold1 ep 005 tr=0.3975 va=0.6137 val_AccPaper=0.7314
[15:43:34] fold1 ep 006 tr=0.3795 va=0.5642 val_AccPaper=0.7571
[15:43:36] fold1 ep 007 tr=0.3715 va=0.6186 val_AccPaper=0.7371
[15:43:38] fold1 ep 008 tr=0.3706 va=0.5862 val_AccPaper=0.7543
[15:43:40] fold1 ep 009 tr=0.3535 va=0.6359 val_AccPaper=0.7314
[15:43:42] fold1 ep 010 tr=0.3439 va=0.6017 val_AccPaper=0.7343
[15:43:44] fold1 ep 011 tr=0.3474 va=0.5972 val_AccPaper=0.7429
[15:43:46] fold1 ep 012 tr=0.3401 va=0.5941 val_AccPaper=0.7314
[15:43:48] fold1 ep 013 tr=0.3319 va=0.6361 val_AccPaper=0.7229
[15:43:50] fold1 ep 014 tr=0.3318 va=0.6270 val_AccPaper=0.7314
[15:43:52] fold1 ep 015 tr=0.3237 va=0.5959 val_AccPaper=0.7400
[15:43:54] fold1 ep 016 tr=0.3235 va=0.6217 val_AccPaper=0.7343
[15:43:56] fold1 ep 017 tr=0.3191 va=0.6067 val_AccPaper=0.7400
[15:43:58] fold1 ep 018 tr=0.3205 va=0.7158 val_AccPaper=0.7543
[15:44:00] fold1 ep 019 tr=0.3152 va=0.6179 val_AccPaper=0.7343
[15:44:02] fold1 ep 020 tr=0.3116 va=0.7242 val_AccPaper=0.7286
[15:44:04] fold1 ep 021 tr=0.3047 va=0.6002 val_AccPaper=0.7514
[15:44:06] fold1 ep 022 tr=0.3082 va=0.6281 val_AccPaper=0.7400
[15:44:08] fold1 ep 023 tr=0.2992 va=0.6121 val_AccPaper=0.7514
[15:44:09] fold1 ep 024 tr=0.2994 va=0.6506 val_AccPaper=0.7286
[15:44:09]   early stop @ ep 24
[15:44:13] [S10] task fold2 ft_tr=24443 ft_va=6167 eval=31286
[15:44:15] fold2 ep 001 tr=0.5940 va=0.6116 val_AccPaper=0.7257
[15:44:17] fold2 ep 002 tr=0.4752 va=0.5717 val_AccPaper=0.7343
[15:44:19] fold2 ep 003 tr=0.4375 va=0.5759 val_AccPaper=0.7429
[15:44:21] fold2 ep 004 tr=0.4111 va=0.5508 val_AccPaper=0.7543
[15:44:23] fold2 ep 005 tr=0.3946 va=0.6060 val_AccPaper=0.7286
[15:44:25] fold2 ep 006 tr=0.3835 va=0.5849 val_AccPaper=0.7314
[15:44:27] fold2 ep 007 tr=0.3773 va=0.6068 val_AccPaper=0.7343
[15:44:29] fold2 ep 008 tr=0.3665 va=0.6360 val_AccPaper=0.7600
[15:44:31] fold2 ep 009 tr=0.3467 va=0.6301 val_AccPaper=0.7257
[15:44:33] fold2 ep 010 tr=0.3432 va=0.5912 val_AccPaper=0.7457
[15:44:35] fold2 ep 011 tr=0.3386 va=0.6455 val_AccPaper=0.7086
[15:44:37] fold2 ep 012 tr=0.3373 va=0.6585 val_AccPaper=0.7343
[15:44:39] fold2 ep 013 tr=0.3301 va=0.5931 val_AccPaper=0.7229
[15:44:41] fold2 ep 014 tr=0.3331 va=0.5742 val_AccPaper=0.7314
[15:44:43] fold2 ep 015 tr=0.3241 va=0.6044 val_AccPaper=0.7343
[15:44:45] fold2 ep 016 tr=0.3227 va=0.5907 val_AccPaper=0.7286
[15:44:47] fold2 ep 017 tr=0.3123 va=0.6630 val_AccPaper=0.7057
[15:44:48] fold2 ep 018 tr=0.3110 va=0.5925 val_AccPaper=0.7286
[15:44:50] fold2 ep 019 tr=0.3098 va=0.6084 val_AccPaper=0.7286
[15:44:52] fold2 ep 020 tr=0.3088 va=0.6351 val_AccPaper=0.7286
[15:44:54] fold2 ep 021 tr=0.3106 va=0.6360 val_AccPaper=0.7400
[15:44:56] fold2 ep 022 tr=0.3114 va=0.6178 val_AccPaper=0.7400
[15:44:58] fold2 ep 023 tr=0.3052 va=0.6222 val_AccPaper=0.7200
[15:45:00] fold2 ep 024 tr=0.3041 va=0.5915 val_AccPaper=0.7171
[15:45:02] fold2 ep 025 tr=0.3014 va=0.6600 val_AccPaper=0.7257
[15:45:04] fold2 ep 026 tr=0.2966 va=0.5917 val_AccPaper=0.7229
[15:45:06] fold2 ep 027 tr=0.2974 va=0.6459 val_AccPaper=0.7429
[15:45:08] fold2 ep 028 tr=0.2917 va=0.6595 val_AccPaper=0.7114
[15:45:08]   early stop @ ep 28
[15:45:11] [S10] task fold3 ft_tr=24443 ft_va=6167 eval=31286
[15:45:13] fold3 ep 001 tr=0.5834 va=0.5625 val_AccPaper=0.7514
[15:45:15] fold3 ep 002 tr=0.4670 va=0.5757 val_AccPaper=0.7400
[15:45:17] fold3 ep 003 tr=0.4314 va=0.5367 val_AccPaper=0.7314
[15:45:19] fold3 ep 004 tr=0.4143 va=0.5941 val_AccPaper=0.7257
[15:45:21] fold3 ep 005 tr=0.3984 va=0.5972 val_AccPaper=0.7286
[15:45:23] fold3 ep 006 tr=0.3807 va=0.6087 val_AccPaper=0.7371
[15:45:25] fold3 ep 007 tr=0.3777 va=0.5952 val_AccPaper=0.7286
[15:45:27] fold3 ep 008 tr=0.3655 va=0.5978 val_AccPaper=0.7343
[15:45:29] fold3 ep 009 tr=0.3580 va=0.5473 val_AccPaper=0.7486
[15:45:31] fold3 ep 010 tr=0.3587 va=0.5469 val_AccPaper=0.7457
[15:45:33] fold3 ep 011 tr=0.3432 va=0.5594 val_AccPaper=0.7343
[15:45:35] fold3 ep 012 tr=0.3384 va=0.6131 val_AccPaper=0.7543
[15:45:37] fold3 ep 013 tr=0.3315 va=0.5998 val_AccPaper=0.7457
[15:45:39] fold3 ep 014 tr=0.3250 va=0.6220 val_AccPaper=0.7371
[15:45:41] fold3 ep 015 tr=0.3350 va=0.6581 val_AccPaper=0.7400
[15:45:43] fold3 ep 016 tr=0.3263 va=0.5567 val_AccPaper=0.7371
[15:45:45] fold3 ep 017 tr=0.3267 va=0.5944 val_AccPaper=0.7543
[15:45:47] fold3 ep 018 tr=0.3161 va=0.5956 val_AccPaper=0.7514
[15:45:49] fold3 ep 019 tr=0.3157 va=0.6076 val_AccPaper=0.7400
[15:45:51] fold3 ep 020 tr=0.3155 va=0.5845 val_AccPaper=0.7629
[15:45:53] fold3 ep 021 tr=0.3127 va=0.5904 val_AccPaper=0.7600
[15:45:55] fold3 ep 022 tr=0.3099 va=0.6547 val_AccPaper=0.7286
[15:45:57] fold3 ep 023 tr=0.3066 va=0.6056 val_AccPaper=0.7543
[15:45:59] fold3 ep 024 tr=0.3050 va=0.6047 val_AccPaper=0.7314
[15:46:01] fold3 ep 025 tr=0.2970 va=0.5955 val_AccPaper=0.7343
[15:46:03] fold3 ep 026 tr=0.2999 va=0.6238 val_AccPaper=0.7486
[15:46:05] fold3 ep 027 tr=0.2963 va=0.6239 val_AccPaper=0.7400
[15:46:07] fold3 ep 028 tr=0.3042 va=0.6539 val_AccPaper=0.7457
[15:46:09] fold3 ep 029 tr=0.2921 va=0.6416 val_AccPaper=0.7257
[15:46:11] fold3 ep 030 tr=0.2936 va=0.6054 val_AccPaper=0.7314
[15:46:13] fold3 ep 031 tr=0.2862 va=0.6207 val_AccPaper=0.7371
[15:46:15] fold3 ep 032 tr=0.2899 va=0.6620 val_AccPaper=0.7314
[15:46:16] fold3 ep 033 tr=0.2829 va=0.6494 val_AccPaper=0.7400
[15:46:18] fold3 ep 034 tr=0.2856 va=0.6490 val_AccPaper=0.7286
[15:46:20] fold3 ep 035 tr=0.2904 va=0.6383 val_AccPaper=0.7400
[15:46:22] fold3 ep 036 tr=0.2896 va=0.6545 val_AccPaper=0.7286
[15:46:24] fold3 ep 037 tr=0.2896 va=0.6443 val_AccPaper=0.7343
[15:46:26] fold3 ep 038 tr=0.2823 va=0.6312 val_AccPaper=0.7257
[15:46:28] fold3 ep 039 tr=0.2887 va=0.6796 val_AccPaper=0.7343
[15:46:30] fold3 ep 040 tr=0.2776 va=0.6952 val_AccPaper=0.7257
[15:46:30]   early stop @ ep 40
[15:46:34] [S10] task fold4 ft_tr=24443 ft_va=6167 eval=31286
[15:46:36] fold4 ep 001 tr=0.6013 va=0.5799 val_AccPaper=0.7371
[15:46:38] fold4 ep 002 tr=0.4781 va=0.5213 val_AccPaper=0.7486
[15:46:40] fold4 ep 003 tr=0.4388 va=0.5251 val_AccPaper=0.7371
[15:46:42] fold4 ep 004 tr=0.4216 va=0.5848 val_AccPaper=0.7571
[15:46:44] fold4 ep 005 tr=0.4022 va=0.5478 val_AccPaper=0.7457
[15:46:46] fold4 ep 006 tr=0.3838 va=0.5976 val_AccPaper=0.7571
[15:46:48] fold4 ep 007 tr=0.3760 va=0.5624 val_AccPaper=0.7486
[15:46:50] fold4 ep 008 tr=0.3644 va=0.5867 val_AccPaper=0.7571
[15:46:52] fold4 ep 009 tr=0.3612 va=0.5727 val_AccPaper=0.7400
[15:46:53] fold4 ep 010 tr=0.3571 va=0.6109 val_AccPaper=0.7629
[15:46:55] fold4 ep 011 tr=0.3447 va=0.6451 val_AccPaper=0.7429
[15:46:57] fold4 ep 012 tr=0.3370 va=0.5845 val_AccPaper=0.7371
[15:46:59] fold4 ep 013 tr=0.3360 va=0.5968 val_AccPaper=0.7457
[15:47:01] fold4 ep 014 tr=0.3313 va=0.6308 val_AccPaper=0.7114
[15:47:03] fold4 ep 015 tr=0.3217 va=0.6259 val_AccPaper=0.7400
[15:47:05] fold4 ep 016 tr=0.3266 va=0.5971 val_AccPaper=0.7229
[15:47:07] fold4 ep 017 tr=0.3197 va=0.6285 val_AccPaper=0.7114
[15:47:09] fold4 ep 018 tr=0.3162 va=0.6588 val_AccPaper=0.7343
[15:47:11] fold4 ep 019 tr=0.3077 va=0.6319 val_AccPaper=0.7257
[15:47:13] fold4 ep 020 tr=0.3089 va=0.6147 val_AccPaper=0.7171
[15:47:15] fold4 ep 021 tr=0.3063 va=0.6028 val_AccPaper=0.7371
[15:47:17] fold4 ep 022 tr=0.3080 va=0.6208 val_AccPaper=0.7229
[15:47:19] fold4 ep 023 tr=0.3036 va=0.6037 val_AccPaper=0.7200
[15:47:21] fold4 ep 024 tr=0.2996 va=0.6380 val_AccPaper=0.7057
[15:47:23] fold4 ep 025 tr=0.2956 va=0.6398 val_AccPaper=0.7229
[15:47:25] fold4 ep 026 tr=0.2904 va=0.7078 val_AccPaper=0.7171
[15:47:27] fold4 ep 027 tr=0.2904 va=0.6679 val_AccPaper=0.7114
[15:47:29] fold4 ep 028 tr=0.2930 va=0.6216 val_AccPaper=0.7229
[15:47:31] fold4 ep 029 tr=0.2881 va=0.6319 val_AccPaper=0.7257
[15:47:33] fold4 ep 030 tr=0.2855 va=0.6470 val_AccPaper=0.7057
[15:47:33]   early stop @ ep 30
[15:47:36] [S10] three fold0 ft_tr=24443 ft_va=6167 eval=31286
[15:47:38] fold0 ep 001 tr=0.9909 va=1.0098 val_AccPaper=0.5371
[15:47:40] fold0 ep 002 tr=0.8349 va=0.9833 val_AccPaper=0.5486
[15:47:43] fold0 ep 003 tr=0.7748 va=0.9843 val_AccPaper=0.5771
[15:47:45] fold0 ep 004 tr=0.7404 va=0.9921 val_AccPaper=0.5600
[15:47:47] fold0 ep 005 tr=0.7204 va=1.0253 val_AccPaper=0.5800
[15:47:49] fold0 ep 006 tr=0.6865 va=1.0130 val_AccPaper=0.5600
[15:47:51] fold0 ep 007 tr=0.6687 va=1.0753 val_AccPaper=0.5571
[15:47:53] fold0 ep 008 tr=0.6497 va=1.0399 val_AccPaper=0.5429
[15:47:55] fold0 ep 009 tr=0.6436 va=1.0652 val_AccPaper=0.5743
[15:47:58] fold0 ep 010 tr=0.6337 va=1.0700 val_AccPaper=0.5771
[15:48:00] fold0 ep 011 tr=0.6250 va=1.0644 val_AccPaper=0.5571
[15:48:02] fold0 ep 012 tr=0.6162 va=1.1034 val_AccPaper=0.5543
[15:48:04] fold0 ep 013 tr=0.6047 va=1.0985 val_AccPaper=0.5743
[15:48:06] fold0 ep 014 tr=0.5942 va=1.1073 val_AccPaper=0.5429
[15:48:08] fold0 ep 015 tr=0.5960 va=1.0946 val_AccPaper=0.5629
[15:48:10] fold0 ep 016 tr=0.5853 va=1.1659 val_AccPaper=0.5629
[15:48:12] fold0 ep 017 tr=0.5869 va=1.1398 val_AccPaper=0.5771
[15:48:14] fold0 ep 018 tr=0.5733 va=1.1369 val_AccPaper=0.5657
[15:48:16] fold0 ep 019 tr=0.5787 va=1.1310 val_AccPaper=0.5714
[15:48:19] fold0 ep 020 tr=0.5654 va=1.1539 val_AccPaper=0.5571
[15:48:21] fold0 ep 021 tr=0.5697 va=1.1757 val_AccPaper=0.5657
[15:48:23] fold0 ep 022 tr=0.5630 va=1.1837 val_AccPaper=0.5943
[15:48:25] fold0 ep 023 tr=0.5637 va=1.1629 val_AccPaper=0.5743
[15:48:27] fold0 ep 024 tr=0.5499 va=1.1514 val_AccPaper=0.5457
[15:48:29] fold0 ep 025 tr=0.5549 va=1.1787 val_AccPaper=0.5429
[15:48:31] fold0 ep 026 tr=0.5511 va=1.1813 val_AccPaper=0.5486
[15:48:33] fold0 ep 027 tr=0.5505 va=1.1943 val_AccPaper=0.5543
[15:48:35] fold0 ep 028 tr=0.5469 va=1.1725 val_AccPaper=0.5571
[15:48:37] fold0 ep 029 tr=0.5353 va=1.2384 val_AccPaper=0.5486
[15:48:39] fold0 ep 030 tr=0.5394 va=1.2090 val_AccPaper=0.5657
[15:48:41] fold0 ep 031 tr=0.5396 va=1.1821 val_AccPaper=0.5600
[15:48:43] fold0 ep 032 tr=0.5368 va=1.1688 val_AccPaper=0.5629
[15:48:45] fold0 ep 033 tr=0.5338 va=1.1807 val_AccPaper=0.5600
[15:48:47] fold0 ep 034 tr=0.5301 va=1.2119 val_AccPaper=0.5686
[15:48:49] fold0 ep 035 tr=0.5356 va=1.2224 val_AccPaper=0.5743
[15:48:51] fold0 ep 036 tr=0.5234 va=1.2173 val_AccPaper=0.5486
[15:48:53] fold0 ep 037 tr=0.5292 va=1.1973 val_AccPaper=0.5543
[15:48:55] fold0 ep 038 tr=0.5266 va=1.2220 val_AccPaper=0.5686
[15:48:57] fold0 ep 039 tr=0.5289 va=1.2165 val_AccPaper=0.5486
[15:48:59] fold0 ep 040 tr=0.5268 va=1.2244 val_AccPaper=0.5514
[15:49:01] fold0 ep 041 tr=0.5242 va=1.2016 val_AccPaper=0.5314
[15:49:03] fold0 ep 042 tr=0.5229 va=1.2516 val_AccPaper=0.5743
[15:49:03]   early stop @ ep 42
[15:49:06] [S10] three fold1 ft_tr=24443 ft_va=6167 eval=31286
[15:49:08] fold1 ep 001 tr=0.9740 va=0.9880 val_AccPaper=0.5114
[15:49:10] fold1 ep 002 tr=0.8479 va=0.9942 val_AccPaper=0.5600
[15:49:12] fold1 ep 003 tr=0.7966 va=1.0294 val_AccPaper=0.5714
[15:49:14] fold1 ep 004 tr=0.7594 va=1.0022 val_AccPaper=0.5543
[15:49:16] fold1 ep 005 tr=0.7216 va=1.0378 val_AccPaper=0.5514
[15:49:18] fold1 ep 006 tr=0.7093 va=1.0375 val_AccPaper=0.5171
[15:49:20] fold1 ep 007 tr=0.6930 va=1.0377 val_AccPaper=0.5314
[15:49:22] fold1 ep 008 tr=0.6815 va=1.0961 val_AccPaper=0.5343
[15:49:24] fold1 ep 009 tr=0.6564 va=1.0894 val_AccPaper=0.5429
[15:49:26] fold1 ep 010 tr=0.6560 va=1.0682 val_AccPaper=0.5571
[15:49:28] fold1 ep 011 tr=0.6457 va=1.1012 val_AccPaper=0.5371
[15:49:30] fold1 ep 012 tr=0.6329 va=1.1133 val_AccPaper=0.5486
[15:49:32] fold1 ep 013 tr=0.6308 va=1.0718 val_AccPaper=0.5257
[15:49:34] fold1 ep 014 tr=0.6186 va=1.1585 val_AccPaper=0.5457
[15:49:36] fold1 ep 015 tr=0.6109 va=1.1060 val_AccPaper=0.5429
[15:49:38] fold1 ep 016 tr=0.6116 va=1.1059 val_AccPaper=0.5571
[15:49:40] fold1 ep 017 tr=0.6068 va=1.1050 val_AccPaper=0.5400
[15:49:42] fold1 ep 018 tr=0.6065 va=1.1447 val_AccPaper=0.5686
[15:49:44] fold1 ep 019 tr=0.5907 va=1.1622 val_AccPaper=0.5657
[15:49:46] fold1 ep 020 tr=0.5834 va=1.1264 val_AccPaper=0.5457
[15:49:48] fold1 ep 021 tr=0.5883 va=1.2212 val_AccPaper=0.5343
[15:49:50] fold1 ep 022 tr=0.5770 va=1.1299 val_AccPaper=0.5714
[15:49:51] fold1 ep 023 tr=0.5799 va=1.1650 val_AccPaper=0.5371
[15:49:51]   early stop @ ep 23
[15:49:55] [S10] three fold2 ft_tr=24443 ft_va=6167 eval=31286
[15:49:57] fold2 ep 001 tr=0.9784 va=0.9881 val_AccPaper=0.5343
[15:49:59] fold2 ep 002 tr=0.8330 va=1.0115 val_AccPaper=0.5314
[15:50:01] fold2 ep 003 tr=0.7785 va=0.9914 val_AccPaper=0.5286
[15:50:03] fold2 ep 004 tr=0.7400 va=1.0019 val_AccPaper=0.5286
[15:50:05] fold2 ep 005 tr=0.7197 va=1.0036 val_AccPaper=0.5600
[15:50:07] fold2 ep 006 tr=0.7057 va=1.0184 val_AccPaper=0.5257
[15:50:09] fold2 ep 007 tr=0.6800 va=1.0555 val_AccPaper=0.5571
[15:50:11] fold2 ep 008 tr=0.6669 va=1.0361 val_AccPaper=0.5514
[15:50:13] fold2 ep 009 tr=0.6475 va=1.0676 val_AccPaper=0.5400
[15:50:15] fold2 ep 010 tr=0.6511 va=1.0616 val_AccPaper=0.5457
[15:50:16] fold2 ep 011 tr=0.6309 va=1.0768 val_AccPaper=0.5514
[15:50:18] fold2 ep 012 tr=0.6191 va=1.0887 val_AccPaper=0.5343
[15:50:20] fold2 ep 013 tr=0.6088 va=1.1000 val_AccPaper=0.5343
[15:50:22] fold2 ep 014 tr=0.6059 va=1.0906 val_AccPaper=0.5486
[15:50:24] fold2 ep 015 tr=0.5976 va=1.1112 val_AccPaper=0.5400
[15:50:26] fold2 ep 016 tr=0.5947 va=1.1604 val_AccPaper=0.5543
[15:50:28] fold2 ep 017 tr=0.5903 va=1.1485 val_AccPaper=0.5257
[15:50:30] fold2 ep 018 tr=0.5872 va=1.1252 val_AccPaper=0.5571
[15:50:32] fold2 ep 019 tr=0.5835 va=1.1273 val_AccPaper=0.5600
[15:50:34] fold2 ep 020 tr=0.5813 va=1.1420 val_AccPaper=0.5400
[15:50:36] fold2 ep 021 tr=0.5794 va=1.1838 val_AccPaper=0.5229
[15:50:38] fold2 ep 022 tr=0.5685 va=1.1499 val_AccPaper=0.5486
[15:50:40] fold2 ep 023 tr=0.5728 va=1.1581 val_AccPaper=0.5486
[15:50:42] fold2 ep 024 tr=0.5670 va=1.1598 val_AccPaper=0.5457
[15:50:44] fold2 ep 025 tr=0.5607 va=1.1993 val_AccPaper=0.5429
[15:50:44]   early stop @ ep 25
[15:50:47] [S10] three fold3 ft_tr=24443 ft_va=6167 eval=31286
[15:50:49] fold3 ep 001 tr=0.9618 va=0.9807 val_AccPaper=0.5600
[15:50:51] fold3 ep 002 tr=0.8356 va=0.9658 val_AccPaper=0.5457
[15:50:53] fold3 ep 003 tr=0.7818 va=0.9888 val_AccPaper=0.5629
[15:50:55] fold3 ep 004 tr=0.7509 va=0.9878 val_AccPaper=0.5371
[15:50:57] fold3 ep 005 tr=0.7308 va=1.0073 val_AccPaper=0.5686
[15:50:59] fold3 ep 006 tr=0.7001 va=1.0445 val_AccPaper=0.5314
[15:51:01] fold3 ep 007 tr=0.6845 va=1.0411 val_AccPaper=0.5200
[15:51:03] fold3 ep 008 tr=0.6733 va=1.0764 val_AccPaper=0.5457
[15:51:05] fold3 ep 009 tr=0.6571 va=1.0581 val_AccPaper=0.5457
[15:51:07] fold3 ep 010 tr=0.6549 va=1.0704 val_AccPaper=0.5200
[15:51:09] fold3 ep 011 tr=0.6363 va=1.0930 val_AccPaper=0.5400
[15:51:11] fold3 ep 012 tr=0.6334 va=1.0989 val_AccPaper=0.5486
[15:51:13] fold3 ep 013 tr=0.6191 va=1.0940 val_AccPaper=0.5286
[15:51:15] fold3 ep 014 tr=0.6184 va=1.0876 val_AccPaper=0.5229
[15:51:17] fold3 ep 015 tr=0.6071 va=1.1469 val_AccPaper=0.5371
[15:51:19] fold3 ep 016 tr=0.6019 va=1.1248 val_AccPaper=0.5400
[15:51:21] fold3 ep 017 tr=0.6038 va=1.1318 val_AccPaper=0.5429
[15:51:23] fold3 ep 018 tr=0.5912 va=1.1535 val_AccPaper=0.5400
[15:51:25] fold3 ep 019 tr=0.5861 va=1.1317 val_AccPaper=0.5429
[15:51:27] fold3 ep 020 tr=0.5859 va=1.1797 val_AccPaper=0.5371
[15:51:29] fold3 ep 021 tr=0.5852 va=1.1600 val_AccPaper=0.5514
[15:51:31] fold3 ep 022 tr=0.5751 va=1.1520 val_AccPaper=0.5229
[15:51:33] fold3 ep 023 tr=0.5680 va=1.1530 val_AccPaper=0.5343
[15:51:35] fold3 ep 024 tr=0.5665 va=1.1701 val_AccPaper=0.5343
[15:51:37] fold3 ep 025 tr=0.5721 va=1.1583 val_AccPaper=0.5257
[15:51:37]   early stop @ ep 25
[15:51:40] [S10] three fold4 ft_tr=24443 ft_va=6167 eval=31286
[15:51:42] fold4 ep 001 tr=0.9840 va=1.0011 val_AccPaper=0.5429
[15:51:44] fold4 ep 002 tr=0.8372 va=0.9986 val_AccPaper=0.5800
[15:51:46] fold4 ep 003 tr=0.7721 va=0.9667 val_AccPaper=0.5400
[15:51:48] fold4 ep 004 tr=0.7414 va=0.9829 val_AccPaper=0.5429
[15:51:50] fold4 ep 005 tr=0.7186 va=1.0130 val_AccPaper=0.5429
[15:51:52] fold4 ep 006 tr=0.7044 va=1.0096 val_AccPaper=0.5571
[15:51:54] fold4 ep 007 tr=0.6780 va=1.0177 val_AccPaper=0.5714
[15:51:56] fold4 ep 008 tr=0.6655 va=1.0427 val_AccPaper=0.5686
[15:51:58] fold4 ep 009 tr=0.6487 va=1.0351 val_AccPaper=0.5457
[15:52:00] fold4 ep 010 tr=0.6298 va=1.0503 val_AccPaper=0.5286
[15:52:02] fold4 ep 011 tr=0.6371 va=1.1067 val_AccPaper=0.5457
[15:52:04] fold4 ep 012 tr=0.6235 va=1.0947 val_AccPaper=0.5600
[15:52:06] fold4 ep 013 tr=0.6035 va=1.0696 val_AccPaper=0.5429
[15:52:08] fold4 ep 014 tr=0.6045 va=1.0882 val_AccPaper=0.5200
[15:52:10] fold4 ep 015 tr=0.5988 va=1.1149 val_AccPaper=0.5457
[15:52:12] fold4 ep 016 tr=0.5986 va=1.1207 val_AccPaper=0.5543
[15:52:14] fold4 ep 017 tr=0.5886 va=1.1461 val_AccPaper=0.5486
[15:52:16] fold4 ep 018 tr=0.5812 va=1.1332 val_AccPaper=0.5543
[15:52:18] fold4 ep 019 tr=0.5812 va=1.1579 val_AccPaper=0.5486
[15:52:20] fold4 ep 020 tr=0.5830 va=1.1293 val_AccPaper=0.5286
[15:52:22] fold4 ep 021 tr=0.5712 va=1.1840 val_AccPaper=0.5571
[15:52:24] fold4 ep 022 tr=0.5612 va=1.1514 val_AccPaper=0.5343
[15:52:24]   early stop @ ep 22
[15:52:28] === S11 cues=1343 train=671 eval=672 ===
[15:52:29] [S11] task fold0 ft_tr=18136 ft_va=4167 eval=20414
[15:52:30] fold0 ep 001 tr=0.3514 va=0.2676 val_AccPaper=0.9030
[15:52:32] fold0 ep 002 tr=0.2294 va=0.2630 val_AccPaper=0.9216
[15:52:33] fold0 ep 003 tr=0.1915 va=0.2576 val_AccPaper=0.9104
[15:52:35] fold0 ep 004 tr=0.1733 va=0.2552 val_AccPaper=0.9142
[15:52:36] fold0 ep 005 tr=0.1533 va=0.2584 val_AccPaper=0.9142
[15:52:38] fold0 ep 006 tr=0.1440 va=0.2589 val_AccPaper=0.9030
[15:52:39] fold0 ep 007 tr=0.1316 va=0.2436 val_AccPaper=0.9216
[15:52:41] fold0 ep 008 tr=0.1261 va=0.2699 val_AccPaper=0.9104
[15:52:42] fold0 ep 009 tr=0.1193 va=0.2859 val_AccPaper=0.9067
[15:52:44] fold0 ep 010 tr=0.1159 va=0.2944 val_AccPaper=0.9216
[15:52:45] fold0 ep 011 tr=0.1124 va=0.2754 val_AccPaper=0.9254
[15:52:46] fold0 ep 012 tr=0.1043 va=0.2839 val_AccPaper=0.9104
[15:52:48] fold0 ep 013 tr=0.0989 va=0.2953 val_AccPaper=0.9216
[15:52:49] fold0 ep 014 tr=0.0943 va=0.3041 val_AccPaper=0.8993
[15:52:51] fold0 ep 015 tr=0.0950 va=0.2937 val_AccPaper=0.9142
[15:52:52] fold0 ep 016 tr=0.0948 va=0.3122 val_AccPaper=0.9104
[15:52:54] fold0 ep 017 tr=0.0885 va=0.3059 val_AccPaper=0.9179
[15:52:55] fold0 ep 018 tr=0.0895 va=0.3073 val_AccPaper=0.9179
[15:52:57] fold0 ep 019 tr=0.0851 va=0.3083 val_AccPaper=0.9142
[15:52:58] fold0 ep 020 tr=0.0850 va=0.3203 val_AccPaper=0.8993
[15:52:59] fold0 ep 021 tr=0.0789 va=0.3174 val_AccPaper=0.9104
[15:53:01] fold0 ep 022 tr=0.0795 va=0.3258 val_AccPaper=0.9142
[15:53:02] fold0 ep 023 tr=0.0778 va=0.3286 val_AccPaper=0.9067
[15:53:04] fold0 ep 024 tr=0.0777 va=0.3515 val_AccPaper=0.9030
[15:53:05] fold0 ep 025 tr=0.0740 va=0.3383 val_AccPaper=0.9104
[15:53:07] fold0 ep 026 tr=0.0736 va=0.3357 val_AccPaper=0.8955
[15:53:08] fold0 ep 027 tr=0.0699 va=0.3384 val_AccPaper=0.9030
[15:53:10] fold0 ep 028 tr=0.0698 va=0.4278 val_AccPaper=0.8993
[15:53:11] fold0 ep 029 tr=0.0725 va=0.3651 val_AccPaper=0.9067
[15:53:12] fold0 ep 030 tr=0.0701 va=0.3502 val_AccPaper=0.8955
[15:53:14] fold0 ep 031 tr=0.0708 va=0.3806 val_AccPaper=0.8955
[15:53:14]   early stop @ ep 31
[15:53:16] [S11] task fold1 ft_tr=18136 ft_va=4167 eval=20414
[15:53:17] fold1 ep 001 tr=0.3548 va=0.2808 val_AccPaper=0.8843
[15:53:19] fold1 ep 002 tr=0.2405 va=0.2748 val_AccPaper=0.9067
[15:53:20] fold1 ep 003 tr=0.2026 va=0.2652 val_AccPaper=0.9104
[15:53:22] fold1 ep 004 tr=0.1735 va=0.2727 val_AccPaper=0.9142
[15:53:23] fold1 ep 005 tr=0.1560 va=0.2445 val_AccPaper=0.9216
[15:53:25] fold1 ep 006 tr=0.1521 va=0.2616 val_AccPaper=0.9104
[15:53:26] fold1 ep 007 tr=0.1398 va=0.2511 val_AccPaper=0.9254
[15:53:27] fold1 ep 008 tr=0.1243 va=0.2480 val_AccPaper=0.9328
[15:53:29] fold1 ep 009 tr=0.1172 va=0.2577 val_AccPaper=0.9142
[15:53:30] fold1 ep 010 tr=0.1171 va=0.2572 val_AccPaper=0.9328
[15:53:32] fold1 ep 011 tr=0.1092 va=0.2625 val_AccPaper=0.9254
[15:53:34] fold1 ep 012 tr=0.1080 va=0.2799 val_AccPaper=0.9142
[15:53:35] fold1 ep 013 tr=0.0988 va=0.2810 val_AccPaper=0.9179
[15:53:37] fold1 ep 014 tr=0.1009 va=0.2763 val_AccPaper=0.9291
[15:53:38] fold1 ep 015 tr=0.1009 va=0.2831 val_AccPaper=0.9328
[15:53:40] fold1 ep 016 tr=0.0930 va=0.2945 val_AccPaper=0.9067
[15:53:41] fold1 ep 017 tr=0.0881 va=0.2863 val_AccPaper=0.9179
[15:53:43] fold1 ep 018 tr=0.0915 va=0.2860 val_AccPaper=0.9291
[15:53:44] fold1 ep 019 tr=0.0861 va=0.2874 val_AccPaper=0.9067
[15:53:46] fold1 ep 020 tr=0.0838 va=0.3138 val_AccPaper=0.9067
[15:53:47] fold1 ep 021 tr=0.0795 va=0.3252 val_AccPaper=0.9104
[15:53:49] fold1 ep 022 tr=0.0776 va=0.3346 val_AccPaper=0.9104
[15:53:50] fold1 ep 023 tr=0.0813 va=0.3311 val_AccPaper=0.8993
[15:53:52] fold1 ep 024 tr=0.0759 va=0.3178 val_AccPaper=0.9142
[15:53:53] fold1 ep 025 tr=0.0759 va=0.3138 val_AccPaper=0.9142
[15:53:55] fold1 ep 026 tr=0.0738 va=0.3075 val_AccPaper=0.9067
[15:53:57] fold1 ep 027 tr=0.0688 va=0.3254 val_AccPaper=0.9142
[15:53:58] fold1 ep 028 tr=0.0758 va=0.3273 val_AccPaper=0.8993
[15:53:58]   early stop @ ep 28
[15:54:00] [S11] task fold2 ft_tr=18136 ft_va=4167 eval=20414
[15:54:02] fold2 ep 001 tr=0.3474 va=0.2737 val_AccPaper=0.9030
[15:54:03] fold2 ep 002 tr=0.2289 va=0.2614 val_AccPaper=0.9030
[15:54:05] fold2 ep 003 tr=0.1894 va=0.2664 val_AccPaper=0.9067
[15:54:06] fold2 ep 004 tr=0.1665 va=0.2711 val_AccPaper=0.9030
[15:54:08] fold2 ep 005 tr=0.1578 va=0.2909 val_AccPaper=0.9067
[15:54:09] fold2 ep 006 tr=0.1416 va=0.2837 val_AccPaper=0.9104
[15:54:11] fold2 ep 007 tr=0.1367 va=0.2697 val_AccPaper=0.9104
[15:54:12] fold2 ep 008 tr=0.1254 va=0.2898 val_AccPaper=0.9067
[15:54:14] fold2 ep 009 tr=0.1169 va=0.2980 val_AccPaper=0.9104
[15:54:15] fold2 ep 010 tr=0.1179 va=0.3091 val_AccPaper=0.9067
[15:54:17] fold2 ep 011 tr=0.1090 va=0.2993 val_AccPaper=0.8993
[15:54:19] fold2 ep 012 tr=0.1020 va=0.3002 val_AccPaper=0.8955
[15:54:20] fold2 ep 013 tr=0.1015 va=0.3118 val_AccPaper=0.9142
[15:54:22] fold2 ep 014 tr=0.0952 va=0.3218 val_AccPaper=0.8993
[15:54:23] fold2 ep 015 tr=0.0942 va=0.3268 val_AccPaper=0.9104
[15:54:24] fold2 ep 016 tr=0.0908 va=0.3291 val_AccPaper=0.9067
[15:54:26] fold2 ep 017 tr=0.0926 va=0.3260 val_AccPaper=0.9104
[15:54:28] fold2 ep 018 tr=0.0841 va=0.3353 val_AccPaper=0.9067
[15:54:29] fold2 ep 019 tr=0.0888 va=0.3433 val_AccPaper=0.8993
[15:54:31] fold2 ep 020 tr=0.0829 va=0.3430 val_AccPaper=0.9067
[15:54:32] fold2 ep 021 tr=0.0796 va=0.3266 val_AccPaper=0.9104
[15:54:33] fold2 ep 022 tr=0.0820 va=0.3527 val_AccPaper=0.9104
[15:54:35] fold2 ep 023 tr=0.0780 va=0.3640 val_AccPaper=0.9030
[15:54:36] fold2 ep 024 tr=0.0785 va=0.3604 val_AccPaper=0.8955
[15:54:38] fold2 ep 025 tr=0.0746 va=0.3433 val_AccPaper=0.9030
[15:54:39] fold2 ep 026 tr=0.0731 va=0.3588 val_AccPaper=0.9067
[15:54:41] fold2 ep 027 tr=0.0761 va=0.3386 val_AccPaper=0.9067
[15:54:42] fold2 ep 028 tr=0.0743 va=0.3366 val_AccPaper=0.9030
[15:54:44] fold2 ep 029 tr=0.0695 va=0.3372 val_AccPaper=0.9067
[15:54:45] fold2 ep 030 tr=0.0758 va=0.3505 val_AccPaper=0.8993
[15:54:47] fold2 ep 031 tr=0.0729 va=0.3733 val_AccPaper=0.9030
[15:54:48] fold2 ep 032 tr=0.0665 va=0.3626 val_AccPaper=0.9104
[15:54:49] fold2 ep 033 tr=0.0656 va=0.3773 val_AccPaper=0.9030
[15:54:49]   early stop @ ep 33
[15:54:51] [S11] task fold3 ft_tr=18136 ft_va=4167 eval=20414
[15:54:53] fold3 ep 001 tr=0.3468 va=0.3107 val_AccPaper=0.8731
[15:54:54] fold3 ep 002 tr=0.2414 va=0.2712 val_AccPaper=0.8955
[15:54:56] fold3 ep 003 tr=0.2087 va=0.2784 val_AccPaper=0.8843
[15:54:57] fold3 ep 004 tr=0.1819 va=0.2909 val_AccPaper=0.8769
[15:54:59] fold3 ep 005 tr=0.1657 va=0.2937 val_AccPaper=0.8955
[15:55:00] fold3 ep 006 tr=0.1477 va=0.2887 val_AccPaper=0.8881
[15:55:02] fold3 ep 007 tr=0.1396 va=0.2903 val_AccPaper=0.8881
[15:55:03] fold3 ep 008 tr=0.1241 va=0.3080 val_AccPaper=0.8918
[15:55:04] fold3 ep 009 tr=0.1240 va=0.3182 val_AccPaper=0.8918
[15:55:06] fold3 ep 010 tr=0.1110 va=0.3220 val_AccPaper=0.8993
[15:55:07] fold3 ep 011 tr=0.1108 va=0.3232 val_AccPaper=0.8881
[15:55:09] fold3 ep 012 tr=0.1090 va=0.3267 val_AccPaper=0.9067
[15:55:10] fold3 ep 013 tr=0.1027 va=0.3480 val_AccPaper=0.8881
[15:55:12] fold3 ep 014 tr=0.0983 va=0.3367 val_AccPaper=0.8881
[15:55:13] fold3 ep 015 tr=0.1012 va=0.3284 val_AccPaper=0.8993
[15:55:15] fold3 ep 016 tr=0.0972 va=0.3363 val_AccPaper=0.8843
[15:55:16] fold3 ep 017 tr=0.0933 va=0.3322 val_AccPaper=0.8955
[15:55:17] fold3 ep 018 tr=0.0862 va=0.3461 val_AccPaper=0.9030
[15:55:19] fold3 ep 019 tr=0.0879 va=0.3416 val_AccPaper=0.8843
[15:55:20] fold3 ep 020 tr=0.0860 va=0.3415 val_AccPaper=0.9030
[15:55:22] fold3 ep 021 tr=0.0863 va=0.3584 val_AccPaper=0.8955
[15:55:23] fold3 ep 022 tr=0.0817 va=0.3555 val_AccPaper=0.8843
[15:55:25] fold3 ep 023 tr=0.0829 va=0.3623 val_AccPaper=0.8918
[15:55:26] fold3 ep 024 tr=0.0822 va=0.3576 val_AccPaper=0.8843
[15:55:27] fold3 ep 025 tr=0.0827 va=0.3783 val_AccPaper=0.8955
[15:55:29] fold3 ep 026 tr=0.0741 va=0.3632 val_AccPaper=0.8806
[15:55:30] fold3 ep 027 tr=0.0783 va=0.3681 val_AccPaper=0.8881
[15:55:32] fold3 ep 028 tr=0.0742 va=0.3777 val_AccPaper=0.8955
[15:55:33] fold3 ep 029 tr=0.0771 va=0.3841 val_AccPaper=0.8881
[15:55:35] fold3 ep 030 tr=0.0740 va=0.3871 val_AccPaper=0.9030
[15:55:36] fold3 ep 031 tr=0.0805 va=0.3665 val_AccPaper=0.8993
[15:55:38] fold3 ep 032 tr=0.0736 va=0.3816 val_AccPaper=0.9067
[15:55:38]   early stop @ ep 32
[15:55:40] [S11] task fold4 ft_tr=18136 ft_va=4167 eval=20414
[15:55:41] fold4 ep 001 tr=0.3409 va=0.2827 val_AccPaper=0.8806
[15:55:42] fold4 ep 002 tr=0.2310 va=0.2649 val_AccPaper=0.8993
[15:55:44] fold4 ep 003 tr=0.1943 va=0.2651 val_AccPaper=0.8881
[15:55:45] fold4 ep 004 tr=0.1652 va=0.2633 val_AccPaper=0.8843
[15:55:47] fold4 ep 005 tr=0.1615 va=0.2628 val_AccPaper=0.8993
[15:55:48] fold4 ep 006 tr=0.1432 va=0.2763 val_AccPaper=0.8993
[15:55:50] fold4 ep 007 tr=0.1266 va=0.2995 val_AccPaper=0.9030
[15:55:51] fold4 ep 008 tr=0.1216 va=0.2906 val_AccPaper=0.9067
[15:55:53] fold4 ep 009 tr=0.1174 va=0.2883 val_AccPaper=0.8918
[15:55:54] fold4 ep 010 tr=0.1086 va=0.3124 val_AccPaper=0.8993
[15:55:55] fold4 ep 011 tr=0.1089 va=0.3181 val_AccPaper=0.9067
[15:55:57] fold4 ep 012 tr=0.1008 va=0.3310 val_AccPaper=0.8955
[15:55:58] fold4 ep 013 tr=0.0992 va=0.3337 val_AccPaper=0.8843
[15:56:00] fold4 ep 014 tr=0.0908 va=0.3340 val_AccPaper=0.8843
[15:56:01] fold4 ep 015 tr=0.0942 va=0.3345 val_AccPaper=0.8955
[15:56:03] fold4 ep 016 tr=0.0867 va=0.3643 val_AccPaper=0.8806
[15:56:04] fold4 ep 017 tr=0.0899 va=0.3444 val_AccPaper=0.8881
[15:56:06] fold4 ep 018 tr=0.0854 va=0.3439 val_AccPaper=0.9030
[15:56:07] fold4 ep 019 tr=0.0815 va=0.3412 val_AccPaper=0.8955
[15:56:08] fold4 ep 020 tr=0.0816 va=0.3538 val_AccPaper=0.9104
[15:56:10] fold4 ep 021 tr=0.0802 va=0.3831 val_AccPaper=0.8993
[15:56:11] fold4 ep 022 tr=0.0790 va=0.3762 val_AccPaper=0.8881
[15:56:13] fold4 ep 023 tr=0.0732 va=0.3724 val_AccPaper=0.8993
[15:56:14] fold4 ep 024 tr=0.0749 va=0.3628 val_AccPaper=0.9030
[15:56:16] fold4 ep 025 tr=0.0727 va=0.3520 val_AccPaper=0.9067
[15:56:17] fold4 ep 026 tr=0.0684 va=0.3782 val_AccPaper=0.9179
[15:56:19] fold4 ep 027 tr=0.0704 va=0.3786 val_AccPaper=0.8955
[15:56:20] fold4 ep 028 tr=0.0695 va=0.3590 val_AccPaper=0.9030
[15:56:21] fold4 ep 029 tr=0.0665 va=0.3815 val_AccPaper=0.8993
[15:56:23] fold4 ep 030 tr=0.0727 va=0.3988 val_AccPaper=0.8955
[15:56:24] fold4 ep 031 tr=0.0655 va=0.4028 val_AccPaper=0.8993
[15:56:26] fold4 ep 032 tr=0.0668 va=0.3960 val_AccPaper=0.8843
[15:56:27] fold4 ep 033 tr=0.0669 va=0.3963 val_AccPaper=0.8843
[15:56:29] fold4 ep 034 tr=0.0673 va=0.4088 val_AccPaper=0.8769
[15:56:30] fold4 ep 035 tr=0.0623 va=0.3903 val_AccPaper=0.8955
[15:56:31] fold4 ep 036 tr=0.0617 va=0.3994 val_AccPaper=0.8993
[15:56:33] fold4 ep 037 tr=0.0605 va=0.3986 val_AccPaper=0.9030
[15:56:34] fold4 ep 038 tr=0.0612 va=0.4143 val_AccPaper=0.8993
[15:56:36] fold4 ep 039 tr=0.0627 va=0.4007 val_AccPaper=0.8993
[15:56:37] fold4 ep 040 tr=0.0641 va=0.4043 val_AccPaper=0.8993
[15:56:39] fold4 ep 041 tr=0.0598 va=0.3922 val_AccPaper=0.8993
[15:56:40] fold4 ep 042 tr=0.0582 va=0.4165 val_AccPaper=0.8918
[15:56:41] fold4 ep 043 tr=0.0602 va=0.4262 val_AccPaper=0.8843
[15:56:43] fold4 ep 044 tr=0.0583 va=0.4039 val_AccPaper=0.9030
[15:56:44] fold4 ep 045 tr=0.0577 va=0.4198 val_AccPaper=0.8843
[15:56:46] fold4 ep 046 tr=0.0596 va=0.4013 val_AccPaper=0.8843
[15:56:46]   early stop @ ep 46
[15:56:48] [S11] three fold0 ft_tr=18136 ft_va=4167 eval=20414
[15:56:49] fold0 ep 001 tr=0.7222 va=0.7062 val_AccPaper=0.6828
[15:56:51] fold0 ep 002 tr=0.5488 va=0.6816 val_AccPaper=0.7127
[15:56:52] fold0 ep 003 tr=0.4794 va=0.6743 val_AccPaper=0.7201
[15:56:54] fold0 ep 004 tr=0.4555 va=0.6745 val_AccPaper=0.7313
[15:56:55] fold0 ep 005 tr=0.4255 va=0.6852 val_AccPaper=0.7239
[15:56:57] fold0 ep 006 tr=0.4050 va=0.7387 val_AccPaper=0.7276
[15:56:58] fold0 ep 007 tr=0.3812 va=0.7049 val_AccPaper=0.7201
[15:56:59] fold0 ep 008 tr=0.3688 va=0.6938 val_AccPaper=0.7313
[15:57:01] fold0 ep 009 tr=0.3574 va=0.7231 val_AccPaper=0.7239
[15:57:02] fold0 ep 010 tr=0.3443 va=0.7313 val_AccPaper=0.7313
[15:57:04] fold0 ep 011 tr=0.3310 va=0.7526 val_AccPaper=0.7239
[15:57:05] fold0 ep 012 tr=0.3293 va=0.7780 val_AccPaper=0.7164
[15:57:07] fold0 ep 013 tr=0.3221 va=0.7633 val_AccPaper=0.7463
[15:57:08] fold0 ep 014 tr=0.3089 va=0.7532 val_AccPaper=0.7164
[15:57:10] fold0 ep 015 tr=0.2989 va=0.7784 val_AccPaper=0.7463
[15:57:11] fold0 ep 016 tr=0.2954 va=0.7791 val_AccPaper=0.7276
[15:57:13] fold0 ep 017 tr=0.2949 va=0.8012 val_AccPaper=0.7164
[15:57:14] fold0 ep 018 tr=0.2905 va=0.8138 val_AccPaper=0.7015
[15:57:16] fold0 ep 019 tr=0.2844 va=0.8047 val_AccPaper=0.7313
[15:57:17] fold0 ep 020 tr=0.2830 va=0.8418 val_AccPaper=0.7276
[15:57:18] fold0 ep 021 tr=0.2845 va=0.8716 val_AccPaper=0.7090
[15:57:20] fold0 ep 022 tr=0.2725 va=0.8414 val_AccPaper=0.7090
[15:57:21] fold0 ep 023 tr=0.2648 va=0.8212 val_AccPaper=0.7276
[15:57:23] fold0 ep 024 tr=0.2605 va=0.8153 val_AccPaper=0.7425
[15:57:24] fold0 ep 025 tr=0.2651 va=0.8744 val_AccPaper=0.7276
[15:57:26] fold0 ep 026 tr=0.2561 va=0.8840 val_AccPaper=0.7090
[15:57:27] fold0 ep 027 tr=0.2630 va=0.8795 val_AccPaper=0.7164
[15:57:29] fold0 ep 028 tr=0.2535 va=0.8863 val_AccPaper=0.7201
[15:57:30] fold0 ep 029 tr=0.2547 va=0.8474 val_AccPaper=0.7276
[15:57:32] fold0 ep 030 tr=0.2586 va=0.9340 val_AccPaper=0.7052
[15:57:33] fold0 ep 031 tr=0.2506 va=0.9057 val_AccPaper=0.7164
[15:57:34] fold0 ep 032 tr=0.2485 va=0.8765 val_AccPaper=0.7015
[15:57:36] fold0 ep 033 tr=0.2461 va=0.8770 val_AccPaper=0.7090
[15:57:36]   early stop @ ep 33
[15:57:38] [S11] three fold1 ft_tr=18136 ft_va=4167 eval=20414
[15:57:39] fold1 ep 001 tr=0.7109 va=0.6814 val_AccPaper=0.7276
[15:57:41] fold1 ep 002 tr=0.5557 va=0.6540 val_AccPaper=0.7351
[15:57:42] fold1 ep 003 tr=0.5052 va=0.6810 val_AccPaper=0.7201
[15:57:44] fold1 ep 004 tr=0.4711 va=0.6568 val_AccPaper=0.7090
[15:57:45] fold1 ep 005 tr=0.4459 va=0.6843 val_AccPaper=0.7164
[15:57:47] fold1 ep 006 tr=0.4134 va=0.6877 val_AccPaper=0.7164
[15:57:48] fold1 ep 007 tr=0.3941 va=0.7167 val_AccPaper=0.7313
[15:57:50] fold1 ep 008 tr=0.3848 va=0.7325 val_AccPaper=0.7127
[15:57:51] fold1 ep 009 tr=0.3665 va=0.7316 val_AccPaper=0.7164
[15:57:52] fold1 ep 010 tr=0.3495 va=0.7671 val_AccPaper=0.7201
[15:57:54] fold1 ep 011 tr=0.3419 va=0.7450 val_AccPaper=0.7201
[15:57:55] fold1 ep 012 tr=0.3425 va=0.7820 val_AccPaper=0.7164
[15:57:57] fold1 ep 013 tr=0.3383 va=0.8033 val_AccPaper=0.6978
[15:57:58] fold1 ep 014 tr=0.3299 va=0.7982 val_AccPaper=0.6903
[15:58:00] fold1 ep 015 tr=0.3210 va=0.8140 val_AccPaper=0.7090
[15:58:01] fold1 ep 016 tr=0.3108 va=0.7985 val_AccPaper=0.7164
[15:58:03] fold1 ep 017 tr=0.3181 va=0.8135 val_AccPaper=0.7127
[15:58:04] fold1 ep 018 tr=0.3005 va=0.8166 val_AccPaper=0.7015
[15:58:06] fold1 ep 019 tr=0.2982 va=0.8359 val_AccPaper=0.7201
[15:58:07] fold1 ep 020 tr=0.2880 va=0.8658 val_AccPaper=0.7015
[15:58:08] fold1 ep 021 tr=0.2887 va=0.9088 val_AccPaper=0.7015
[15:58:10] fold1 ep 022 tr=0.2914 va=0.8788 val_AccPaper=0.7015
[15:58:10]   early stop @ ep 22
[15:58:12] [S11] three fold2 ft_tr=18136 ft_va=4167 eval=20414
[15:58:13] fold2 ep 001 tr=0.7116 va=0.6926 val_AccPaper=0.6978
[15:58:15] fold2 ep 002 tr=0.5590 va=0.6486 val_AccPaper=0.7090
[15:58:16] fold2 ep 003 tr=0.4963 va=0.6366 val_AccPaper=0.7164
[15:58:18] fold2 ep 004 tr=0.4648 va=0.6607 val_AccPaper=0.7313
[15:58:19] fold2 ep 005 tr=0.4313 va=0.6579 val_AccPaper=0.7201
[15:58:21] fold2 ep 006 tr=0.4057 va=0.6903 val_AccPaper=0.7276
[15:58:22] fold2 ep 007 tr=0.3929 va=0.6909 val_AccPaper=0.7239
[15:58:24] fold2 ep 008 tr=0.3779 va=0.7025 val_AccPaper=0.7201
[15:58:25] fold2 ep 009 tr=0.3694 va=0.7156 val_AccPaper=0.7164
[15:58:26] fold2 ep 010 tr=0.3494 va=0.7362 val_AccPaper=0.7239
[15:58:28] fold2 ep 011 tr=0.3320 va=0.7316 val_AccPaper=0.7388
[15:58:29] fold2 ep 012 tr=0.3337 va=0.7722 val_AccPaper=0.7388
[15:58:31] fold2 ep 013 tr=0.3289 va=0.7554 val_AccPaper=0.7388
[15:58:32] fold2 ep 014 tr=0.3153 va=0.7690 val_AccPaper=0.7313
[15:58:34] fold2 ep 015 tr=0.3155 va=0.7915 val_AccPaper=0.7239
[15:58:35] fold2 ep 016 tr=0.3032 va=0.8173 val_AccPaper=0.7351
[15:58:37] fold2 ep 017 tr=0.3022 va=0.7770 val_AccPaper=0.7276
[15:58:38] fold2 ep 018 tr=0.2901 va=0.8161 val_AccPaper=0.7239
[15:58:40] fold2 ep 019 tr=0.3039 va=0.7986 val_AccPaper=0.7425
[15:58:41] fold2 ep 020 tr=0.2934 va=0.7946 val_AccPaper=0.7463
[15:58:42] fold2 ep 021 tr=0.2846 va=0.8094 val_AccPaper=0.7425
[15:58:44] fold2 ep 022 tr=0.2848 va=0.8364 val_AccPaper=0.7276
[15:58:45] fold2 ep 023 tr=0.2821 va=0.8557 val_AccPaper=0.7463
[15:58:47] fold2 ep 024 tr=0.2784 va=0.8762 val_AccPaper=0.7239
[15:58:48] fold2 ep 025 tr=0.2693 va=0.8503 val_AccPaper=0.7313
[15:58:50] fold2 ep 026 tr=0.2736 va=0.8567 val_AccPaper=0.7239
[15:58:51] fold2 ep 027 tr=0.2735 va=0.8966 val_AccPaper=0.7276
[15:58:53] fold2 ep 028 tr=0.2634 va=0.8796 val_AccPaper=0.7239
[15:58:54] fold2 ep 029 tr=0.2636 va=0.8711 val_AccPaper=0.7276
[15:58:55] fold2 ep 030 tr=0.2647 va=0.8795 val_AccPaper=0.7276
[15:58:57] fold2 ep 031 tr=0.2600 va=0.9023 val_AccPaper=0.7351
[15:58:58] fold2 ep 032 tr=0.2615 va=0.8863 val_AccPaper=0.7201
[15:59:00] fold2 ep 033 tr=0.2615 va=0.8922 val_AccPaper=0.7127
[15:59:01] fold2 ep 034 tr=0.2491 va=0.9321 val_AccPaper=0.7052
[15:59:03] fold2 ep 035 tr=0.2549 va=0.9904 val_AccPaper=0.7276
[15:59:04] fold2 ep 036 tr=0.2499 va=0.8981 val_AccPaper=0.7351
[15:59:06] fold2 ep 037 tr=0.2557 va=0.9035 val_AccPaper=0.7313
[15:59:07] fold2 ep 038 tr=0.2431 va=0.9682 val_AccPaper=0.7201
[15:59:08] fold2 ep 039 tr=0.2445 va=0.9260 val_AccPaper=0.7351
[15:59:10] fold2 ep 040 tr=0.2422 va=0.9324 val_AccPaper=0.7351
[15:59:10]   early stop @ ep 40
[15:59:12] [S11] three fold3 ft_tr=18136 ft_va=4167 eval=20414
[15:59:13] fold3 ep 001 tr=0.7281 va=0.7081 val_AccPaper=0.6754
[15:59:15] fold3 ep 002 tr=0.5838 va=0.6690 val_AccPaper=0.7164
[15:59:16] fold3 ep 003 tr=0.5146 va=0.6645 val_AccPaper=0.7127
[15:59:18] fold3 ep 004 tr=0.4846 va=0.6452 val_AccPaper=0.7127
[15:59:19] fold3 ep 005 tr=0.4451 va=0.6642 val_AccPaper=0.7090
[15:59:21] fold3 ep 006 tr=0.4298 va=0.6788 val_AccPaper=0.7127
[15:59:22] fold3 ep 007 tr=0.4089 va=0.6810 val_AccPaper=0.7052
[15:59:23] fold3 ep 008 tr=0.4017 va=0.6948 val_AccPaper=0.7313
[15:59:25] fold3 ep 009 tr=0.3731 va=0.7077 val_AccPaper=0.7164
[15:59:26] fold3 ep 010 tr=0.3649 va=0.7168 val_AccPaper=0.7239
[15:59:28] fold3 ep 011 tr=0.3508 va=0.7374 val_AccPaper=0.7127
[15:59:29] fold3 ep 012 tr=0.3451 va=0.7430 val_AccPaper=0.7276
[15:59:31] fold3 ep 013 tr=0.3293 va=0.7628 val_AccPaper=0.7239
[15:59:32] fold3 ep 014 tr=0.3186 va=0.7672 val_AccPaper=0.7239
[15:59:34] fold3 ep 015 tr=0.3165 va=0.7996 val_AccPaper=0.7276
[15:59:35] fold3 ep 016 tr=0.3102 va=0.8159 val_AccPaper=0.7164
[15:59:37] fold3 ep 017 tr=0.3085 va=0.8340 val_AccPaper=0.6978
[15:59:38] fold3 ep 018 tr=0.3040 va=0.8286 val_AccPaper=0.7090
[15:59:40] fold3 ep 019 tr=0.2896 va=0.8359 val_AccPaper=0.7201
[15:59:41] fold3 ep 020 tr=0.2859 va=0.8195 val_AccPaper=0.7127
[15:59:43] fold3 ep 021 tr=0.2871 va=0.8426 val_AccPaper=0.7127
[15:59:45] fold3 ep 022 tr=0.2830 va=0.8192 val_AccPaper=0.7313
[15:59:46] fold3 ep 023 tr=0.2721 va=0.8498 val_AccPaper=0.7127
[15:59:47] fold3 ep 024 tr=0.2789 va=0.8628 val_AccPaper=0.7052
[15:59:49] fold3 ep 025 tr=0.2697 va=0.8814 val_AccPaper=0.7015
[15:59:51] fold3 ep 026 tr=0.2678 va=0.8941 val_AccPaper=0.6866
[15:59:52] fold3 ep 027 tr=0.2684 va=0.9174 val_AccPaper=0.7015
[15:59:54] fold3 ep 028 tr=0.2644 va=0.8993 val_AccPaper=0.6866
[15:59:54]   early stop @ ep 28
[15:59:56] [S11] three fold4 ft_tr=18136 ft_va=4167 eval=20414
[15:59:57] fold4 ep 001 tr=0.7066 va=0.6780 val_AccPaper=0.7201
[15:59:59] fold4 ep 002 tr=0.5406 va=0.6497 val_AccPaper=0.7127
[16:00:00] fold4 ep 003 tr=0.4962 va=0.6343 val_AccPaper=0.7388
[16:00:02] fold4 ep 004 tr=0.4578 va=0.6385 val_AccPaper=0.7239
[16:00:03] fold4 ep 005 tr=0.4222 va=0.6371 val_AccPaper=0.7164
[16:00:05] fold4 ep 006 tr=0.4098 va=0.6521 val_AccPaper=0.7239
[16:00:07] fold4 ep 007 tr=0.3877 va=0.6676 val_AccPaper=0.7127
[16:00:08] fold4 ep 008 tr=0.3702 va=0.6817 val_AccPaper=0.7090
[16:00:10] fold4 ep 009 tr=0.3642 va=0.7109 val_AccPaper=0.7052
[16:00:11] fold4 ep 010 tr=0.3470 va=0.7026 val_AccPaper=0.7090
[16:00:13] fold4 ep 011 tr=0.3316 va=0.6884 val_AccPaper=0.7164
[16:00:14] fold4 ep 012 tr=0.3255 va=0.7129 val_AccPaper=0.7351
[16:00:16] fold4 ep 013 tr=0.3156 va=0.7100 val_AccPaper=0.7388
[16:00:17] fold4 ep 014 tr=0.3071 va=0.7328 val_AccPaper=0.7164
[16:00:19] fold4 ep 015 tr=0.3067 va=0.7295 val_AccPaper=0.7276
[16:00:20] fold4 ep 016 tr=0.3005 va=0.7602 val_AccPaper=0.7015
[16:00:22] fold4 ep 017 tr=0.2940 va=0.7824 val_AccPaper=0.7090
[16:00:23] fold4 ep 018 tr=0.2934 va=0.7729 val_AccPaper=0.7015
[16:00:25] fold4 ep 019 tr=0.2891 va=0.8104 val_AccPaper=0.7052
[16:00:27] fold4 ep 020 tr=0.2807 va=0.7703 val_AccPaper=0.7164
[16:00:28] fold4 ep 021 tr=0.2811 va=0.8024 val_AccPaper=0.7201
[16:00:30] fold4 ep 022 tr=0.2750 va=0.8214 val_AccPaper=0.7090
[16:00:31] fold4 ep 023 tr=0.2770 va=0.8228 val_AccPaper=0.7239
[16:00:31]   early stop @ ep 23
[16:00:34] === S12 cues=1180 train=590 eval=590 ===
[16:00:35] [S12] task fold0 ft_tr=14932 ft_va=3635 eval=18879
[16:00:37] fold0 ep 001 tr=0.5867 va=0.5594 val_AccPaper=0.7331
[16:00:38] fold0 ep 002 tr=0.4599 va=0.5365 val_AccPaper=0.7542
[16:00:39] fold0 ep 003 tr=0.4224 va=0.5508 val_AccPaper=0.7373
[16:00:40] fold0 ep 004 tr=0.3849 va=0.5540 val_AccPaper=0.7373
[16:00:42] fold0 ep 005 tr=0.3673 va=0.5626 val_AccPaper=0.7585
[16:00:43] fold0 ep 006 tr=0.3521 va=0.5932 val_AccPaper=0.7585
[16:00:44] fold0 ep 007 tr=0.3417 va=0.5584 val_AccPaper=0.7797
[16:00:45] fold0 ep 008 tr=0.3275 va=0.5738 val_AccPaper=0.7415
[16:00:47] fold0 ep 009 tr=0.3129 va=0.5897 val_AccPaper=0.7542
[16:00:48] fold0 ep 010 tr=0.3028 va=0.5883 val_AccPaper=0.7458
[16:00:49] fold0 ep 011 tr=0.2950 va=0.6191 val_AccPaper=0.7373
[16:00:50] fold0 ep 012 tr=0.2851 va=0.6190 val_AccPaper=0.7331
[16:00:51] fold0 ep 013 tr=0.2840 va=0.6110 val_AccPaper=0.7458
[16:00:53] fold0 ep 014 tr=0.2718 va=0.6462 val_AccPaper=0.7500
[16:00:54] fold0 ep 015 tr=0.2686 va=0.6684 val_AccPaper=0.7415
[16:00:55] fold0 ep 016 tr=0.2662 va=0.6823 val_AccPaper=0.7500
[16:00:56] fold0 ep 017 tr=0.2552 va=0.6432 val_AccPaper=0.7458
[16:00:57] fold0 ep 018 tr=0.2481 va=0.6775 val_AccPaper=0.7415
[16:00:59] fold0 ep 019 tr=0.2490 va=0.6700 val_AccPaper=0.7331
[16:01:00] fold0 ep 020 tr=0.2462 va=0.6837 val_AccPaper=0.7458
[16:01:01] fold0 ep 021 tr=0.2396 va=0.6839 val_AccPaper=0.7373
[16:01:02] fold0 ep 022 tr=0.2415 va=0.6829 val_AccPaper=0.7500
[16:01:03] fold0 ep 023 tr=0.2366 va=0.6957 val_AccPaper=0.7500
[16:01:05] fold0 ep 024 tr=0.2232 va=0.7058 val_AccPaper=0.7288
[16:01:06] fold0 ep 025 tr=0.2290 va=0.7084 val_AccPaper=0.7458
[16:01:07] fold0 ep 026 tr=0.2276 va=0.7163 val_AccPaper=0.7415
[16:01:08] fold0 ep 027 tr=0.2307 va=0.7534 val_AccPaper=0.7458
[16:01:08]   early stop @ ep 27
[16:01:10] [S12] task fold1 ft_tr=14932 ft_va=3635 eval=18879
[16:01:11] fold1 ep 001 tr=0.5755 va=0.5930 val_AccPaper=0.6949
[16:01:12] fold1 ep 002 tr=0.4601 va=0.5315 val_AccPaper=0.7585
[16:01:14] fold1 ep 003 tr=0.4128 va=0.5273 val_AccPaper=0.7373
[16:01:15] fold1 ep 004 tr=0.3869 va=0.5329 val_AccPaper=0.7797
[16:01:16] fold1 ep 005 tr=0.3575 va=0.5563 val_AccPaper=0.7373
[16:01:17] fold1 ep 006 tr=0.3502 va=0.5750 val_AccPaper=0.7627
[16:01:18] fold1 ep 007 tr=0.3362 va=0.5915 val_AccPaper=0.7542
[16:01:20] fold1 ep 008 tr=0.3237 va=0.6015 val_AccPaper=0.7246
[16:01:21] fold1 ep 009 tr=0.3131 va=0.6120 val_AccPaper=0.7288
[16:01:22] fold1 ep 010 tr=0.3024 va=0.5929 val_AccPaper=0.7331
[16:01:23] fold1 ep 011 tr=0.2957 va=0.5972 val_AccPaper=0.7373
[16:01:24] fold1 ep 012 tr=0.2849 va=0.6187 val_AccPaper=0.7415
[16:01:26] fold1 ep 013 tr=0.2789 va=0.6477 val_AccPaper=0.7288
[16:01:27] fold1 ep 014 tr=0.2729 va=0.6633 val_AccPaper=0.7161
[16:01:28] fold1 ep 015 tr=0.2626 va=0.6263 val_AccPaper=0.7246
[16:01:29] fold1 ep 016 tr=0.2600 va=0.7280 val_AccPaper=0.7161
[16:01:30] fold1 ep 017 tr=0.2534 va=0.6375 val_AccPaper=0.7373
[16:01:31] fold1 ep 018 tr=0.2560 va=0.6708 val_AccPaper=0.7415
[16:01:33] fold1 ep 019 tr=0.2515 va=0.7168 val_AccPaper=0.7331
[16:01:34] fold1 ep 020 tr=0.2439 va=0.6949 val_AccPaper=0.7203
[16:01:35] fold1 ep 021 tr=0.2412 va=0.7116 val_AccPaper=0.7119
[16:01:36] fold1 ep 022 tr=0.2353 va=0.7241 val_AccPaper=0.7119
[16:01:37] fold1 ep 023 tr=0.2363 va=0.7065 val_AccPaper=0.7288
[16:01:39] fold1 ep 024 tr=0.2301 va=0.7299 val_AccPaper=0.7458
[16:01:39]   early stop @ ep 24
[16:01:40] [S12] task fold2 ft_tr=14932 ft_va=3635 eval=18879
[16:01:42] fold2 ep 001 tr=0.5867 va=0.5443 val_AccPaper=0.7627
[16:01:43] fold2 ep 002 tr=0.4627 va=0.5565 val_AccPaper=0.7161
[16:01:44] fold2 ep 003 tr=0.4153 va=0.5510 val_AccPaper=0.7415
[16:01:45] fold2 ep 004 tr=0.3826 va=0.5543 val_AccPaper=0.7458
[16:01:46] fold2 ep 005 tr=0.3593 va=0.5630 val_AccPaper=0.7542
[16:01:48] fold2 ep 006 tr=0.3444 va=0.5525 val_AccPaper=0.7500
[16:01:49] fold2 ep 007 tr=0.3399 va=0.5683 val_AccPaper=0.7542
[16:01:50] fold2 ep 008 tr=0.3250 va=0.5862 val_AccPaper=0.7500
[16:01:51] fold2 ep 009 tr=0.3162 va=0.5888 val_AccPaper=0.7415
[16:01:52] fold2 ep 010 tr=0.2963 va=0.5683 val_AccPaper=0.7542
[16:01:54] fold2 ep 011 tr=0.2848 va=0.6296 val_AccPaper=0.7500
[16:01:55] fold2 ep 012 tr=0.2838 va=0.6091 val_AccPaper=0.7246
[16:01:56] fold2 ep 013 tr=0.2726 va=0.6133 val_AccPaper=0.7373
[16:01:57] fold2 ep 014 tr=0.2738 va=0.6426 val_AccPaper=0.7373
[16:01:58] fold2 ep 015 tr=0.2614 va=0.6538 val_AccPaper=0.7203
[16:01:59] fold2 ep 016 tr=0.2616 va=0.6423 val_AccPaper=0.7119
[16:02:01] fold2 ep 017 tr=0.2538 va=0.6414 val_AccPaper=0.7458
[16:02:02] fold2 ep 018 tr=0.2504 va=0.6794 val_AccPaper=0.7288
[16:02:03] fold2 ep 019 tr=0.2433 va=0.6723 val_AccPaper=0.7161
[16:02:04] fold2 ep 020 tr=0.2517 va=0.6761 val_AccPaper=0.7203
[16:02:05] fold2 ep 021 tr=0.2422 va=0.6790 val_AccPaper=0.7331
[16:02:05]   early stop @ ep 21
[16:02:07] [S12] task fold3 ft_tr=14932 ft_va=3635 eval=18879
[16:02:08] fold3 ep 001 tr=0.5974 va=0.5552 val_AccPaper=0.7415
[16:02:10] fold3 ep 002 tr=0.4653 va=0.5187 val_AccPaper=0.7500
[16:02:11] fold3 ep 003 tr=0.4157 va=0.5549 val_AccPaper=0.7034
[16:02:12] fold3 ep 004 tr=0.3914 va=0.5438 val_AccPaper=0.7119
[16:02:13] fold3 ep 005 tr=0.3714 va=0.5689 val_AccPaper=0.7458
[16:02:14] fold3 ep 006 tr=0.3565 va=0.5286 val_AccPaper=0.7585
[16:02:15] fold3 ep 007 tr=0.3394 va=0.5526 val_AccPaper=0.7458
[16:02:17] fold3 ep 008 tr=0.3297 va=0.5390 val_AccPaper=0.7288
[16:02:18] fold3 ep 009 tr=0.3158 va=0.5417 val_AccPaper=0.7627
[16:02:19] fold3 ep 010 tr=0.3037 va=0.6122 val_AccPaper=0.7288
[16:02:20] fold3 ep 011 tr=0.2955 va=0.6360 val_AccPaper=0.7331
[16:02:21] fold3 ep 012 tr=0.2910 va=0.5802 val_AccPaper=0.7373
[16:02:23] fold3 ep 013 tr=0.2867 va=0.5906 val_AccPaper=0.7500
[16:02:24] fold3 ep 014 tr=0.2811 va=0.6121 val_AccPaper=0.7458
[16:02:25] fold3 ep 015 tr=0.2758 va=0.6048 val_AccPaper=0.7203
[16:02:26] fold3 ep 016 tr=0.2739 va=0.5998 val_AccPaper=0.7288
[16:02:27] fold3 ep 017 tr=0.2604 va=0.6095 val_AccPaper=0.7246
[16:02:29] fold3 ep 018 tr=0.2596 va=0.6775 val_AccPaper=0.7119
[16:02:30] fold3 ep 019 tr=0.2572 va=0.6106 val_AccPaper=0.7373
[16:02:31] fold3 ep 020 tr=0.2413 va=0.6105 val_AccPaper=0.7458
[16:02:32] fold3 ep 021 tr=0.2523 va=0.5851 val_AccPaper=0.7500
[16:02:33] fold3 ep 022 tr=0.2495 va=0.6658 val_AccPaper=0.7331
[16:02:34] fold3 ep 023 tr=0.2395 va=0.6454 val_AccPaper=0.7415
[16:02:36] fold3 ep 024 tr=0.2359 va=0.7253 val_AccPaper=0.7203
[16:02:37] fold3 ep 025 tr=0.2389 va=0.6447 val_AccPaper=0.7458
[16:02:38] fold3 ep 026 tr=0.2263 va=0.6735 val_AccPaper=0.7203
[16:02:39] fold3 ep 027 tr=0.2300 va=0.7040 val_AccPaper=0.7119
[16:02:40] fold3 ep 028 tr=0.2299 va=0.6584 val_AccPaper=0.7415
[16:02:42] fold3 ep 029 tr=0.2404 va=0.7176 val_AccPaper=0.7373
[16:02:42]   early stop @ ep 29
[16:02:43] [S12] task fold4 ft_tr=14932 ft_va=3635 eval=18879
[16:02:45] fold4 ep 001 tr=0.6044 va=0.5747 val_AccPaper=0.7373
[16:02:46] fold4 ep 002 tr=0.4640 va=0.5646 val_AccPaper=0.7415
[16:02:47] fold4 ep 003 tr=0.4183 va=0.5414 val_AccPaper=0.7754
[16:02:48] fold4 ep 004 tr=0.3887 va=0.5071 val_AccPaper=0.7797
[16:02:49] fold4 ep 005 tr=0.3782 va=0.5538 val_AccPaper=0.7881
[16:02:51] fold4 ep 006 tr=0.3607 va=0.5162 val_AccPaper=0.7966
[16:02:52] fold4 ep 007 tr=0.3351 va=0.5232 val_AccPaper=0.7500
[16:02:53] fold4 ep 008 tr=0.3291 va=0.5443 val_AccPaper=0.7839
[16:02:54] fold4 ep 009 tr=0.3217 va=0.5623 val_AccPaper=0.7542
[16:02:55] fold4 ep 010 tr=0.3084 va=0.5390 val_AccPaper=0.7712
[16:02:57] fold4 ep 011 tr=0.2963 va=0.5506 val_AccPaper=0.7542
[16:02:58] fold4 ep 012 tr=0.3009 va=0.6007 val_AccPaper=0.7627
[16:02:59] fold4 ep 013 tr=0.2809 va=0.6148 val_AccPaper=0.7373
[16:03:00] fold4 ep 014 tr=0.2794 va=0.5979 val_AccPaper=0.7415
[16:03:01] fold4 ep 015 tr=0.2754 va=0.6239 val_AccPaper=0.7542
[16:03:03] fold4 ep 016 tr=0.2650 va=0.6159 val_AccPaper=0.7712
[16:03:04] fold4 ep 017 tr=0.2613 va=0.6398 val_AccPaper=0.7542
[16:03:05] fold4 ep 018 tr=0.2596 va=0.6272 val_AccPaper=0.7458
[16:03:06] fold4 ep 019 tr=0.2482 va=0.6333 val_AccPaper=0.7458
[16:03:07] fold4 ep 020 tr=0.2503 va=0.6387 val_AccPaper=0.7500
[16:03:09] fold4 ep 021 tr=0.2436 va=0.6717 val_AccPaper=0.7246
[16:03:10] fold4 ep 022 tr=0.2410 va=0.6567 val_AccPaper=0.7373
[16:03:11] fold4 ep 023 tr=0.2393 va=0.7154 val_AccPaper=0.7415
[16:03:12] fold4 ep 024 tr=0.2393 va=0.6472 val_AccPaper=0.7373
[16:03:13] fold4 ep 025 tr=0.2328 va=0.6565 val_AccPaper=0.7373
[16:03:15] fold4 ep 026 tr=0.2313 va=0.6888 val_AccPaper=0.7373
[16:03:15]   early stop @ ep 26
[16:03:16] [S12] three fold0 ft_tr=14932 ft_va=3635 eval=18879
[16:03:18] fold0 ep 001 tr=0.9545 va=0.9063 val_AccPaper=0.6356
[16:03:19] fold0 ep 002 tr=0.7714 va=0.8923 val_AccPaper=0.6314
[16:03:20] fold0 ep 003 tr=0.7137 va=0.8695 val_AccPaper=0.6229
[16:03:21] fold0 ep 004 tr=0.6684 va=0.8847 val_AccPaper=0.6737
[16:03:22] fold0 ep 005 tr=0.6228 va=0.8778 val_AccPaper=0.6314
[16:03:24] fold0 ep 006 tr=0.6035 va=0.8947 val_AccPaper=0.6186
[16:03:25] fold0 ep 007 tr=0.5752 va=0.8976 val_AccPaper=0.6229
[16:03:26] fold0 ep 008 tr=0.5537 va=0.9133 val_AccPaper=0.6483
[16:03:27] fold0 ep 009 tr=0.5307 va=0.9089 val_AccPaper=0.6314
[16:03:28] fold0 ep 010 tr=0.5243 va=0.9399 val_AccPaper=0.6144
[16:03:30] fold0 ep 011 tr=0.5052 va=0.9699 val_AccPaper=0.6017
[16:03:31] fold0 ep 012 tr=0.4906 va=0.9619 val_AccPaper=0.6314
[16:03:32] fold0 ep 013 tr=0.4821 va=0.9809 val_AccPaper=0.6144
[16:03:33] fold0 ep 014 tr=0.4756 va=1.0207 val_AccPaper=0.6314
[16:03:35] fold0 ep 015 tr=0.4617 va=1.0000 val_AccPaper=0.6271
[16:03:36] fold0 ep 016 tr=0.4525 va=1.0173 val_AccPaper=0.6229
[16:03:37] fold0 ep 017 tr=0.4455 va=1.0049 val_AccPaper=0.6186
[16:03:38] fold0 ep 018 tr=0.4444 va=1.0156 val_AccPaper=0.5805
[16:03:39] fold0 ep 019 tr=0.4354 va=1.0593 val_AccPaper=0.5932
[16:03:41] fold0 ep 020 tr=0.4299 va=1.0336 val_AccPaper=0.5932
[16:03:42] fold0 ep 021 tr=0.4300 va=1.0636 val_AccPaper=0.6144
[16:03:43] fold0 ep 022 tr=0.4158 va=1.0450 val_AccPaper=0.6271
[16:03:44] fold0 ep 023 tr=0.4114 va=1.0600 val_AccPaper=0.6102
[16:03:45] fold0 ep 024 tr=0.4087 va=1.1359 val_AccPaper=0.5932
[16:03:45]   early stop @ ep 24
[16:03:47] [S12] three fold1 ft_tr=14932 ft_va=3635 eval=18879
[16:03:48] fold1 ep 001 tr=0.9334 va=0.9292 val_AccPaper=0.6059
[16:03:50] fold1 ep 002 tr=0.7888 va=0.9016 val_AccPaper=0.5932
[16:03:51] fold1 ep 003 tr=0.7232 va=0.8935 val_AccPaper=0.6186
[16:03:52] fold1 ep 004 tr=0.6846 va=0.8869 val_AccPaper=0.6356
[16:03:53] fold1 ep 005 tr=0.6475 va=0.8794 val_AccPaper=0.6441
[16:03:54] fold1 ep 006 tr=0.6244 va=0.8942 val_AccPaper=0.6398
[16:03:56] fold1 ep 007 tr=0.5902 va=0.8882 val_AccPaper=0.6356
[16:03:57] fold1 ep 008 tr=0.5850 va=0.9322 val_AccPaper=0.6144
[16:03:58] fold1 ep 009 tr=0.5573 va=0.9342 val_AccPaper=0.6314
[16:03:59] fold1 ep 010 tr=0.5369 va=0.9243 val_AccPaper=0.6186
[16:04:00] fold1 ep 011 tr=0.5196 va=0.9378 val_AccPaper=0.6271
[16:04:02] fold1 ep 012 tr=0.5120 va=0.9704 val_AccPaper=0.6271
[16:04:03] fold1 ep 013 tr=0.5068 va=0.9739 val_AccPaper=0.6102
[16:04:04] fold1 ep 014 tr=0.4920 va=0.9655 val_AccPaper=0.6441
[16:04:05] fold1 ep 015 tr=0.4747 va=1.0076 val_AccPaper=0.6059
[16:04:06] fold1 ep 016 tr=0.4706 va=1.0688 val_AccPaper=0.6144
[16:04:08] fold1 ep 017 tr=0.4702 va=1.0163 val_AccPaper=0.6356
[16:04:09] fold1 ep 018 tr=0.4532 va=1.0584 val_AccPaper=0.5847
[16:04:10] fold1 ep 019 tr=0.4465 va=1.0477 val_AccPaper=0.5890
[16:04:11] fold1 ep 020 tr=0.4468 va=1.0585 val_AccPaper=0.5932
[16:04:12] fold1 ep 021 tr=0.4362 va=1.0998 val_AccPaper=0.5636
[16:04:14] fold1 ep 022 tr=0.4305 va=1.0972 val_AccPaper=0.5805
[16:04:15] fold1 ep 023 tr=0.4278 va=1.1185 val_AccPaper=0.5890
[16:04:16] fold1 ep 024 tr=0.4144 va=1.0947 val_AccPaper=0.5678
[16:04:17] fold1 ep 025 tr=0.4151 va=1.1231 val_AccPaper=0.5805
[16:04:17]   early stop @ ep 25
[16:04:19] [S12] three fold2 ft_tr=14932 ft_va=3635 eval=18879
[16:04:20] fold2 ep 001 tr=0.9636 va=0.9141 val_AccPaper=0.6186
[16:04:21] fold2 ep 002 tr=0.8116 va=0.9026 val_AccPaper=0.6314
[16:04:23] fold2 ep 003 tr=0.7447 va=0.8962 val_AccPaper=0.6229
[16:04:24] fold2 ep 004 tr=0.6817 va=0.8832 val_AccPaper=0.6483
[16:04:25] fold2 ep 005 tr=0.6520 va=0.9028 val_AccPaper=0.6102
[16:04:26] fold2 ep 006 tr=0.6262 va=0.8861 val_AccPaper=0.6271
[16:04:27] fold2 ep 007 tr=0.5908 va=0.8920 val_AccPaper=0.6186
[16:04:29] fold2 ep 008 tr=0.5673 va=0.9328 val_AccPaper=0.6314
[16:04:30] fold2 ep 009 tr=0.5557 va=0.9230 val_AccPaper=0.6186
[16:04:31] fold2 ep 010 tr=0.5440 va=0.9797 val_AccPaper=0.6271
[16:04:32] fold2 ep 011 tr=0.5193 va=0.9807 val_AccPaper=0.6017
[16:04:33] fold2 ep 012 tr=0.5140 va=1.0017 val_AccPaper=0.6144
[16:04:35] fold2 ep 013 tr=0.4947 va=1.0225 val_AccPaper=0.6017
[16:04:36] fold2 ep 014 tr=0.4881 va=1.0240 val_AccPaper=0.5975
[16:04:37] fold2 ep 015 tr=0.4831 va=1.0319 val_AccPaper=0.6017
[16:04:38] fold2 ep 016 tr=0.4722 va=1.0445 val_AccPaper=0.5932
[16:04:39] fold2 ep 017 tr=0.4632 va=1.0721 val_AccPaper=0.6271
[16:04:41] fold2 ep 018 tr=0.4518 va=1.0850 val_AccPaper=0.5975
[16:04:42] fold2 ep 019 tr=0.4418 va=1.1026 val_AccPaper=0.5975
[16:04:43] fold2 ep 020 tr=0.4414 va=1.0847 val_AccPaper=0.6144
[16:04:44] fold2 ep 021 tr=0.4302 va=1.1279 val_AccPaper=0.6229
[16:04:45] fold2 ep 022 tr=0.4341 va=1.1003 val_AccPaper=0.5975
[16:04:47] fold2 ep 023 tr=0.4370 va=1.1404 val_AccPaper=0.5890
[16:04:48] fold2 ep 024 tr=0.4185 va=1.1673 val_AccPaper=0.5890
[16:04:48]   early stop @ ep 24
[16:04:50] [S12] three fold3 ft_tr=14932 ft_va=3635 eval=18879
[16:04:51] fold3 ep 001 tr=0.9589 va=0.9472 val_AccPaper=0.5678
[16:04:52] fold3 ep 002 tr=0.8073 va=0.9335 val_AccPaper=0.6017
[16:04:53] fold3 ep 003 tr=0.7340 va=0.9075 val_AccPaper=0.6398
[16:04:54] fold3 ep 004 tr=0.6985 va=0.9152 val_AccPaper=0.6271
[16:04:56] fold3 ep 005 tr=0.6571 va=0.9119 val_AccPaper=0.6356
[16:04:57] fold3 ep 006 tr=0.6154 va=0.9230 val_AccPaper=0.6314
[16:04:58] fold3 ep 007 tr=0.5931 va=0.9408 val_AccPaper=0.6186
[16:04:59] fold3 ep 008 tr=0.5672 va=0.9497 val_AccPaper=0.6271
[16:05:00] fold3 ep 009 tr=0.5548 va=0.9823 val_AccPaper=0.6144
[16:05:02] fold3 ep 010 tr=0.5424 va=0.9445 val_AccPaper=0.6271
[16:05:03] fold3 ep 011 tr=0.5250 va=0.9663 val_AccPaper=0.6229
[16:05:04] fold3 ep 012 tr=0.5099 va=0.9757 val_AccPaper=0.6314
[16:05:05] fold3 ep 013 tr=0.4997 va=1.0078 val_AccPaper=0.6186
[16:05:06] fold3 ep 014 tr=0.4987 va=0.9974 val_AccPaper=0.6017
[16:05:08] fold3 ep 015 tr=0.4705 va=1.0136 val_AccPaper=0.6186
[16:05:09] fold3 ep 016 tr=0.4703 va=1.0579 val_AccPaper=0.5636
[16:05:10] fold3 ep 017 tr=0.4603 va=1.0527 val_AccPaper=0.5932
[16:05:11] fold3 ep 018 tr=0.4572 va=1.0561 val_AccPaper=0.5847
[16:05:12] fold3 ep 019 tr=0.4593 va=1.0660 val_AccPaper=0.5932
[16:05:14] fold3 ep 020 tr=0.4444 va=1.0784 val_AccPaper=0.5932
[16:05:15] fold3 ep 021 tr=0.4297 va=1.0744 val_AccPaper=0.5975
[16:05:16] fold3 ep 022 tr=0.4366 va=1.1044 val_AccPaper=0.5805
[16:05:18] fold3 ep 023 tr=0.4296 va=1.1311 val_AccPaper=0.6144
[16:05:18]   early stop @ ep 23
[16:05:20] [S12] three fold4 ft_tr=14932 ft_va=3635 eval=18879
[16:05:21] fold4 ep 001 tr=0.9867 va=0.9588 val_AccPaper=0.5847
[16:05:22] fold4 ep 002 tr=0.8040 va=0.9244 val_AccPaper=0.6229
[16:05:23] fold4 ep 003 tr=0.7268 va=0.9087 val_AccPaper=0.5932
[16:05:24] fold4 ep 004 tr=0.6810 va=0.9353 val_AccPaper=0.6186
[16:05:26] fold4 ep 005 tr=0.6385 va=0.9301 val_AccPaper=0.5932
[16:05:27] fold4 ep 006 tr=0.6101 va=0.9619 val_AccPaper=0.5975
[16:05:28] fold4 ep 007 tr=0.5810 va=0.9634 val_AccPaper=0.6144
[16:05:29] fold4 ep 008 tr=0.5555 va=1.0007 val_AccPaper=0.5890
[16:05:30] fold4 ep 009 tr=0.5533 va=0.9983 val_AccPaper=0.5678
[16:05:32] fold4 ep 010 tr=0.5243 va=0.9912 val_AccPaper=0.5932
[16:05:33] fold4 ep 011 tr=0.5095 va=1.0019 val_AccPaper=0.6483
[16:05:34] fold4 ep 012 tr=0.4932 va=1.0092 val_AccPaper=0.6017
[16:05:35] fold4 ep 013 tr=0.4873 va=1.0296 val_AccPaper=0.6314
[16:05:37] fold4 ep 014 tr=0.4768 va=1.0455 val_AccPaper=0.5975
[16:05:38] fold4 ep 015 tr=0.4669 va=1.0239 val_AccPaper=0.6229
[16:05:39] fold4 ep 016 tr=0.4633 va=1.0397 val_AccPaper=0.6144
[16:05:40] fold4 ep 017 tr=0.4480 va=1.0366 val_AccPaper=0.6102
[16:05:42] fold4 ep 018 tr=0.4439 va=1.1104 val_AccPaper=0.6059
[16:05:43] fold4 ep 019 tr=0.4422 va=1.0881 val_AccPaper=0.6271
[16:05:44] fold4 ep 020 tr=0.4318 va=1.1320 val_AccPaper=0.6102
[16:05:45] fold4 ep 021 tr=0.4280 va=1.0948 val_AccPaper=0.6059
[16:05:47] fold4 ep 022 tr=0.4262 va=1.0842 val_AccPaper=0.5975
[16:05:48] fold4 ep 023 tr=0.4169 va=1.1014 val_AccPaper=0.6229
[16:05:49] fold4 ep 024 tr=0.4135 va=1.1095 val_AccPaper=0.6144
[16:05:50] fold4 ep 025 tr=0.4012 va=1.1551 val_AccPaper=0.6059
[16:05:52] fold4 ep 026 tr=0.4028 va=1.1712 val_AccPaper=0.5890
[16:05:53] fold4 ep 027 tr=0.3978 va=1.1354 val_AccPaper=0.5932
[16:05:54] fold4 ep 028 tr=0.3871 va=1.1368 val_AccPaper=0.5763
[16:05:56] fold4 ep 029 tr=0.3908 va=1.1661 val_AccPaper=0.6059
[16:05:57] fold4 ep 030 tr=0.3772 va=1.1622 val_AccPaper=0.6017
[16:05:58] fold4 ep 031 tr=0.3851 va=1.1240 val_AccPaper=0.6017
[16:05:58]   early stop @ ep 31
[16:06:01] === S13 cues=1397 train=698 eval=699 ===
[16:06:03] [S13] task fold0 ft_tr=17706 ft_va=4233 eval=22586
[16:06:05] fold0 ep 001 tr=0.5395 va=0.5947 val_AccPaper=0.7643
[16:06:06] fold0 ep 002 tr=0.4171 va=0.5179 val_AccPaper=0.8000
[16:06:07] fold0 ep 003 tr=0.3897 va=0.5631 val_AccPaper=0.7714
[16:06:09] fold0 ep 004 tr=0.3667 va=0.5384 val_AccPaper=0.8071
[16:06:10] fold0 ep 005 tr=0.3354 va=0.5379 val_AccPaper=0.8036
[16:06:12] fold0 ep 006 tr=0.3237 va=0.5537 val_AccPaper=0.7964
[16:06:13] fold0 ep 007 tr=0.3042 va=0.5790 val_AccPaper=0.7964
[16:06:15] fold0 ep 008 tr=0.2962 va=0.5703 val_AccPaper=0.7929
[16:06:16] fold0 ep 009 tr=0.2832 va=0.5897 val_AccPaper=0.7786
[16:06:18] fold0 ep 010 tr=0.2738 va=0.6129 val_AccPaper=0.7714
[16:06:19] fold0 ep 011 tr=0.2640 va=0.5888 val_AccPaper=0.7786
[16:06:21] fold0 ep 012 tr=0.2591 va=0.6682 val_AccPaper=0.7500
[16:06:22] fold0 ep 013 tr=0.2520 va=0.6243 val_AccPaper=0.7500
[16:06:24] fold0 ep 014 tr=0.2519 va=0.6452 val_AccPaper=0.7714
[16:06:25] fold0 ep 015 tr=0.2444 va=0.6560 val_AccPaper=0.7679
[16:06:27] fold0 ep 016 tr=0.2426 va=0.6585 val_AccPaper=0.7679
[16:06:28] fold0 ep 017 tr=0.2396 va=0.7398 val_AccPaper=0.7464
[16:06:30] fold0 ep 018 tr=0.2318 va=0.7163 val_AccPaper=0.7393
[16:06:31] fold0 ep 019 tr=0.2275 va=0.6955 val_AccPaper=0.7429
[16:06:33] fold0 ep 020 tr=0.2185 va=0.6957 val_AccPaper=0.7607
[16:06:34] fold0 ep 021 tr=0.2251 va=0.7434 val_AccPaper=0.7607
[16:06:36] fold0 ep 022 tr=0.2180 va=0.7435 val_AccPaper=0.7679
[16:06:37] fold0 ep 023 tr=0.2150 va=0.7038 val_AccPaper=0.7857
[16:06:38] fold0 ep 024 tr=0.2138 va=0.7223 val_AccPaper=0.7607
[16:06:38]   early stop @ ep 24
[16:06:41] [S13] task fold1 ft_tr=17706 ft_va=4233 eval=22586
[16:06:42] fold1 ep 001 tr=0.5440 va=0.5381 val_AccPaper=0.7464
[16:06:43] fold1 ep 002 tr=0.4253 va=0.5297 val_AccPaper=0.8000
[16:06:45] fold1 ep 003 tr=0.3903 va=0.5378 val_AccPaper=0.7893
[16:06:46] fold1 ep 004 tr=0.3542 va=0.5340 val_AccPaper=0.7857
[16:06:48] fold1 ep 005 tr=0.3412 va=0.5741 val_AccPaper=0.7643
[16:06:49] fold1 ep 006 tr=0.3258 va=0.5888 val_AccPaper=0.7643
[16:06:51] fold1 ep 007 tr=0.3119 va=0.5514 val_AccPaper=0.7929
[16:06:52] fold1 ep 008 tr=0.3009 va=0.5608 val_AccPaper=0.7964
[16:06:53] fold1 ep 009 tr=0.2802 va=0.5762 val_AccPaper=0.7821
[16:06:55] fold1 ep 010 tr=0.2836 va=0.6269 val_AccPaper=0.7786
[16:06:56] fold1 ep 011 tr=0.2795 va=0.6181 val_AccPaper=0.7786
[16:06:58] fold1 ep 012 tr=0.2637 va=0.6190 val_AccPaper=0.7786
[16:06:59] fold1 ep 013 tr=0.2597 va=0.6504 val_AccPaper=0.7643
[16:07:00] fold1 ep 014 tr=0.2495 va=0.6388 val_AccPaper=0.7893
[16:07:02] fold1 ep 015 tr=0.2489 va=0.6527 val_AccPaper=0.7857
[16:07:03] fold1 ep 016 tr=0.2426 va=0.6557 val_AccPaper=0.7929
[16:07:05] fold1 ep 017 tr=0.2327 va=0.6588 val_AccPaper=0.7929
[16:07:06] fold1 ep 018 tr=0.2367 va=0.6957 val_AccPaper=0.7714
[16:07:08] fold1 ep 019 tr=0.2313 va=0.6544 val_AccPaper=0.7821
[16:07:09] fold1 ep 020 tr=0.2205 va=0.7084 val_AccPaper=0.7857
[16:07:10] fold1 ep 021 tr=0.2271 va=0.7359 val_AccPaper=0.7643
[16:07:12] fold1 ep 022 tr=0.2219 va=0.6809 val_AccPaper=0.7821
[16:07:12]   early stop @ ep 22
[16:07:14] [S13] task fold2 ft_tr=17706 ft_va=4233 eval=22586
[16:07:15] fold2 ep 001 tr=0.5556 va=0.5714 val_AccPaper=0.7429
[16:07:17] fold2 ep 002 tr=0.4188 va=0.5766 val_AccPaper=0.7429
[16:07:18] fold2 ep 003 tr=0.3839 va=0.5695 val_AccPaper=0.7536
[16:07:20] fold2 ep 004 tr=0.3579 va=0.5893 val_AccPaper=0.7679
[16:07:21] fold2 ep 005 tr=0.3407 va=0.5783 val_AccPaper=0.7643
[16:07:22] fold2 ep 006 tr=0.3250 va=0.5733 val_AccPaper=0.7893
[16:07:24] fold2 ep 007 tr=0.3065 va=0.5972 val_AccPaper=0.7893
[16:07:25] fold2 ep 008 tr=0.2922 va=0.5879 val_AccPaper=0.7893
[16:07:27] fold2 ep 009 tr=0.2944 va=0.5841 val_AccPaper=0.7964
[16:07:28] fold2 ep 010 tr=0.2735 va=0.6489 val_AccPaper=0.7786
[16:07:30] fold2 ep 011 tr=0.2732 va=0.6546 val_AccPaper=0.7607
[16:07:31] fold2 ep 012 tr=0.2654 va=0.6494 val_AccPaper=0.7750
[16:07:32] fold2 ep 013 tr=0.2605 va=0.6177 val_AccPaper=0.7857
[16:07:34] fold2 ep 014 tr=0.2508 va=0.6600 val_AccPaper=0.7607
[16:07:35] fold2 ep 015 tr=0.2529 va=0.6208 val_AccPaper=0.7786
[16:07:37] fold2 ep 016 tr=0.2429 va=0.6637 val_AccPaper=0.7679
[16:07:38] fold2 ep 017 tr=0.2321 va=0.6674 val_AccPaper=0.7893
[16:07:39] fold2 ep 018 tr=0.2399 va=0.6652 val_AccPaper=0.7643
[16:07:41] fold2 ep 019 tr=0.2403 va=0.6611 val_AccPaper=0.7643
[16:07:42] fold2 ep 020 tr=0.2323 va=0.6789 val_AccPaper=0.7750
[16:07:44] fold2 ep 021 tr=0.2311 va=0.6817 val_AccPaper=0.7643
[16:07:45] fold2 ep 022 tr=0.2242 va=0.6810 val_AccPaper=0.7536
[16:07:46] fold2 ep 023 tr=0.2185 va=0.7332 val_AccPaper=0.7714
[16:07:48] fold2 ep 024 tr=0.2130 va=0.7257 val_AccPaper=0.7750
[16:07:49] fold2 ep 025 tr=0.2074 va=0.6938 val_AccPaper=0.7643
[16:07:51] fold2 ep 026 tr=0.2123 va=0.7091 val_AccPaper=0.7643
[16:07:52] fold2 ep 027 tr=0.2160 va=0.7220 val_AccPaper=0.7643
[16:07:54] fold2 ep 028 tr=0.2007 va=0.6990 val_AccPaper=0.7500
[16:07:55] fold2 ep 029 tr=0.2059 va=0.7251 val_AccPaper=0.7500
[16:07:55]   early stop @ ep 29
[16:07:57] [S13] task fold3 ft_tr=17706 ft_va=4233 eval=22586
[16:07:59] fold3 ep 001 tr=0.5381 va=0.5332 val_AccPaper=0.7714
[16:08:00] fold3 ep 002 tr=0.4368 va=0.5481 val_AccPaper=0.7714
[16:08:02] fold3 ep 003 tr=0.3984 va=0.5252 val_AccPaper=0.7821
[16:08:03] fold3 ep 004 tr=0.3720 va=0.5493 val_AccPaper=0.7929
[16:08:04] fold3 ep 005 tr=0.3532 va=0.5292 val_AccPaper=0.8000
[16:08:06] fold3 ep 006 tr=0.3374 va=0.5371 val_AccPaper=0.7786
[16:08:07] fold3 ep 007 tr=0.3148 va=0.5731 val_AccPaper=0.7786
[16:08:09] fold3 ep 008 tr=0.3066 va=0.5341 val_AccPaper=0.7929
[16:08:10] fold3 ep 009 tr=0.2970 va=0.5844 val_AccPaper=0.7821
[16:08:11] fold3 ep 010 tr=0.2895 va=0.6063 val_AccPaper=0.7821
[16:08:13] fold3 ep 011 tr=0.2790 va=0.5943 val_AccPaper=0.7750
[16:08:14] fold3 ep 012 tr=0.2761 va=0.5860 val_AccPaper=0.7714
[16:08:16] fold3 ep 013 tr=0.2701 va=0.6097 val_AccPaper=0.7857
[16:08:17] fold3 ep 014 tr=0.2644 va=0.5988 val_AccPaper=0.7750
[16:08:18] fold3 ep 015 tr=0.2548 va=0.6107 val_AccPaper=0.7857
[16:08:20] fold3 ep 016 tr=0.2527 va=0.6764 val_AccPaper=0.7893
[16:08:21] fold3 ep 017 tr=0.2448 va=0.6221 val_AccPaper=0.7714
[16:08:23] fold3 ep 018 tr=0.2460 va=0.6194 val_AccPaper=0.7893
[16:08:24] fold3 ep 019 tr=0.2357 va=0.7789 val_AccPaper=0.7893
[16:08:26] fold3 ep 020 tr=0.2362 va=0.7024 val_AccPaper=0.7821
[16:08:27] fold3 ep 021 tr=0.2310 va=0.6659 val_AccPaper=0.7786
[16:08:28] fold3 ep 022 tr=0.2368 va=0.6821 val_AccPaper=0.7857
[16:08:30] fold3 ep 023 tr=0.2200 va=0.6594 val_AccPaper=0.7750
[16:08:31] fold3 ep 024 tr=0.2254 va=0.6692 val_AccPaper=0.8000
[16:08:33] fold3 ep 025 tr=0.2207 va=0.6886 val_AccPaper=0.7857
[16:08:33]   early stop @ ep 25
[16:08:35] [S13] task fold4 ft_tr=17706 ft_va=4233 eval=22586
[16:08:36] fold4 ep 001 tr=0.5526 va=0.5508 val_AccPaper=0.7607
[16:08:38] fold4 ep 002 tr=0.4309 va=0.5215 val_AccPaper=0.7821
[16:08:39] fold4 ep 003 tr=0.3853 va=0.5802 val_AccPaper=0.7536
[16:08:40] fold4 ep 004 tr=0.3646 va=0.5626 val_AccPaper=0.7679
[16:08:42] fold4 ep 005 tr=0.3396 va=0.5696 val_AccPaper=0.7607
[16:08:43] fold4 ep 006 tr=0.3306 va=0.5862 val_AccPaper=0.7571
[16:08:45] fold4 ep 007 tr=0.3186 va=0.5773 val_AccPaper=0.7821
[16:08:46] fold4 ep 008 tr=0.2925 va=0.5788 val_AccPaper=0.7679
[16:08:48] fold4 ep 009 tr=0.2908 va=0.6330 val_AccPaper=0.7643
[16:08:49] fold4 ep 010 tr=0.2801 va=0.6640 val_AccPaper=0.7607
[16:08:50] fold4 ep 011 tr=0.2750 va=0.6178 val_AccPaper=0.7821
[16:08:52] fold4 ep 012 tr=0.2639 va=0.6431 val_AccPaper=0.7679
[16:08:53] fold4 ep 013 tr=0.2537 va=0.6185 val_AccPaper=0.7750
[16:08:55] fold4 ep 014 tr=0.2481 va=0.6268 val_AccPaper=0.7929
[16:08:56] fold4 ep 015 tr=0.2411 va=0.6190 val_AccPaper=0.7679
[16:08:57] fold4 ep 016 tr=0.2303 va=0.6918 val_AccPaper=0.7571
[16:08:59] fold4 ep 017 tr=0.2379 va=0.6413 val_AccPaper=0.7714
[16:09:00] fold4 ep 018 tr=0.2262 va=0.6698 val_AccPaper=0.7500
[16:09:02] fold4 ep 019 tr=0.2282 va=0.6785 val_AccPaper=0.7500
[16:09:03] fold4 ep 020 tr=0.2224 va=0.7016 val_AccPaper=0.7500
[16:09:04] fold4 ep 021 tr=0.2185 va=0.7186 val_AccPaper=0.7571
[16:09:06] fold4 ep 022 tr=0.2100 va=0.7014 val_AccPaper=0.7464
[16:09:07] fold4 ep 023 tr=0.2135 va=0.6895 val_AccPaper=0.7571
[16:09:09] fold4 ep 024 tr=0.2084 va=0.6817 val_AccPaper=0.7607
[16:09:10] fold4 ep 025 tr=0.2052 va=0.7019 val_AccPaper=0.7607
[16:09:12] fold4 ep 026 tr=0.2078 va=0.6782 val_AccPaper=0.7607
[16:09:13] fold4 ep 027 tr=0.2070 va=0.6897 val_AccPaper=0.7429
[16:09:14] fold4 ep 028 tr=0.1979 va=0.7236 val_AccPaper=0.7643
[16:09:16] fold4 ep 029 tr=0.1962 va=0.7376 val_AccPaper=0.7429
[16:09:17] fold4 ep 030 tr=0.1974 va=0.7715 val_AccPaper=0.7429
[16:09:19] fold4 ep 031 tr=0.1934 va=0.7294 val_AccPaper=0.7429
[16:09:20] fold4 ep 032 tr=0.1931 va=0.7930 val_AccPaper=0.7429
[16:09:21] fold4 ep 033 tr=0.1921 va=0.7150 val_AccPaper=0.7643
[16:09:23] fold4 ep 034 tr=0.1883 va=0.7732 val_AccPaper=0.7607
[16:09:23]   early stop @ ep 34
[16:09:25] [S13] three fold0 ft_tr=17706 ft_va=4233 eval=22586
[16:09:26] fold0 ep 001 tr=0.9014 va=0.9253 val_AccPaper=0.6071
[16:09:28] fold0 ep 002 tr=0.7480 va=0.9240 val_AccPaper=0.6071
[16:09:29] fold0 ep 003 tr=0.6797 va=0.9489 val_AccPaper=0.6536
[16:09:31] fold0 ep 004 tr=0.6258 va=0.9432 val_AccPaper=0.6286
[16:09:32] fold0 ep 005 tr=0.6073 va=0.9496 val_AccPaper=0.6464
[16:09:34] fold0 ep 006 tr=0.5719 va=0.9844 val_AccPaper=0.6321
[16:09:35] fold0 ep 007 tr=0.5510 va=0.9931 val_AccPaper=0.6464
[16:09:36] fold0 ep 008 tr=0.5369 va=0.9904 val_AccPaper=0.6321
[16:09:38] fold0 ep 009 tr=0.5172 va=1.0154 val_AccPaper=0.6179
[16:09:39] fold0 ep 010 tr=0.4992 va=1.0144 val_AccPaper=0.6214
[16:09:41] fold0 ep 011 tr=0.4968 va=1.0247 val_AccPaper=0.6393
[16:09:42] fold0 ep 012 tr=0.4878 va=1.0396 val_AccPaper=0.6143
[16:09:43] fold0 ep 013 tr=0.4668 va=1.0499 val_AccPaper=0.6179
[16:09:45] fold0 ep 014 tr=0.4665 va=1.0641 val_AccPaper=0.6250
[16:09:46] fold0 ep 015 tr=0.4589 va=1.0774 val_AccPaper=0.6179
[16:09:48] fold0 ep 016 tr=0.4513 va=1.0852 val_AccPaper=0.6071
[16:09:49] fold0 ep 017 tr=0.4394 va=1.0760 val_AccPaper=0.6214
[16:09:51] fold0 ep 018 tr=0.4411 va=1.0988 val_AccPaper=0.6143
[16:09:52] fold0 ep 019 tr=0.4298 va=1.1132 val_AccPaper=0.6286
[16:09:54] fold0 ep 020 tr=0.4250 va=1.1351 val_AccPaper=0.6143
[16:09:55] fold0 ep 021 tr=0.4182 va=1.1281 val_AccPaper=0.6143
[16:09:56] fold0 ep 022 tr=0.4084 va=1.1472 val_AccPaper=0.6214
[16:09:58] fold0 ep 023 tr=0.4050 va=1.1439 val_AccPaper=0.6143
[16:09:58]   early stop @ ep 23
[16:10:00] [S13] three fold1 ft_tr=17706 ft_va=4233 eval=22586
[16:10:01] fold1 ep 001 tr=0.9059 va=0.9097 val_AccPaper=0.5964
[16:10:03] fold1 ep 002 tr=0.7576 va=0.9217 val_AccPaper=0.6286
[16:10:04] fold1 ep 003 tr=0.7023 va=0.9151 val_AccPaper=0.6143
[16:10:06] fold1 ep 004 tr=0.6693 va=0.9251 val_AccPaper=0.6321
[16:10:07] fold1 ep 005 tr=0.6320 va=0.9514 val_AccPaper=0.6036
[16:10:09] fold1 ep 006 tr=0.6057 va=0.9696 val_AccPaper=0.6143
[16:10:10] fold1 ep 007 tr=0.5893 va=0.9776 val_AccPaper=0.6393
[16:10:11] fold1 ep 008 tr=0.5545 va=0.9972 val_AccPaper=0.6214
[16:10:13] fold1 ep 009 tr=0.5406 va=1.0199 val_AccPaper=0.6179
[16:10:14] fold1 ep 010 tr=0.5192 va=1.0283 val_AccPaper=0.6107
[16:10:16] fold1 ep 011 tr=0.5095 va=1.0526 val_AccPaper=0.6000
[16:10:17] fold1 ep 012 tr=0.5019 va=1.0428 val_AccPaper=0.6393
[16:10:18] fold1 ep 013 tr=0.4832 va=1.0562 val_AccPaper=0.6179
[16:10:20] fold1 ep 014 tr=0.4762 va=1.0623 val_AccPaper=0.6286
[16:10:21] fold1 ep 015 tr=0.4752 va=1.0754 val_AccPaper=0.6321
[16:10:23] fold1 ep 016 tr=0.4648 va=1.1142 val_AccPaper=0.6286
[16:10:24] fold1 ep 017 tr=0.4521 va=1.1072 val_AccPaper=0.6286
[16:10:26] fold1 ep 018 tr=0.4506 va=1.1172 val_AccPaper=0.6357
[16:10:27] fold1 ep 019 tr=0.4400 va=1.1454 val_AccPaper=0.6250
[16:10:29] fold1 ep 020 tr=0.4369 va=1.1687 val_AccPaper=0.5893
[16:10:30] fold1 ep 021 tr=0.4230 va=1.1861 val_AccPaper=0.6393
[16:10:31] fold1 ep 022 tr=0.4287 va=1.1748 val_AccPaper=0.6071
[16:10:33] fold1 ep 023 tr=0.4191 va=1.1732 val_AccPaper=0.6071
[16:10:34] fold1 ep 024 tr=0.4161 va=1.1779 val_AccPaper=0.6214
[16:10:36] fold1 ep 025 tr=0.4054 va=1.1999 val_AccPaper=0.6071
[16:10:37] fold1 ep 026 tr=0.3961 va=1.2443 val_AccPaper=0.6071
[16:10:38] fold1 ep 027 tr=0.4001 va=1.2354 val_AccPaper=0.5964
[16:10:38]   early stop @ ep 27
[16:10:41] [S13] three fold2 ft_tr=17706 ft_va=4233 eval=22586
[16:10:42] fold2 ep 001 tr=0.8880 va=0.9440 val_AccPaper=0.5857
[16:10:44] fold2 ep 002 tr=0.7568 va=0.8941 val_AccPaper=0.6143
[16:10:45] fold2 ep 003 tr=0.6864 va=0.9243 val_AccPaper=0.6286
[16:10:46] fold2 ep 004 tr=0.6545 va=0.9362 val_AccPaper=0.6321
[16:10:48] fold2 ep 005 tr=0.6261 va=0.9543 val_AccPaper=0.6286
[16:10:49] fold2 ep 006 tr=0.5950 va=0.9735 val_AccPaper=0.6286
[16:10:51] fold2 ep 007 tr=0.5714 va=1.0018 val_AccPaper=0.6393
[16:10:52] fold2 ep 008 tr=0.5513 va=1.0107 val_AccPaper=0.6393
[16:10:54] fold2 ep 009 tr=0.5392 va=1.0071 val_AccPaper=0.6393
[16:10:55] fold2 ep 010 tr=0.5316 va=1.0077 val_AccPaper=0.6393
[16:10:56] fold2 ep 011 tr=0.5163 va=1.0507 val_AccPaper=0.6607
[16:10:58] fold2 ep 012 tr=0.5002 va=1.0460 val_AccPaper=0.6357
[16:10:59] fold2 ep 013 tr=0.4961 va=1.0428 val_AccPaper=0.6250
[16:11:01] fold2 ep 014 tr=0.4782 va=1.0935 val_AccPaper=0.6036
[16:11:02] fold2 ep 015 tr=0.4749 va=1.0786 val_AccPaper=0.6393
[16:11:04] fold2 ep 016 tr=0.4627 va=1.0996 val_AccPaper=0.6107
[16:11:05] fold2 ep 017 tr=0.4591 va=1.1224 val_AccPaper=0.6321
[16:11:06] fold2 ep 018 tr=0.4512 va=1.1213 val_AccPaper=0.6250
[16:11:08] fold2 ep 019 tr=0.4445 va=1.1177 val_AccPaper=0.6571
[16:11:09] fold2 ep 020 tr=0.4441 va=1.1486 val_AccPaper=0.6286
[16:11:11] fold2 ep 021 tr=0.4279 va=1.1318 val_AccPaper=0.6464
[16:11:12] fold2 ep 022 tr=0.4357 va=1.1525 val_AccPaper=0.6321
[16:11:13] fold2 ep 023 tr=0.4279 va=1.1320 val_AccPaper=0.6500
[16:11:15] fold2 ep 024 tr=0.4103 va=1.1636 val_AccPaper=0.6393
[16:11:16] fold2 ep 025 tr=0.4166 va=1.1606 val_AccPaper=0.6286
[16:11:18] fold2 ep 026 tr=0.4057 va=1.1862 val_AccPaper=0.6286
[16:11:19] fold2 ep 027 tr=0.4186 va=1.1919 val_AccPaper=0.6214
[16:11:20] fold2 ep 028 tr=0.4113 va=1.1711 val_AccPaper=0.6179
[16:11:22] fold2 ep 029 tr=0.3941 va=1.2078 val_AccPaper=0.6321
[16:11:23] fold2 ep 030 tr=0.3895 va=1.1564 val_AccPaper=0.6179
[16:11:25] fold2 ep 031 tr=0.3922 va=1.1730 val_AccPaper=0.6143
[16:11:25]   early stop @ ep 31
[16:11:27] [S13] three fold3 ft_tr=17706 ft_va=4233 eval=22586
[16:11:28] fold3 ep 001 tr=0.9083 va=0.9349 val_AccPaper=0.6036
[16:11:30] fold3 ep 002 tr=0.7564 va=0.9341 val_AccPaper=0.6286
[16:11:31] fold3 ep 003 tr=0.6926 va=0.9333 val_AccPaper=0.6357
[16:11:33] fold3 ep 004 tr=0.6636 va=0.9452 val_AccPaper=0.6107
[16:11:34] fold3 ep 005 tr=0.6223 va=0.9484 val_AccPaper=0.6250
[16:11:36] fold3 ep 006 tr=0.6006 va=0.9640 val_AccPaper=0.6214
[16:11:37] fold3 ep 007 tr=0.5755 va=0.9725 val_AccPaper=0.6321
[16:11:39] fold3 ep 008 tr=0.5550 va=1.0022 val_AccPaper=0.6036
[16:11:41] fold3 ep 009 tr=0.5476 va=1.0260 val_AccPaper=0.6321
[16:11:42] fold3 ep 010 tr=0.5309 va=1.0132 val_AccPaper=0.6143
[16:11:44] fold3 ep 011 tr=0.5126 va=1.0281 val_AccPaper=0.6107
[16:11:45] fold3 ep 012 tr=0.4949 va=1.0747 val_AccPaper=0.6143
[16:11:47] fold3 ep 013 tr=0.4853 va=1.0636 val_AccPaper=0.6179
[16:11:48] fold3 ep 014 tr=0.4749 va=1.0709 val_AccPaper=0.6286
[16:11:50] fold3 ep 015 tr=0.4845 va=1.0879 val_AccPaper=0.6143
[16:11:51] fold3 ep 016 tr=0.4651 va=1.0947 val_AccPaper=0.6250
[16:11:53] fold3 ep 017 tr=0.4581 va=1.1031 val_AccPaper=0.6071
[16:11:54] fold3 ep 018 tr=0.4418 va=1.1091 val_AccPaper=0.6321
[16:11:56] fold3 ep 019 tr=0.4459 va=1.1291 val_AccPaper=0.6321
[16:11:57] fold3 ep 020 tr=0.4435 va=1.1524 val_AccPaper=0.6357
[16:11:59] fold3 ep 021 tr=0.4343 va=1.1804 val_AccPaper=0.6464
[16:12:00] fold3 ep 022 tr=0.4350 va=1.1433 val_AccPaper=0.5929
[16:12:02] fold3 ep 023 tr=0.4212 va=1.1605 val_AccPaper=0.6286
[16:12:03] fold3 ep 024 tr=0.4230 va=1.1634 val_AccPaper=0.5929
[16:12:05] fold3 ep 025 tr=0.4166 va=1.1878 val_AccPaper=0.6143
[16:12:06] fold3 ep 026 tr=0.4164 va=1.1945 val_AccPaper=0.6250
[16:12:08] fold3 ep 027 tr=0.4072 va=1.2149 val_AccPaper=0.6464
[16:12:10] fold3 ep 028 tr=0.4097 va=1.2553 val_AccPaper=0.6214
[16:12:11] fold3 ep 029 tr=0.3979 va=1.1940 val_AccPaper=0.6143
[16:12:13] fold3 ep 030 tr=0.3952 va=1.2717 val_AccPaper=0.6214
[16:12:14] fold3 ep 031 tr=0.3950 va=1.2555 val_AccPaper=0.5929
[16:12:16] fold3 ep 032 tr=0.3875 va=1.2809 val_AccPaper=0.6179
[16:12:17] fold3 ep 033 tr=0.3867 va=1.2443 val_AccPaper=0.6107
[16:12:19] fold3 ep 034 tr=0.3802 va=1.3011 val_AccPaper=0.6071
[16:12:20] fold3 ep 035 tr=0.3854 va=1.2760 val_AccPaper=0.6179
[16:12:22] fold3 ep 036 tr=0.3725 va=1.2768 val_AccPaper=0.5929
[16:12:23] fold3 ep 037 tr=0.3737 va=1.3205 val_AccPaper=0.6250
[16:12:25] fold3 ep 038 tr=0.3759 va=1.3018 val_AccPaper=0.6179
[16:12:26] fold3 ep 039 tr=0.3641 va=1.2907 val_AccPaper=0.6107
[16:12:28] fold3 ep 040 tr=0.3718 va=1.2464 val_AccPaper=0.6036
[16:12:29] fold3 ep 041 tr=0.3742 va=1.3221 val_AccPaper=0.6286
[16:12:29]   early stop @ ep 41
[16:12:31] [S13] three fold4 ft_tr=17706 ft_va=4233 eval=22586
[16:12:33] fold4 ep 001 tr=0.9111 va=0.9145 val_AccPaper=0.6071
[16:12:34] fold4 ep 002 tr=0.7522 va=0.9213 val_AccPaper=0.6286
[16:12:36] fold4 ep 003 tr=0.6853 va=0.9068 val_AccPaper=0.6214
[16:12:37] fold4 ep 004 tr=0.6495 va=0.9337 val_AccPaper=0.6179
[16:12:39] fold4 ep 005 tr=0.6093 va=0.9512 val_AccPaper=0.6536
[16:12:40] fold4 ep 006 tr=0.5856 va=0.9780 val_AccPaper=0.6250
[16:12:42] fold4 ep 007 tr=0.5644 va=0.9833 val_AccPaper=0.6214
[16:12:43] fold4 ep 008 tr=0.5439 va=1.0268 val_AccPaper=0.6393
[16:12:44] fold4 ep 009 tr=0.5304 va=1.0312 val_AccPaper=0.6143
[16:12:46] fold4 ep 010 tr=0.5118 va=1.0409 val_AccPaper=0.6250
[16:12:47] fold4 ep 011 tr=0.5125 va=1.0553 val_AccPaper=0.6393
[16:12:49] fold4 ep 012 tr=0.4820 va=1.0662 val_AccPaper=0.6143
[16:12:50] fold4 ep 013 tr=0.4833 va=1.1007 val_AccPaper=0.6214
[16:12:52] fold4 ep 014 tr=0.4829 va=1.0711 val_AccPaper=0.6143
[16:12:53] fold4 ep 015 tr=0.4723 va=1.1056 val_AccPaper=0.6143
[16:12:54] fold4 ep 016 tr=0.4552 va=1.0873 val_AccPaper=0.6071
[16:12:56] fold4 ep 017 tr=0.4547 va=1.0926 val_AccPaper=0.6286
[16:12:57] fold4 ep 018 tr=0.4464 va=1.1328 val_AccPaper=0.6143
[16:12:59] fold4 ep 019 tr=0.4407 va=1.1450 val_AccPaper=0.6143
[16:13:00] fold4 ep 020 tr=0.4303 va=1.1384 val_AccPaper=0.6143
[16:13:02] fold4 ep 021 tr=0.4171 va=1.1501 val_AccPaper=0.6179
[16:13:03] fold4 ep 022 tr=0.4239 va=1.1629 val_AccPaper=0.5929
[16:13:04] fold4 ep 023 tr=0.4131 va=1.1835 val_AccPaper=0.5893
[16:13:06] fold4 ep 024 tr=0.4060 va=1.1969 val_AccPaper=0.6036
[16:13:07] fold4 ep 025 tr=0.4072 va=1.2143 val_AccPaper=0.5929
[16:13:07]   early stop @ ep 25
[16:13:11] === S14 cues=1223 train=611 eval=612 ===
[16:13:11] [S14] task fold0 ft_tr=15122 ft_va=3798 eval=18377
[16:13:13] fold0 ep 001 tr=0.4730 va=0.4416 val_AccPaper=0.8115
[16:13:14] fold0 ep 002 tr=0.3809 va=0.4351 val_AccPaper=0.8033
[16:13:15] fold0 ep 003 tr=0.3224 va=0.4274 val_AccPaper=0.7992
[16:13:17] fold0 ep 004 tr=0.2983 va=0.4472 val_AccPaper=0.8115
[16:13:18] fold0 ep 005 tr=0.2780 va=0.4187 val_AccPaper=0.8033
[16:13:19] fold0 ep 006 tr=0.2661 va=0.4307 val_AccPaper=0.8197
[16:13:20] fold0 ep 007 tr=0.2465 va=0.4314 val_AccPaper=0.8115
[16:13:21] fold0 ep 008 tr=0.2377 va=0.4504 val_AccPaper=0.8197
[16:13:23] fold0 ep 009 tr=0.2254 va=0.4581 val_AccPaper=0.8156
[16:13:24] fold0 ep 010 tr=0.2176 va=0.4662 val_AccPaper=0.8115
[16:13:25] fold0 ep 011 tr=0.2092 va=0.4838 val_AccPaper=0.8033
[16:13:26] fold0 ep 012 tr=0.2001 va=0.4673 val_AccPaper=0.8279
[16:13:27] fold0 ep 013 tr=0.2037 va=0.4773 val_AccPaper=0.7992
[16:13:29] fold0 ep 014 tr=0.1946 va=0.4837 val_AccPaper=0.7992
[16:13:30] fold0 ep 015 tr=0.1795 va=0.5070 val_AccPaper=0.8074
[16:13:31] fold0 ep 016 tr=0.1804 va=0.5006 val_AccPaper=0.8156
[16:13:32] fold0 ep 017 tr=0.1713 va=0.5239 val_AccPaper=0.8156
[16:13:34] fold0 ep 018 tr=0.1759 va=0.4923 val_AccPaper=0.8074
[16:13:35] fold0 ep 019 tr=0.1738 va=0.5247 val_AccPaper=0.8156
[16:13:36] fold0 ep 020 tr=0.1633 va=0.5231 val_AccPaper=0.8074
[16:13:37] fold0 ep 021 tr=0.1642 va=0.5950 val_AccPaper=0.8156
[16:13:38] fold0 ep 022 tr=0.1590 va=0.5567 val_AccPaper=0.8238
[16:13:40] fold0 ep 023 tr=0.1566 va=0.5289 val_AccPaper=0.7992
[16:13:41] fold0 ep 024 tr=0.1561 va=0.5543 val_AccPaper=0.8238
[16:13:42] fold0 ep 025 tr=0.1506 va=0.5541 val_AccPaper=0.8115
[16:13:43] fold0 ep 026 tr=0.1445 va=0.5677 val_AccPaper=0.8361
[16:13:44] fold0 ep 027 tr=0.1503 va=0.5533 val_AccPaper=0.8279
[16:13:46] fold0 ep 028 tr=0.1477 va=0.5809 val_AccPaper=0.8197
[16:13:47] fold0 ep 029 tr=0.1435 va=0.5769 val_AccPaper=0.8238
[16:13:48] fold0 ep 030 tr=0.1478 va=0.5689 val_AccPaper=0.8156
[16:13:49] fold0 ep 031 tr=0.1299 va=0.5882 val_AccPaper=0.8033
[16:13:51] fold0 ep 032 tr=0.1342 va=0.6074 val_AccPaper=0.8197
[16:13:52] fold0 ep 033 tr=0.1429 va=0.5935 val_AccPaper=0.8156
[16:13:53] fold0 ep 034 tr=0.1353 va=0.6127 val_AccPaper=0.8156
[16:13:54] fold0 ep 035 tr=0.1308 va=0.6415 val_AccPaper=0.8197
[16:13:55] fold0 ep 036 tr=0.1293 va=0.6249 val_AccPaper=0.8033
[16:13:57] fold0 ep 037 tr=0.1330 va=0.6301 val_AccPaper=0.7910
[16:13:58] fold0 ep 038 tr=0.1326 va=0.6751 val_AccPaper=0.8074
[16:13:59] fold0 ep 039 tr=0.1270 va=0.6505 val_AccPaper=0.8074
[16:14:00] fold0 ep 040 tr=0.1240 va=0.6604 val_AccPaper=0.8074
[16:14:02] fold0 ep 041 tr=0.1295 va=0.6619 val_AccPaper=0.8197
[16:14:03] fold0 ep 042 tr=0.1251 va=0.6754 val_AccPaper=0.8033
[16:14:04] fold0 ep 043 tr=0.1241 va=0.6251 val_AccPaper=0.8156
[16:14:05] fold0 ep 044 tr=0.1195 va=0.6596 val_AccPaper=0.8156
[16:14:06] fold0 ep 045 tr=0.1183 va=0.6715 val_AccPaper=0.8115
[16:14:08] fold0 ep 046 tr=0.1209 va=0.6894 val_AccPaper=0.8115
[16:14:08]   early stop @ ep 46
[16:14:09] [S14] task fold1 ft_tr=15122 ft_va=3798 eval=18377
[16:14:11] fold1 ep 001 tr=0.4685 va=0.4777 val_AccPaper=0.7951
[16:14:12] fold1 ep 002 tr=0.3611 va=0.4464 val_AccPaper=0.7992
[16:14:13] fold1 ep 003 tr=0.3203 va=0.4324 val_AccPaper=0.8279
[16:14:14] fold1 ep 004 tr=0.2961 va=0.4302 val_AccPaper=0.8279
[16:14:15] fold1 ep 005 tr=0.2754 va=0.4372 val_AccPaper=0.8320
[16:14:17] fold1 ep 006 tr=0.2611 va=0.4441 val_AccPaper=0.8238
[16:14:18] fold1 ep 007 tr=0.2437 va=0.4594 val_AccPaper=0.8033
[16:14:19] fold1 ep 008 tr=0.2356 va=0.4905 val_AccPaper=0.7992
[16:14:20] fold1 ep 009 tr=0.2151 va=0.5007 val_AccPaper=0.8033
[16:14:22] fold1 ep 010 tr=0.2139 va=0.5010 val_AccPaper=0.7910
[16:14:23] fold1 ep 011 tr=0.2061 va=0.5022 val_AccPaper=0.7951
[16:14:24] fold1 ep 012 tr=0.2013 va=0.5222 val_AccPaper=0.7992
[16:14:25] fold1 ep 013 tr=0.1986 va=0.5364 val_AccPaper=0.7869
[16:14:26] fold1 ep 014 tr=0.1958 va=0.5355 val_AccPaper=0.8033
[16:14:28] fold1 ep 015 tr=0.1885 va=0.5327 val_AccPaper=0.7869
[16:14:29] fold1 ep 016 tr=0.1782 va=0.5271 val_AccPaper=0.7910
[16:14:30] fold1 ep 017 tr=0.1688 va=0.5330 val_AccPaper=0.7869
[16:14:31] fold1 ep 018 tr=0.1694 va=0.5431 val_AccPaper=0.7992
[16:14:32] fold1 ep 019 tr=0.1621 va=0.5669 val_AccPaper=0.7951
[16:14:34] fold1 ep 020 tr=0.1612 va=0.5345 val_AccPaper=0.7910
[16:14:35] fold1 ep 021 tr=0.1574 va=0.5389 val_AccPaper=0.7992
[16:14:36] fold1 ep 022 tr=0.1558 va=0.5574 val_AccPaper=0.7910
[16:14:37] fold1 ep 023 tr=0.1538 va=0.5484 val_AccPaper=0.7869
[16:14:38] fold1 ep 024 tr=0.1488 va=0.5636 val_AccPaper=0.7869
[16:14:40] fold1 ep 025 tr=0.1438 va=0.5615 val_AccPaper=0.7869
[16:14:40]   early stop @ ep 25
[16:14:41] [S14] task fold2 ft_tr=15122 ft_va=3798 eval=18377
[16:14:43] fold2 ep 001 tr=0.5007 va=0.4681 val_AccPaper=0.7951
[16:14:44] fold2 ep 002 tr=0.3733 va=0.4406 val_AccPaper=0.7992
[16:14:45] fold2 ep 003 tr=0.3254 va=0.4255 val_AccPaper=0.8156
[16:14:46] fold2 ep 004 tr=0.2951 va=0.4222 val_AccPaper=0.8115
[16:14:47] fold2 ep 005 tr=0.2812 va=0.4465 val_AccPaper=0.8238
[16:14:49] fold2 ep 006 tr=0.2616 va=0.4372 val_AccPaper=0.8279
[16:14:50] fold2 ep 007 tr=0.2457 va=0.4533 val_AccPaper=0.8115
[16:14:51] fold2 ep 008 tr=0.2320 va=0.4402 val_AccPaper=0.8156
[16:14:52] fold2 ep 009 tr=0.2180 va=0.4317 val_AccPaper=0.8238
[16:14:54] fold2 ep 010 tr=0.2107 va=0.4653 val_AccPaper=0.8279
[16:14:55] fold2 ep 011 tr=0.2014 va=0.4521 val_AccPaper=0.8566
[16:14:56] fold2 ep 012 tr=0.1938 va=0.5069 val_AccPaper=0.8197
[16:14:57] fold2 ep 013 tr=0.1912 va=0.4918 val_AccPaper=0.8238
[16:14:58] fold2 ep 014 tr=0.1899 va=0.4885 val_AccPaper=0.8197
[16:15:00] fold2 ep 015 tr=0.1809 va=0.4734 val_AccPaper=0.8361
[16:15:01] fold2 ep 016 tr=0.1799 va=0.4744 val_AccPaper=0.8279
[16:15:02] fold2 ep 017 tr=0.1764 va=0.4831 val_AccPaper=0.8320
[16:15:03] fold2 ep 018 tr=0.1713 va=0.5214 val_AccPaper=0.8320
[16:15:04] fold2 ep 019 tr=0.1627 va=0.5292 val_AccPaper=0.8279
[16:15:06] fold2 ep 020 tr=0.1595 va=0.5468 val_AccPaper=0.8197
[16:15:07] fold2 ep 021 tr=0.1615 va=0.5952 val_AccPaper=0.8115
[16:15:08] fold2 ep 022 tr=0.1563 va=0.5642 val_AccPaper=0.8238
[16:15:09] fold2 ep 023 tr=0.1541 va=0.5750 val_AccPaper=0.8074
[16:15:11] fold2 ep 024 tr=0.1424 va=0.5958 val_AccPaper=0.8156
[16:15:12] fold2 ep 025 tr=0.1407 va=0.5882 val_AccPaper=0.8320
[16:15:13] fold2 ep 026 tr=0.1483 va=0.6131 val_AccPaper=0.8320
[16:15:14] fold2 ep 027 tr=0.1443 va=0.5791 val_AccPaper=0.8279
[16:15:15] fold2 ep 028 tr=0.1464 va=0.6237 val_AccPaper=0.8197
[16:15:17] fold2 ep 029 tr=0.1420 va=0.6191 val_AccPaper=0.8238
[16:15:18] fold2 ep 030 tr=0.1350 va=0.6074 val_AccPaper=0.8197
[16:15:19] fold2 ep 031 tr=0.1319 va=0.5924 val_AccPaper=0.8279
[16:15:19]   early stop @ ep 31
[16:15:21] [S14] task fold3 ft_tr=15122 ft_va=3798 eval=18377
[16:15:22] fold3 ep 001 tr=0.4816 va=0.4762 val_AccPaper=0.7787
[16:15:23] fold3 ep 002 tr=0.3763 va=0.4280 val_AccPaper=0.7910
[16:15:25] fold3 ep 003 tr=0.3375 va=0.4364 val_AccPaper=0.7951
[16:15:26] fold3 ep 004 tr=0.3068 va=0.4181 val_AccPaper=0.8320
[16:15:27] fold3 ep 005 tr=0.2861 va=0.4333 val_AccPaper=0.8320
[16:15:28] fold3 ep 006 tr=0.2600 va=0.4179 val_AccPaper=0.8279
[16:15:29] fold3 ep 007 tr=0.2486 va=0.4438 val_AccPaper=0.8361
[16:15:31] fold3 ep 008 tr=0.2429 va=0.4459 val_AccPaper=0.8238
[16:15:32] fold3 ep 009 tr=0.2325 va=0.4318 val_AccPaper=0.8033
[16:15:33] fold3 ep 010 tr=0.2213 va=0.4397 val_AccPaper=0.7992
[16:15:34] fold3 ep 011 tr=0.2130 va=0.4411 val_AccPaper=0.8402
[16:15:36] fold3 ep 012 tr=0.2143 va=0.4511 val_AccPaper=0.8238
[16:15:37] fold3 ep 013 tr=0.2011 va=0.4490 val_AccPaper=0.8361
[16:15:38] fold3 ep 014 tr=0.2015 va=0.4410 val_AccPaper=0.8197
[16:15:39] fold3 ep 015 tr=0.1898 va=0.4674 val_AccPaper=0.8238
[16:15:40] fold3 ep 016 tr=0.1915 va=0.4543 val_AccPaper=0.8238
[16:15:42] fold3 ep 017 tr=0.1816 va=0.4952 val_AccPaper=0.8238
[16:15:43] fold3 ep 018 tr=0.1851 va=0.4898 val_AccPaper=0.8320
[16:15:44] fold3 ep 019 tr=0.1742 va=0.4890 val_AccPaper=0.8156
[16:15:45] fold3 ep 020 tr=0.1768 va=0.5134 val_AccPaper=0.8279
[16:15:47] fold3 ep 021 tr=0.1691 va=0.5146 val_AccPaper=0.8074
[16:15:48] fold3 ep 022 tr=0.1695 va=0.5024 val_AccPaper=0.8320
[16:15:49] fold3 ep 023 tr=0.1743 va=0.4995 val_AccPaper=0.8033
[16:15:50] fold3 ep 024 tr=0.1659 va=0.5141 val_AccPaper=0.8320
[16:15:51] fold3 ep 025 tr=0.1550 va=0.5078 val_AccPaper=0.8197
[16:15:53] fold3 ep 026 tr=0.1593 va=0.5388 val_AccPaper=0.8115
[16:15:54] fold3 ep 027 tr=0.1584 va=0.5313 val_AccPaper=0.8156
[16:15:55] fold3 ep 028 tr=0.1599 va=0.5387 val_AccPaper=0.8279
[16:15:56] fold3 ep 029 tr=0.1506 va=0.5512 val_AccPaper=0.8197
[16:15:58] fold3 ep 030 tr=0.1450 va=0.5426 val_AccPaper=0.8361
[16:15:59] fold3 ep 031 tr=0.1517 va=0.5330 val_AccPaper=0.8361
[16:15:59]   early stop @ ep 31
[16:16:00] [S14] task fold4 ft_tr=15122 ft_va=3798 eval=18377
[16:16:02] fold4 ep 001 tr=0.4722 va=0.4650 val_AccPaper=0.7828
[16:16:03] fold4 ep 002 tr=0.3707 va=0.4319 val_AccPaper=0.8115
[16:16:04] fold4 ep 003 tr=0.3175 va=0.4326 val_AccPaper=0.8074
[16:16:05] fold4 ep 004 tr=0.2979 va=0.4473 val_AccPaper=0.8320
[16:16:07] fold4 ep 005 tr=0.2731 va=0.4595 val_AccPaper=0.8197
[16:16:08] fold4 ep 006 tr=0.2541 va=0.4304 val_AccPaper=0.8156
[16:16:09] fold4 ep 007 tr=0.2395 va=0.4264 val_AccPaper=0.8361
[16:16:10] fold4 ep 008 tr=0.2357 va=0.4483 val_AccPaper=0.8156
[16:16:12] fold4 ep 009 tr=0.2254 va=0.4613 val_AccPaper=0.8197
[16:16:13] fold4 ep 010 tr=0.2157 va=0.5043 val_AccPaper=0.8156
[16:16:14] fold4 ep 011 tr=0.2046 va=0.4999 val_AccPaper=0.8115
[16:16:15] fold4 ep 012 tr=0.1953 va=0.4859 val_AccPaper=0.8443
[16:16:16] fold4 ep 013 tr=0.1855 va=0.5048 val_AccPaper=0.8320
[16:16:18] fold4 ep 014 tr=0.1835 va=0.4884 val_AccPaper=0.8156
[16:16:19] fold4 ep 015 tr=0.1830 va=0.5020 val_AccPaper=0.8238
[16:16:20] fold4 ep 016 tr=0.1754 va=0.5145 val_AccPaper=0.8197
[16:16:21] fold4 ep 017 tr=0.1772 va=0.5097 val_AccPaper=0.8156
[16:16:22] fold4 ep 018 tr=0.1696 va=0.5628 val_AccPaper=0.8320
[16:16:24] fold4 ep 019 tr=0.1652 va=0.5280 val_AccPaper=0.8279
[16:16:25] fold4 ep 020 tr=0.1658 va=0.5510 val_AccPaper=0.8279
[16:16:26] fold4 ep 021 tr=0.1571 va=0.5378 val_AccPaper=0.8238
[16:16:27] fold4 ep 022 tr=0.1562 va=0.5650 val_AccPaper=0.8279
[16:16:29] fold4 ep 023 tr=0.1530 va=0.5504 val_AccPaper=0.8320
[16:16:30] fold4 ep 024 tr=0.1500 va=0.5778 val_AccPaper=0.8279
[16:16:31] fold4 ep 025 tr=0.1487 va=0.5682 val_AccPaper=0.8238
[16:16:32] fold4 ep 026 tr=0.1482 va=0.5831 val_AccPaper=0.8238
[16:16:34] fold4 ep 027 tr=0.1409 va=0.5814 val_AccPaper=0.8320
[16:16:35] fold4 ep 028 tr=0.1377 va=0.5934 val_AccPaper=0.8238
[16:16:36] fold4 ep 029 tr=0.1412 va=0.6018 val_AccPaper=0.8279
[16:16:37] fold4 ep 030 tr=0.1429 va=0.5836 val_AccPaper=0.8197
[16:16:38] fold4 ep 031 tr=0.1333 va=0.6304 val_AccPaper=0.8115
[16:16:40] fold4 ep 032 tr=0.1275 va=0.6287 val_AccPaper=0.8197
[16:16:40]   early stop @ ep 32
[16:16:41] [S14] three fold0 ft_tr=15122 ft_va=3798 eval=18377
[16:16:43] fold0 ep 001 tr=0.9178 va=0.8711 val_AccPaper=0.6270
[16:16:44] fold0 ep 002 tr=0.7430 va=0.8242 val_AccPaper=0.6352
[16:16:45] fold0 ep 003 tr=0.6824 va=0.8382 val_AccPaper=0.6516
[16:16:46] fold0 ep 004 tr=0.6281 va=0.8244 val_AccPaper=0.6434
[16:16:48] fold0 ep 005 tr=0.5952 va=0.8118 val_AccPaper=0.6557
[16:16:49] fold0 ep 006 tr=0.5623 va=0.8539 val_AccPaper=0.6434
[16:16:50] fold0 ep 007 tr=0.5409 va=0.8573 val_AccPaper=0.6557
[16:16:51] fold0 ep 008 tr=0.5129 va=0.8768 val_AccPaper=0.6434
[16:16:52] fold0 ep 009 tr=0.4967 va=0.8792 val_AccPaper=0.6393
[16:16:54] fold0 ep 010 tr=0.4821 va=0.8916 val_AccPaper=0.6434
[16:16:55] fold0 ep 011 tr=0.4705 va=0.8894 val_AccPaper=0.6516
[16:16:56] fold0 ep 012 tr=0.4491 va=0.9038 val_AccPaper=0.6230
[16:16:57] fold0 ep 013 tr=0.4425 va=0.9414 val_AccPaper=0.6393
[16:16:59] fold0 ep 014 tr=0.4300 va=0.9165 val_AccPaper=0.6475
[16:17:00] fold0 ep 015 tr=0.4199 va=0.9431 val_AccPaper=0.6393
[16:17:01] fold0 ep 016 tr=0.4014 va=0.9619 val_AccPaper=0.6434
[16:17:02] fold0 ep 017 tr=0.4098 va=0.9784 val_AccPaper=0.6270
[16:17:03] fold0 ep 018 tr=0.3998 va=0.9773 val_AccPaper=0.6311
[16:17:05] fold0 ep 019 tr=0.3857 va=0.9881 val_AccPaper=0.6393
[16:17:06] fold0 ep 020 tr=0.3861 va=0.9727 val_AccPaper=0.6516
[16:17:07] fold0 ep 021 tr=0.3817 va=0.9851 val_AccPaper=0.6393
[16:17:08] fold0 ep 022 tr=0.3738 va=1.0266 val_AccPaper=0.6393
[16:17:10] fold0 ep 023 tr=0.3657 va=1.0083 val_AccPaper=0.6311
[16:17:11] fold0 ep 024 tr=0.3543 va=1.0435 val_AccPaper=0.6270
[16:17:12] fold0 ep 025 tr=0.3583 va=1.0513 val_AccPaper=0.6311
[16:17:12]   early stop @ ep 25
[16:17:14] [S14] three fold1 ft_tr=15122 ft_va=3798 eval=18377
[16:17:15] fold1 ep 001 tr=0.8795 va=0.8502 val_AccPaper=0.6516
[16:17:16] fold1 ep 002 tr=0.7366 va=0.8194 val_AccPaper=0.6230
[16:17:17] fold1 ep 003 tr=0.6819 va=0.8322 val_AccPaper=0.6434
[16:17:19] fold1 ep 004 tr=0.6407 va=0.8178 val_AccPaper=0.6352
[16:17:20] fold1 ep 005 tr=0.6040 va=0.8132 val_AccPaper=0.6393
[16:17:21] fold1 ep 006 tr=0.5718 va=0.8334 val_AccPaper=0.6311
[16:17:22] fold1 ep 007 tr=0.5497 va=0.8452 val_AccPaper=0.6557
[16:17:24] fold1 ep 008 tr=0.5306 va=0.8720 val_AccPaper=0.6393
[16:17:25] fold1 ep 009 tr=0.5135 va=0.8708 val_AccPaper=0.6352
[16:17:26] fold1 ep 010 tr=0.4933 va=0.8814 val_AccPaper=0.6516
[16:17:27] fold1 ep 011 tr=0.4832 va=0.8776 val_AccPaper=0.6475
[16:17:29] fold1 ep 012 tr=0.4725 va=0.9376 val_AccPaper=0.6230
[16:17:30] fold1 ep 013 tr=0.4534 va=0.8958 val_AccPaper=0.6557
[16:17:31] fold1 ep 014 tr=0.4477 va=0.9481 val_AccPaper=0.6270
[16:17:32] fold1 ep 015 tr=0.4358 va=0.9502 val_AccPaper=0.6393
[16:17:34] fold1 ep 016 tr=0.4346 va=0.9245 val_AccPaper=0.6434
[16:17:35] fold1 ep 017 tr=0.4173 va=0.9456 val_AccPaper=0.6311
[16:17:36] fold1 ep 018 tr=0.4206 va=0.9676 val_AccPaper=0.6434
[16:17:37] fold1 ep 019 tr=0.4047 va=0.9558 val_AccPaper=0.6598
[16:17:39] fold1 ep 020 tr=0.4068 va=1.0221 val_AccPaper=0.6189
[16:17:40] fold1 ep 021 tr=0.3933 va=0.9790 val_AccPaper=0.6189
[16:17:41] fold1 ep 022 tr=0.3980 va=1.0242 val_AccPaper=0.6270
[16:17:43] fold1 ep 023 tr=0.3865 va=0.9773 val_AccPaper=0.6434
[16:17:44] fold1 ep 024 tr=0.3739 va=1.0101 val_AccPaper=0.6230
[16:17:45] fold1 ep 025 tr=0.3718 va=1.0431 val_AccPaper=0.6516
[16:17:47] fold1 ep 026 tr=0.3658 va=1.0387 val_AccPaper=0.6189
[16:17:48] fold1 ep 027 tr=0.3651 va=1.0206 val_AccPaper=0.6352
[16:17:49] fold1 ep 028 tr=0.3652 va=1.0486 val_AccPaper=0.6475
[16:17:51] fold1 ep 029 tr=0.3600 va=1.0298 val_AccPaper=0.6434
[16:17:52] fold1 ep 030 tr=0.3553 va=1.0570 val_AccPaper=0.6393
[16:17:53] fold1 ep 031 tr=0.3522 va=1.0565 val_AccPaper=0.6148
[16:17:54] fold1 ep 032 tr=0.3435 va=1.0634 val_AccPaper=0.6311
[16:17:56] fold1 ep 033 tr=0.3365 va=1.0582 val_AccPaper=0.6148
[16:17:57] fold1 ep 034 tr=0.3559 va=1.1003 val_AccPaper=0.6311
[16:17:58] fold1 ep 035 tr=0.3421 va=1.0912 val_AccPaper=0.6352
[16:18:00] fold1 ep 036 tr=0.3224 va=1.0750 val_AccPaper=0.6475
[16:18:01] fold1 ep 037 tr=0.3393 va=1.1134 val_AccPaper=0.6434
[16:18:02] fold1 ep 038 tr=0.3313 va=1.0970 val_AccPaper=0.6434
[16:18:03] fold1 ep 039 tr=0.3220 va=1.0805 val_AccPaper=0.6311
[16:18:03]   early stop @ ep 39
[16:18:05] [S14] three fold2 ft_tr=15122 ft_va=3798 eval=18377
[16:18:06] fold2 ep 001 tr=0.9067 va=0.8772 val_AccPaper=0.6107
[16:18:08] fold2 ep 002 tr=0.7439 va=0.8401 val_AccPaper=0.6352
[16:18:09] fold2 ep 003 tr=0.6781 va=0.8362 val_AccPaper=0.6516
[16:18:10] fold2 ep 004 tr=0.6297 va=0.8332 val_AccPaper=0.6352
[16:18:12] fold2 ep 005 tr=0.6021 va=0.8413 val_AccPaper=0.6516
[16:18:13] fold2 ep 006 tr=0.5793 va=0.8170 val_AccPaper=0.6762
[16:18:14] fold2 ep 007 tr=0.5486 va=0.8343 val_AccPaper=0.6762
[16:18:15] fold2 ep 008 tr=0.5226 va=0.8584 val_AccPaper=0.6762
[16:18:17] fold2 ep 009 tr=0.5147 va=0.8757 val_AccPaper=0.6762
[16:18:18] fold2 ep 010 tr=0.4987 va=0.8640 val_AccPaper=0.6721
[16:18:20] fold2 ep 011 tr=0.4828 va=0.8811 val_AccPaper=0.6967
[16:18:21] fold2 ep 012 tr=0.4650 va=0.9171 val_AccPaper=0.6844
[16:18:22] fold2 ep 013 tr=0.4553 va=0.9347 val_AccPaper=0.6598
[16:18:23] fold2 ep 014 tr=0.4525 va=0.9168 val_AccPaper=0.6639
[16:18:25] fold2 ep 015 tr=0.4433 va=0.9400 val_AccPaper=0.6598
[16:18:26] fold2 ep 016 tr=0.4324 va=0.9521 val_AccPaper=0.6680
[16:18:27] fold2 ep 017 tr=0.4243 va=0.9687 val_AccPaper=0.6803
[16:18:28] fold2 ep 018 tr=0.4134 va=0.9644 val_AccPaper=0.6680
[16:18:30] fold2 ep 019 tr=0.4116 va=0.9820 val_AccPaper=0.6762
[16:18:31] fold2 ep 020 tr=0.3994 va=1.0105 val_AccPaper=0.6844
[16:18:32] fold2 ep 021 tr=0.3982 va=1.0175 val_AccPaper=0.6557
[16:18:33] fold2 ep 022 tr=0.3970 va=1.0197 val_AccPaper=0.6557
[16:18:35] fold2 ep 023 tr=0.3879 va=1.0394 val_AccPaper=0.6434
[16:18:36] fold2 ep 024 tr=0.3886 va=1.0128 val_AccPaper=0.6844
[16:18:37] fold2 ep 025 tr=0.3872 va=1.0391 val_AccPaper=0.6516
[16:18:38] fold2 ep 026 tr=0.3773 va=1.0601 val_AccPaper=0.6680
[16:18:39] fold2 ep 027 tr=0.3763 va=1.0751 val_AccPaper=0.6680
[16:18:41] fold2 ep 028 tr=0.3581 va=1.0640 val_AccPaper=0.6721
[16:18:42] fold2 ep 029 tr=0.3665 va=1.0933 val_AccPaper=0.6393
[16:18:43] fold2 ep 030 tr=0.3525 va=1.0854 val_AccPaper=0.6557
[16:18:44] fold2 ep 031 tr=0.3516 va=1.0702 val_AccPaper=0.6598
[16:18:44]   early stop @ ep 31
[16:18:46] [S14] three fold3 ft_tr=15122 ft_va=3798 eval=18377
[16:18:47] fold3 ep 001 tr=0.8982 va=0.8858 val_AccPaper=0.6066
[16:18:49] fold3 ep 002 tr=0.7466 va=0.8557 val_AccPaper=0.5984
[16:18:50] fold3 ep 003 tr=0.6860 va=0.8713 val_AccPaper=0.6270
[16:18:51] fold3 ep 004 tr=0.6487 va=0.8616 val_AccPaper=0.5984
[16:18:52] fold3 ep 005 tr=0.6300 va=0.8729 val_AccPaper=0.6148
[16:18:54] fold3 ep 006 tr=0.5976 va=0.8865 val_AccPaper=0.6025
[16:18:55] fold3 ep 007 tr=0.5833 va=0.8719 val_AccPaper=0.6230
[16:18:56] fold3 ep 008 tr=0.5412 va=0.8809 val_AccPaper=0.6107
[16:18:57] fold3 ep 009 tr=0.5399 va=0.9040 val_AccPaper=0.6311
[16:18:59] fold3 ep 010 tr=0.5180 va=0.9183 val_AccPaper=0.6066
[16:19:00] fold3 ep 011 tr=0.4967 va=0.9382 val_AccPaper=0.6148
[16:19:01] fold3 ep 012 tr=0.4964 va=0.9225 val_AccPaper=0.6189
[16:19:02] fold3 ep 013 tr=0.4752 va=0.9383 val_AccPaper=0.6230
[16:19:03] fold3 ep 014 tr=0.4622 va=0.9505 val_AccPaper=0.6025
[16:19:05] fold3 ep 015 tr=0.4494 va=0.9486 val_AccPaper=0.6311
[16:19:06] fold3 ep 016 tr=0.4345 va=1.0125 val_AccPaper=0.5861
[16:19:07] fold3 ep 017 tr=0.4284 va=1.0095 val_AccPaper=0.6025
[16:19:08] fold3 ep 018 tr=0.4267 va=0.9969 val_AccPaper=0.6025
[16:19:09] fold3 ep 019 tr=0.4221 va=1.0124 val_AccPaper=0.5984
[16:19:11] fold3 ep 020 tr=0.4124 va=1.0617 val_AccPaper=0.6066
[16:19:12] fold3 ep 021 tr=0.4018 va=1.0955 val_AccPaper=0.6230
[16:19:13] fold3 ep 022 tr=0.3951 va=1.0575 val_AccPaper=0.5943
[16:19:14] fold3 ep 023 tr=0.3917 va=1.0295 val_AccPaper=0.6148
[16:19:16] fold3 ep 024 tr=0.3924 va=1.0728 val_AccPaper=0.5943
[16:19:17] fold3 ep 025 tr=0.3805 va=1.0868 val_AccPaper=0.6066
[16:19:18] fold3 ep 026 tr=0.3762 va=1.1005 val_AccPaper=0.6107
[16:19:19] fold3 ep 027 tr=0.3752 va=1.1011 val_AccPaper=0.6270
[16:19:21] fold3 ep 028 tr=0.3754 va=1.0963 val_AccPaper=0.6148
[16:19:22] fold3 ep 029 tr=0.3695 va=1.1387 val_AccPaper=0.6107
[16:19:22]   early stop @ ep 29
[16:19:24] [S14] three fold4 ft_tr=15122 ft_va=3798 eval=18377
[16:19:25] fold4 ep 001 tr=0.9002 va=0.8923 val_AccPaper=0.5861
[16:19:26] fold4 ep 002 tr=0.7401 va=0.8702 val_AccPaper=0.6025
[16:19:27] fold4 ep 003 tr=0.6786 va=0.8677 val_AccPaper=0.6270
[16:19:29] fold4 ep 004 tr=0.6379 va=0.8471 val_AccPaper=0.6393
[16:19:30] fold4 ep 005 tr=0.5990 va=0.8564 val_AccPaper=0.6434
[16:19:31] fold4 ep 006 tr=0.5598 va=0.8682 val_AccPaper=0.6516
[16:19:32] fold4 ep 007 tr=0.5490 va=0.8939 val_AccPaper=0.6230
[16:19:33] fold4 ep 008 tr=0.5247 va=0.9036 val_AccPaper=0.6393
[16:19:35] fold4 ep 009 tr=0.5050 va=0.9062 val_AccPaper=0.6107
[16:19:36] fold4 ep 010 tr=0.4922 va=0.9072 val_AccPaper=0.6352
[16:19:37] fold4 ep 011 tr=0.4780 va=0.9124 val_AccPaper=0.6598
[16:19:38] fold4 ep 012 tr=0.4511 va=0.9551 val_AccPaper=0.6230
[16:19:40] fold4 ep 013 tr=0.4593 va=0.9572 val_AccPaper=0.6270
[16:19:41] fold4 ep 014 tr=0.4302 va=0.9781 val_AccPaper=0.5984
[16:19:42] fold4 ep 015 tr=0.4317 va=0.9766 val_AccPaper=0.6352
[16:19:43] fold4 ep 016 tr=0.4126 va=0.9996 val_AccPaper=0.6148
[16:19:44] fold4 ep 017 tr=0.4174 va=0.9935 val_AccPaper=0.5943
[16:19:46] fold4 ep 018 tr=0.3989 va=0.9780 val_AccPaper=0.6230
[16:19:47] fold4 ep 019 tr=0.3942 va=1.0428 val_AccPaper=0.6189
[16:19:48] fold4 ep 020 tr=0.3894 va=1.0785 val_AccPaper=0.5984
[16:19:49] fold4 ep 021 tr=0.3798 va=1.0206 val_AccPaper=0.6475
[16:19:51] fold4 ep 022 tr=0.3798 va=1.0230 val_AccPaper=0.6189
[16:19:52] fold4 ep 023 tr=0.3717 va=1.0472 val_AccPaper=0.6025
[16:19:53] fold4 ep 024 tr=0.3630 va=1.0442 val_AccPaper=0.6475
[16:19:54] fold4 ep 025 tr=0.3653 va=1.0596 val_AccPaper=0.6311
[16:19:56] fold4 ep 026 tr=0.3586 va=1.0542 val_AccPaper=0.6230
[16:19:57] fold4 ep 027 tr=0.3543 va=1.0623 val_AccPaper=0.6148
[16:19:58] fold4 ep 028 tr=0.3535 va=1.0595 val_AccPaper=0.6230
[16:19:59] fold4 ep 029 tr=0.3489 va=1.0645 val_AccPaper=0.6148
[16:20:00] fold4 ep 030 tr=0.3385 va=1.0872 val_AccPaper=0.6148
[16:20:02] fold4 ep 031 tr=0.3411 va=1.0979 val_AccPaper=0.6025
[16:20:02]   early stop @ ep 31
[16:20:05] === S15 cues=1319 train=659 eval=660 ===
[16:20:06] [S15] task fold0 ft_tr=17618 ft_va=4607 eval=21420
[16:20:08] fold0 ep 001 tr=0.3447 va=0.2355 val_AccPaper=0.9091
[16:20:09] fold0 ep 002 tr=0.2132 va=0.2391 val_AccPaper=0.9242
[16:20:11] fold0 ep 003 tr=0.1919 va=0.2315 val_AccPaper=0.9091
[16:20:12] fold0 ep 004 tr=0.1690 va=0.2291 val_AccPaper=0.9280
[16:20:13] fold0 ep 005 tr=0.1592 va=0.2310 val_AccPaper=0.9205
[16:20:15] fold0 ep 006 tr=0.1425 va=0.2530 val_AccPaper=0.9280
[16:20:16] fold0 ep 007 tr=0.1370 va=0.2231 val_AccPaper=0.9167
[16:20:18] fold0 ep 008 tr=0.1341 va=0.2444 val_AccPaper=0.9242
[16:20:19] fold0 ep 009 tr=0.1219 va=0.2436 val_AccPaper=0.9205
[16:20:20] fold0 ep 010 tr=0.1127 va=0.2635 val_AccPaper=0.9129
[16:20:22] fold0 ep 011 tr=0.1146 va=0.2456 val_AccPaper=0.9129
[16:20:23] fold0 ep 012 tr=0.1128 va=0.2749 val_AccPaper=0.9205
[16:20:25] fold0 ep 013 tr=0.0995 va=0.2447 val_AccPaper=0.9167
[16:20:26] fold0 ep 014 tr=0.0971 va=0.2510 val_AccPaper=0.9205
[16:20:28] fold0 ep 015 tr=0.0972 va=0.2510 val_AccPaper=0.9129
[16:20:29] fold0 ep 016 tr=0.0989 va=0.2780 val_AccPaper=0.9205
[16:20:30] fold0 ep 017 tr=0.0970 va=0.2616 val_AccPaper=0.9242
[16:20:32] fold0 ep 018 tr=0.0879 va=0.2617 val_AccPaper=0.9167
[16:20:33] fold0 ep 019 tr=0.0929 va=0.2773 val_AccPaper=0.9167
[16:20:35] fold0 ep 020 tr=0.0924 va=0.2647 val_AccPaper=0.9167
[16:20:36] fold0 ep 021 tr=0.0810 va=0.2871 val_AccPaper=0.9167
[16:20:38] fold0 ep 022 tr=0.0863 va=0.2741 val_AccPaper=0.9129
[16:20:39] fold0 ep 023 tr=0.0845 va=0.2744 val_AccPaper=0.9129
[16:20:40] fold0 ep 024 tr=0.0801 va=0.2889 val_AccPaper=0.9091
[16:20:40]   early stop @ ep 24
[16:20:42] [S15] task fold1 ft_tr=17618 ft_va=4607 eval=21420
[16:20:44] fold1 ep 001 tr=0.3199 va=0.2527 val_AccPaper=0.9129
[16:20:45] fold1 ep 002 tr=0.2345 va=0.2342 val_AccPaper=0.9167
[16:20:47] fold1 ep 003 tr=0.1940 va=0.2430 val_AccPaper=0.9242
[16:20:48] fold1 ep 004 tr=0.1763 va=0.2396 val_AccPaper=0.9318
[16:20:50] fold1 ep 005 tr=0.1598 va=0.2226 val_AccPaper=0.9242
[16:20:51] fold1 ep 006 tr=0.1569 va=0.2537 val_AccPaper=0.9129
[16:20:52] fold1 ep 007 tr=0.1465 va=0.2397 val_AccPaper=0.9280
[16:20:54] fold1 ep 008 tr=0.1372 va=0.2345 val_AccPaper=0.9205
[16:20:55] fold1 ep 009 tr=0.1293 va=0.2374 val_AccPaper=0.9205
[16:20:57] fold1 ep 010 tr=0.1217 va=0.2425 val_AccPaper=0.9205
[16:20:58] fold1 ep 011 tr=0.1146 va=0.2380 val_AccPaper=0.9167
[16:20:59] fold1 ep 012 tr=0.1125 va=0.2573 val_AccPaper=0.9167
[16:21:01] fold1 ep 013 tr=0.1098 va=0.2614 val_AccPaper=0.9091
[16:21:02] fold1 ep 014 tr=0.1043 va=0.2553 val_AccPaper=0.9015
[16:21:04] fold1 ep 015 tr=0.1053 va=0.2686 val_AccPaper=0.8864
[16:21:05] fold1 ep 016 tr=0.1041 va=0.2877 val_AccPaper=0.8902
[16:21:07] fold1 ep 017 tr=0.1015 va=0.2896 val_AccPaper=0.8977
[16:21:08] fold1 ep 018 tr=0.0990 va=0.2678 val_AccPaper=0.8939
[16:21:09] fold1 ep 019 tr=0.0984 va=0.2809 val_AccPaper=0.9053
[16:21:11] fold1 ep 020 tr=0.0951 va=0.2821 val_AccPaper=0.9129
[16:21:12] fold1 ep 021 tr=0.0936 va=0.3017 val_AccPaper=0.8977
[16:21:14] fold1 ep 022 tr=0.0900 va=0.2680 val_AccPaper=0.9205
[16:21:15] fold1 ep 023 tr=0.0890 va=0.2991 val_AccPaper=0.8864
[16:21:16] fold1 ep 024 tr=0.0888 va=0.2846 val_AccPaper=0.9015
[16:21:16]   early stop @ ep 24
[16:21:19] [S15] task fold2 ft_tr=17618 ft_va=4607 eval=21420
[16:21:20] fold2 ep 001 tr=0.3321 va=0.2456 val_AccPaper=0.9167
[16:21:21] fold2 ep 002 tr=0.2252 va=0.2502 val_AccPaper=0.9242
[16:21:23] fold2 ep 003 tr=0.1936 va=0.2454 val_AccPaper=0.9280
[16:21:24] fold2 ep 004 tr=0.1670 va=0.2427 val_AccPaper=0.9242
[16:21:26] fold2 ep 005 tr=0.1519 va=0.2467 val_AccPaper=0.9242
[16:21:27] fold2 ep 006 tr=0.1463 va=0.2589 val_AccPaper=0.9129
[16:21:29] fold2 ep 007 tr=0.1355 va=0.2470 val_AccPaper=0.9053
[16:21:30] fold2 ep 008 tr=0.1248 va=0.2489 val_AccPaper=0.9205
[16:21:31] fold2 ep 009 tr=0.1191 va=0.2680 val_AccPaper=0.8750
[16:21:33] fold2 ep 010 tr=0.1126 va=0.2502 val_AccPaper=0.9205
[16:21:34] fold2 ep 011 tr=0.1094 va=0.2537 val_AccPaper=0.9205
[16:21:36] fold2 ep 012 tr=0.1103 va=0.2613 val_AccPaper=0.9129
[16:21:37] fold2 ep 013 tr=0.0972 va=0.2799 val_AccPaper=0.9091
[16:21:39] fold2 ep 014 tr=0.0985 va=0.2832 val_AccPaper=0.9129
[16:21:40] fold2 ep 015 tr=0.1033 va=0.2688 val_AccPaper=0.9129
[16:21:41] fold2 ep 016 tr=0.0938 va=0.2674 val_AccPaper=0.9129
[16:21:43] fold2 ep 017 tr=0.0952 va=0.2745 val_AccPaper=0.9053
[16:21:44] fold2 ep 018 tr=0.0891 va=0.2836 val_AccPaper=0.9053
[16:21:46] fold2 ep 019 tr=0.0900 va=0.2759 val_AccPaper=0.9129
[16:21:47] fold2 ep 020 tr=0.0948 va=0.2743 val_AccPaper=0.9091
[16:21:49] fold2 ep 021 tr=0.0871 va=0.2742 val_AccPaper=0.9242
[16:21:50] fold2 ep 022 tr=0.0858 va=0.2877 val_AccPaper=0.9205
[16:21:51] fold2 ep 023 tr=0.0829 va=0.2950 val_AccPaper=0.9167
[16:21:51]   early stop @ ep 23
[16:21:53] [S15] task fold3 ft_tr=17618 ft_va=4607 eval=21420
[16:21:55] fold3 ep 001 tr=0.3388 va=0.2515 val_AccPaper=0.9129
[16:21:56] fold3 ep 002 tr=0.2335 va=0.2338 val_AccPaper=0.9242
[16:21:58] fold3 ep 003 tr=0.2025 va=0.2337 val_AccPaper=0.9242
[16:21:59] fold3 ep 004 tr=0.1846 va=0.2248 val_AccPaper=0.9091
[16:22:01] fold3 ep 005 tr=0.1712 va=0.2394 val_AccPaper=0.9167
[16:22:02] fold3 ep 006 tr=0.1545 va=0.2424 val_AccPaper=0.9167
[16:22:03] fold3 ep 007 tr=0.1464 va=0.2349 val_AccPaper=0.9015
[16:22:05] fold3 ep 008 tr=0.1363 va=0.2433 val_AccPaper=0.9053
[16:22:06] fold3 ep 009 tr=0.1229 va=0.2494 val_AccPaper=0.8977
[16:22:08] fold3 ep 010 tr=0.1229 va=0.2562 val_AccPaper=0.9015
[16:22:09] fold3 ep 011 tr=0.1179 va=0.2444 val_AccPaper=0.9129
[16:22:11] fold3 ep 012 tr=0.1186 va=0.2361 val_AccPaper=0.9129
[16:22:12] fold3 ep 013 tr=0.1107 va=0.2549 val_AccPaper=0.8977
[16:22:13] fold3 ep 014 tr=0.1112 va=0.2697 val_AccPaper=0.9053
[16:22:15] fold3 ep 015 tr=0.0978 va=0.2508 val_AccPaper=0.9091
[16:22:16] fold3 ep 016 tr=0.0991 va=0.2566 val_AccPaper=0.9053
[16:22:18] fold3 ep 017 tr=0.1009 va=0.3056 val_AccPaper=0.9015
[16:22:19] fold3 ep 018 tr=0.0944 va=0.2669 val_AccPaper=0.9129
[16:22:20] fold3 ep 019 tr=0.0975 va=0.2576 val_AccPaper=0.8939
[16:22:22] fold3 ep 020 tr=0.0942 va=0.2727 val_AccPaper=0.8902
[16:22:23] fold3 ep 021 tr=0.0937 va=0.2692 val_AccPaper=0.9053
[16:22:25] fold3 ep 022 tr=0.0901 va=0.2724 val_AccPaper=0.8939
[16:22:25]   early stop @ ep 22
[16:22:27] [S15] task fold4 ft_tr=17618 ft_va=4607 eval=21420
[16:22:28] fold4 ep 001 tr=0.3515 va=0.2482 val_AccPaper=0.9242
[16:22:30] fold4 ep 002 tr=0.2218 va=0.2372 val_AccPaper=0.9280
[16:22:31] fold4 ep 003 tr=0.1948 va=0.2327 val_AccPaper=0.9242
[16:22:32] fold4 ep 004 tr=0.1726 va=0.2367 val_AccPaper=0.9242
[16:22:34] fold4 ep 005 tr=0.1603 va=0.2350 val_AccPaper=0.9091
[16:22:35] fold4 ep 006 tr=0.1442 va=0.2285 val_AccPaper=0.9053
[16:22:37] fold4 ep 007 tr=0.1318 va=0.2392 val_AccPaper=0.9015
[16:22:38] fold4 ep 008 tr=0.1311 va=0.2606 val_AccPaper=0.9091
[16:22:40] fold4 ep 009 tr=0.1164 va=0.2355 val_AccPaper=0.9167
[16:22:41] fold4 ep 010 tr=0.1165 va=0.2426 val_AccPaper=0.9091
[16:22:42] fold4 ep 011 tr=0.1093 va=0.2559 val_AccPaper=0.9280
[16:22:44] fold4 ep 012 tr=0.1060 va=0.2465 val_AccPaper=0.9053
[16:22:45] fold4 ep 013 tr=0.1044 va=0.2396 val_AccPaper=0.9053
[16:22:47] fold4 ep 014 tr=0.1039 va=0.2535 val_AccPaper=0.8939
[16:22:48] fold4 ep 015 tr=0.0931 va=0.2634 val_AccPaper=0.9167
[16:22:50] fold4 ep 016 tr=0.0891 va=0.2497 val_AccPaper=0.8977
[16:22:51] fold4 ep 017 tr=0.0922 va=0.2440 val_AccPaper=0.9053
[16:22:52] fold4 ep 018 tr=0.0900 va=0.2773 val_AccPaper=0.9318
[16:22:54] fold4 ep 019 tr=0.0859 va=0.2570 val_AccPaper=0.9167
[16:22:55] fold4 ep 020 tr=0.0838 va=0.2722 val_AccPaper=0.8977
[16:22:57] fold4 ep 021 tr=0.0860 va=0.2671 val_AccPaper=0.8977
[16:22:58] fold4 ep 022 tr=0.0860 va=0.2771 val_AccPaper=0.8977
[16:22:59] fold4 ep 023 tr=0.0839 va=0.2707 val_AccPaper=0.8939
[16:23:01] fold4 ep 024 tr=0.0803 va=0.2550 val_AccPaper=0.9091
[16:23:02] fold4 ep 025 tr=0.0861 va=0.2779 val_AccPaper=0.9053
[16:23:04] fold4 ep 026 tr=0.0756 va=0.2768 val_AccPaper=0.9053
[16:23:05] fold4 ep 027 tr=0.0756 va=0.2776 val_AccPaper=0.8939
[16:23:07] fold4 ep 028 tr=0.0745 va=0.2705 val_AccPaper=0.9167
[16:23:08] fold4 ep 029 tr=0.0722 va=0.2611 val_AccPaper=0.9129
[16:23:09] fold4 ep 030 tr=0.0763 va=0.2826 val_AccPaper=0.9167
[16:23:11] fold4 ep 031 tr=0.0720 va=0.2915 val_AccPaper=0.9091
[16:23:12] fold4 ep 032 tr=0.0729 va=0.2650 val_AccPaper=0.9015
[16:23:14] fold4 ep 033 tr=0.0709 va=0.2948 val_AccPaper=0.8977
[16:23:15] fold4 ep 034 tr=0.0747 va=0.2698 val_AccPaper=0.9129
[16:23:16] fold4 ep 035 tr=0.0679 va=0.2828 val_AccPaper=0.9091
[16:23:18] fold4 ep 036 tr=0.0634 va=0.3042 val_AccPaper=0.9129
[16:23:19] fold4 ep 037 tr=0.0707 va=0.2936 val_AccPaper=0.8977
[16:23:21] fold4 ep 038 tr=0.0657 va=0.3119 val_AccPaper=0.8864
[16:23:21]   early stop @ ep 38
[16:23:23] [S15] three fold0 ft_tr=17618 ft_va=4607 eval=21420
[16:23:24] fold0 ep 001 tr=0.6657 va=0.5886 val_AccPaper=0.8106
[16:23:26] fold0 ep 002 tr=0.4769 va=0.5673 val_AccPaper=0.8220
[16:23:27] fold0 ep 003 tr=0.4068 va=0.5576 val_AccPaper=0.8144
[16:23:29] fold0 ep 004 tr=0.3860 va=0.5493 val_AccPaper=0.8333
[16:23:30] fold0 ep 005 tr=0.3549 va=0.5333 val_AccPaper=0.8561
[16:23:32] fold0 ep 006 tr=0.3379 va=0.5238 val_AccPaper=0.8447
[16:23:33] fold0 ep 007 tr=0.3182 va=0.5350 val_AccPaper=0.8258
[16:23:34] fold0 ep 008 tr=0.3053 va=0.5665 val_AccPaper=0.8220
[16:23:36] fold0 ep 009 tr=0.2938 va=0.5449 val_AccPaper=0.8295
[16:23:37] fold0 ep 010 tr=0.2790 va=0.5558 val_AccPaper=0.8409
[16:23:39] fold0 ep 011 tr=0.2759 va=0.5749 val_AccPaper=0.8220
[16:23:40] fold0 ep 012 tr=0.2647 va=0.5400 val_AccPaper=0.8409
[16:23:42] fold0 ep 013 tr=0.2580 va=0.5569 val_AccPaper=0.8295
[16:23:44] fold0 ep 014 tr=0.2525 va=0.6005 val_AccPaper=0.8333
[16:23:45] fold0 ep 015 tr=0.2399 va=0.5765 val_AccPaper=0.8409
[16:23:47] fold0 ep 016 tr=0.2431 va=0.5738 val_AccPaper=0.8333
[16:23:48] fold0 ep 017 tr=0.2344 va=0.5735 val_AccPaper=0.8258
[16:23:50] fold0 ep 018 tr=0.2281 va=0.5689 val_AccPaper=0.8258
[16:23:51] fold0 ep 019 tr=0.2240 va=0.6007 val_AccPaper=0.8371
[16:23:53] fold0 ep 020 tr=0.2270 va=0.5851 val_AccPaper=0.8447
[16:23:54] fold0 ep 021 tr=0.2165 va=0.6228 val_AccPaper=0.8258
[16:23:56] fold0 ep 022 tr=0.2178 va=0.5943 val_AccPaper=0.8333
[16:23:57] fold0 ep 023 tr=0.2159 va=0.5947 val_AccPaper=0.8371
[16:23:59] fold0 ep 024 tr=0.2143 va=0.6126 val_AccPaper=0.8258
[16:24:01] fold0 ep 025 tr=0.2088 va=0.5868 val_AccPaper=0.7992
[16:24:01]   early stop @ ep 25
[16:24:03] [S15] three fold1 ft_tr=17618 ft_va=4607 eval=21420
[16:24:04] fold1 ep 001 tr=0.6679 va=0.6262 val_AccPaper=0.7917
[16:24:06] fold1 ep 002 tr=0.5018 va=0.5840 val_AccPaper=0.8295
[16:24:07] fold1 ep 003 tr=0.4281 va=0.5654 val_AccPaper=0.8409
[16:24:09] fold1 ep 004 tr=0.4017 va=0.5426 val_AccPaper=0.8409
[16:24:10] fold1 ep 005 tr=0.3714 va=0.5694 val_AccPaper=0.8333
[16:24:12] fold1 ep 006 tr=0.3357 va=0.5439 val_AccPaper=0.8220
[16:24:14] fold1 ep 007 tr=0.3311 va=0.5297 val_AccPaper=0.8523
[16:24:15] fold1 ep 008 tr=0.3181 va=0.5227 val_AccPaper=0.8561
[16:24:17] fold1 ep 009 tr=0.3027 va=0.5429 val_AccPaper=0.8333
[16:24:18] fold1 ep 010 tr=0.2921 va=0.5226 val_AccPaper=0.8447
[16:24:20] fold1 ep 011 tr=0.2826 va=0.5616 val_AccPaper=0.8333
[16:24:21] fold1 ep 012 tr=0.2773 va=0.5521 val_AccPaper=0.8333
[16:24:23] fold1 ep 013 tr=0.2639 va=0.5789 val_AccPaper=0.8295
[16:24:25] fold1 ep 014 tr=0.2559 va=0.5962 val_AccPaper=0.8371
[16:24:26] fold1 ep 015 tr=0.2572 va=0.5420 val_AccPaper=0.8485
[16:24:28] fold1 ep 016 tr=0.2589 va=0.5430 val_AccPaper=0.8409
[16:24:29] fold1 ep 017 tr=0.2457 va=0.5515 val_AccPaper=0.8333
[16:24:31] fold1 ep 018 tr=0.2443 va=0.5721 val_AccPaper=0.8409
[16:24:32] fold1 ep 019 tr=0.2402 va=0.5848 val_AccPaper=0.8371
[16:24:34] fold1 ep 020 tr=0.2262 va=0.5759 val_AccPaper=0.8295
[16:24:35] fold1 ep 021 tr=0.2280 va=0.6038 val_AccPaper=0.8258
[16:24:37] fold1 ep 022 tr=0.2300 va=0.6041 val_AccPaper=0.8333
[16:24:38] fold1 ep 023 tr=0.2209 va=0.6018 val_AccPaper=0.8295
[16:24:39] fold1 ep 024 tr=0.2192 va=0.5897 val_AccPaper=0.8258
[16:24:41] fold1 ep 025 tr=0.2136 va=0.6099 val_AccPaper=0.8144
[16:24:42] fold1 ep 026 tr=0.2126 va=0.6210 val_AccPaper=0.8030
[16:24:44] fold1 ep 027 tr=0.2117 va=0.6296 val_AccPaper=0.8333
[16:24:45] fold1 ep 028 tr=0.2094 va=0.6181 val_AccPaper=0.8220
[16:24:45]   early stop @ ep 28
[16:24:47] [S15] three fold2 ft_tr=17618 ft_va=4607 eval=21420
[16:24:49] fold2 ep 001 tr=0.6756 va=0.5977 val_AccPaper=0.8220
[16:24:50] fold2 ep 002 tr=0.4869 va=0.5522 val_AccPaper=0.8258
[16:24:52] fold2 ep 003 tr=0.4369 va=0.5481 val_AccPaper=0.8371
[16:24:53] fold2 ep 004 tr=0.3893 va=0.5412 val_AccPaper=0.8182
[16:24:54] fold2 ep 005 tr=0.3675 va=0.5250 val_AccPaper=0.8258
[16:24:56] fold2 ep 006 tr=0.3460 va=0.5362 val_AccPaper=0.8258
[16:24:57] fold2 ep 007 tr=0.3322 va=0.5400 val_AccPaper=0.8258
[16:24:59] fold2 ep 008 tr=0.3083 va=0.5246 val_AccPaper=0.8409
[16:25:00] fold2 ep 009 tr=0.3070 va=0.5505 val_AccPaper=0.8447
[16:25:02] fold2 ep 010 tr=0.2901 va=0.5369 val_AccPaper=0.8561
[16:25:03] fold2 ep 011 tr=0.2796 va=0.5503 val_AccPaper=0.8409
[16:25:04] fold2 ep 012 tr=0.2725 va=0.5402 val_AccPaper=0.8485
[16:25:06] fold2 ep 013 tr=0.2653 va=0.5531 val_AccPaper=0.8333
[16:25:07] fold2 ep 014 tr=0.2638 va=0.5671 val_AccPaper=0.8409
[16:25:09] fold2 ep 015 tr=0.2549 va=0.5921 val_AccPaper=0.8371
[16:25:10] fold2 ep 016 tr=0.2474 va=0.5773 val_AccPaper=0.8333
[16:25:12] fold2 ep 017 tr=0.2462 va=0.5690 val_AccPaper=0.8371
[16:25:13] fold2 ep 018 tr=0.2344 va=0.5789 val_AccPaper=0.8333
[16:25:14] fold2 ep 019 tr=0.2373 va=0.5733 val_AccPaper=0.8409
[16:25:16] fold2 ep 020 tr=0.2288 va=0.5870 val_AccPaper=0.8485
[16:25:17] fold2 ep 021 tr=0.2341 va=0.6024 val_AccPaper=0.8333
[16:25:19] fold2 ep 022 tr=0.2271 va=0.5853 val_AccPaper=0.8409
[16:25:20] fold2 ep 023 tr=0.2221 va=0.5994 val_AccPaper=0.8333
[16:25:21] fold2 ep 024 tr=0.2166 va=0.6419 val_AccPaper=0.8258
[16:25:23] fold2 ep 025 tr=0.2208 va=0.6233 val_AccPaper=0.8409
[16:25:24] fold2 ep 026 tr=0.2245 va=0.6084 val_AccPaper=0.8447
[16:25:26] fold2 ep 027 tr=0.1988 va=0.6220 val_AccPaper=0.8371
[16:25:27] fold2 ep 028 tr=0.2134 va=0.6036 val_AccPaper=0.8409
[16:25:29] fold2 ep 029 tr=0.2031 va=0.6363 val_AccPaper=0.8182
[16:25:30] fold2 ep 030 tr=0.1991 va=0.6430 val_AccPaper=0.8258
[16:25:30]   early stop @ ep 30
[16:25:32] [S15] three fold3 ft_tr=17618 ft_va=4607 eval=21420
[16:25:34] fold3 ep 001 tr=0.6686 va=0.5935 val_AccPaper=0.8030
[16:25:35] fold3 ep 002 tr=0.5031 va=0.5422 val_AccPaper=0.8333
[16:25:36] fold3 ep 003 tr=0.4292 va=0.5201 val_AccPaper=0.8561
[16:25:38] fold3 ep 004 tr=0.3980 va=0.4913 val_AccPaper=0.8674
[16:25:39] fold3 ep 005 tr=0.3623 va=0.4900 val_AccPaper=0.8598
[16:25:41] fold3 ep 006 tr=0.3426 va=0.4850 val_AccPaper=0.8674
[16:25:42] fold3 ep 007 tr=0.3184 va=0.4973 val_AccPaper=0.8636
[16:25:44] fold3 ep 008 tr=0.3021 va=0.5095 val_AccPaper=0.8485
[16:25:45] fold3 ep 009 tr=0.2900 va=0.5062 val_AccPaper=0.8447
[16:25:46] fold3 ep 010 tr=0.2853 va=0.4964 val_AccPaper=0.8636
[16:25:48] fold3 ep 011 tr=0.2706 va=0.5173 val_AccPaper=0.8485
[16:25:49] fold3 ep 012 tr=0.2745 va=0.5065 val_AccPaper=0.8371
[16:25:51] fold3 ep 013 tr=0.2586 va=0.4857 val_AccPaper=0.8561
[16:25:52] fold3 ep 014 tr=0.2493 va=0.5127 val_AccPaper=0.8523
[16:25:53] fold3 ep 015 tr=0.2470 va=0.5112 val_AccPaper=0.8333
[16:25:55] fold3 ep 016 tr=0.2411 va=0.4980 val_AccPaper=0.8447
[16:25:56] fold3 ep 017 tr=0.2389 va=0.4907 val_AccPaper=0.8523
[16:25:58] fold3 ep 018 tr=0.2313 va=0.4932 val_AccPaper=0.8447
[16:25:59] fold3 ep 019 tr=0.2295 va=0.5020 val_AccPaper=0.8523
[16:26:01] fold3 ep 020 tr=0.2329 va=0.5145 val_AccPaper=0.8485
[16:26:02] fold3 ep 021 tr=0.2169 va=0.5219 val_AccPaper=0.8523
[16:26:03] fold3 ep 022 tr=0.2202 va=0.5379 val_AccPaper=0.8371
[16:26:05] fold3 ep 023 tr=0.2111 va=0.5487 val_AccPaper=0.8447
[16:26:06] fold3 ep 024 tr=0.2249 va=0.5381 val_AccPaper=0.8409
[16:26:06]   early stop @ ep 24
[16:26:08] [S15] three fold4 ft_tr=17618 ft_va=4607 eval=21420
[16:26:10] fold4 ep 001 tr=0.6862 va=0.5953 val_AccPaper=0.8182
[16:26:11] fold4 ep 002 tr=0.4872 va=0.5519 val_AccPaper=0.8295
[16:26:13] fold4 ep 003 tr=0.4225 va=0.5278 val_AccPaper=0.8409
[16:26:14] fold4 ep 004 tr=0.3816 va=0.5290 val_AccPaper=0.8258
[16:26:16] fold4 ep 005 tr=0.3603 va=0.5275 val_AccPaper=0.8409
[16:26:17] fold4 ep 006 tr=0.3411 va=0.5288 val_AccPaper=0.8371
[16:26:18] fold4 ep 007 tr=0.3247 va=0.5249 val_AccPaper=0.8409
[16:26:20] fold4 ep 008 tr=0.3082 va=0.5127 val_AccPaper=0.8447
[16:26:21] fold4 ep 009 tr=0.3032 va=0.5309 val_AccPaper=0.8371
[16:26:23] fold4 ep 010 tr=0.2866 va=0.5270 val_AccPaper=0.8598
[16:26:24] fold4 ep 011 tr=0.2725 va=0.5279 val_AccPaper=0.8523
[16:26:25] fold4 ep 012 tr=0.2672 va=0.5611 val_AccPaper=0.8409
[16:26:27] fold4 ep 013 tr=0.2579 va=0.5294 val_AccPaper=0.8561
[16:26:28] fold4 ep 014 tr=0.2551 va=0.5655 val_AccPaper=0.8371
[16:26:30] fold4 ep 015 tr=0.2479 va=0.5600 val_AccPaper=0.8409
[16:26:31] fold4 ep 016 tr=0.2517 va=0.5735 val_AccPaper=0.8106
[16:26:33] fold4 ep 017 tr=0.2427 va=0.5702 val_AccPaper=0.8182
[16:26:34] fold4 ep 018 tr=0.2330 va=0.5672 val_AccPaper=0.8371
[16:26:35] fold4 ep 019 tr=0.2296 va=0.5860 val_AccPaper=0.8409
[16:26:37] fold4 ep 020 tr=0.2239 va=0.6152 val_AccPaper=0.8182
[16:26:38] fold4 ep 021 tr=0.2255 va=0.6088 val_AccPaper=0.8182
[16:26:40] fold4 ep 022 tr=0.2141 va=0.6113 val_AccPaper=0.8144
[16:26:41] fold4 ep 023 tr=0.2239 va=0.6029 val_AccPaper=0.8258
[16:26:42] fold4 ep 024 tr=0.2028 va=0.6025 val_AccPaper=0.8333
[16:26:44] fold4 ep 025 tr=0.2082 va=0.6003 val_AccPaper=0.8295
[16:26:45] fold4 ep 026 tr=0.2131 va=0.5988 val_AccPaper=0.8598
[16:26:47] fold4 ep 027 tr=0.2085 va=0.6325 val_AccPaper=0.8068
[16:26:48] fold4 ep 028 tr=0.2038 va=0.6221 val_AccPaper=0.8295
[16:26:50] fold4 ep 029 tr=0.2048 va=0.6156 val_AccPaper=0.8295
[16:26:51] fold4 ep 030 tr=0.2046 va=0.6313 val_AccPaper=0.8068
[16:26:51]   early stop @ ep 30
[16:26:55] === S16 cues=1414 train=707 eval=707 ===
[16:26:56] [S16] task fold0 ft_tr=19222 ft_va=4586 eval=23056
[16:26:57] fold0 ep 001 tr=0.4950 va=0.4662 val_AccPaper=0.8085
[16:26:59] fold0 ep 002 tr=0.3607 va=0.4498 val_AccPaper=0.8262
[16:27:00] fold0 ep 003 tr=0.3193 va=0.4432 val_AccPaper=0.8440
[16:27:02] fold0 ep 004 tr=0.2834 va=0.4257 val_AccPaper=0.8369
[16:27:04] fold0 ep 005 tr=0.2786 va=0.4109 val_AccPaper=0.8121
[16:27:05] fold0 ep 006 tr=0.2504 va=0.4279 val_AccPaper=0.8440
[16:27:07] fold0 ep 007 tr=0.2454 va=0.4131 val_AccPaper=0.8475
[16:27:09] fold0 ep 008 tr=0.2359 va=0.4142 val_AccPaper=0.8511
[16:27:10] fold0 ep 009 tr=0.2282 va=0.4294 val_AccPaper=0.8440
[16:27:12] fold0 ep 010 tr=0.2225 va=0.4128 val_AccPaper=0.8511
[16:27:13] fold0 ep 011 tr=0.2138 va=0.3998 val_AccPaper=0.8404
[16:27:15] fold0 ep 012 tr=0.2119 va=0.4554 val_AccPaper=0.8546
[16:27:16] fold0 ep 013 tr=0.1999 va=0.4934 val_AccPaper=0.8440
[16:27:18] fold0 ep 014 tr=0.1934 va=0.4629 val_AccPaper=0.8440
[16:27:19] fold0 ep 015 tr=0.1965 va=0.4330 val_AccPaper=0.8440
[16:27:21] fold0 ep 016 tr=0.1887 va=0.4701 val_AccPaper=0.8475
[16:27:23] fold0 ep 017 tr=0.1794 va=0.4371 val_AccPaper=0.8582
[16:27:24] fold0 ep 018 tr=0.1800 va=0.4134 val_AccPaper=0.8582
[16:27:26] fold0 ep 019 tr=0.1812 va=0.4386 val_AccPaper=0.8191
[16:27:27] fold0 ep 020 tr=0.1697 va=0.4390 val_AccPaper=0.8582
[16:27:29] fold0 ep 021 tr=0.1720 va=0.4678 val_AccPaper=0.8546
[16:27:30] fold0 ep 022 tr=0.1732 va=0.4491 val_AccPaper=0.8475
[16:27:32] fold0 ep 023 tr=0.1708 va=0.4610 val_AccPaper=0.8688
[16:27:33] fold0 ep 024 tr=0.1716 va=0.4465 val_AccPaper=0.8546
[16:27:35] fold0 ep 025 tr=0.1681 va=0.4636 val_AccPaper=0.8298
[16:27:36] fold0 ep 026 tr=0.1618 va=0.4286 val_AccPaper=0.8652
[16:27:38] fold0 ep 027 tr=0.1621 va=0.4671 val_AccPaper=0.8475
[16:27:40] fold0 ep 028 tr=0.1599 va=0.4880 val_AccPaper=0.8511
[16:27:41] fold0 ep 029 tr=0.1604 va=0.4666 val_AccPaper=0.8511
[16:27:43] fold0 ep 030 tr=0.1539 va=0.4628 val_AccPaper=0.8582
[16:27:44] fold0 ep 031 tr=0.1538 va=0.4614 val_AccPaper=0.8617
[16:27:46] fold0 ep 032 tr=0.1528 va=0.4770 val_AccPaper=0.8582
[16:27:47] fold0 ep 033 tr=0.1483 va=0.4648 val_AccPaper=0.8404
[16:27:49] fold0 ep 034 tr=0.1500 va=0.5024 val_AccPaper=0.8546
[16:27:50] fold0 ep 035 tr=0.1525 va=0.4966 val_AccPaper=0.8440
[16:27:52] fold0 ep 036 tr=0.1429 va=0.4738 val_AccPaper=0.8582
[16:27:53] fold0 ep 037 tr=0.1409 va=0.4847 val_AccPaper=0.8546
[16:27:55] fold0 ep 038 tr=0.1503 va=0.4790 val_AccPaper=0.8511
[16:27:56] fold0 ep 039 tr=0.1463 va=0.5236 val_AccPaper=0.8511
[16:27:58] fold0 ep 040 tr=0.1466 va=0.5161 val_AccPaper=0.8794
[16:28:00] fold0 ep 041 tr=0.1414 va=0.4994 val_AccPaper=0.8617
[16:28:01] fold0 ep 042 tr=0.1412 va=0.4714 val_AccPaper=0.8617
[16:28:03] fold0 ep 043 tr=0.1359 va=0.4967 val_AccPaper=0.8404
[16:28:04] fold0 ep 044 tr=0.1374 va=0.5036 val_AccPaper=0.8546
[16:28:06] fold0 ep 045 tr=0.1386 va=0.5208 val_AccPaper=0.8582
[16:28:07] fold0 ep 046 tr=0.1418 va=0.5180 val_AccPaper=0.8511
[16:28:09] fold0 ep 047 tr=0.1371 va=0.4920 val_AccPaper=0.8440
[16:28:10] fold0 ep 048 tr=0.1373 va=0.4902 val_AccPaper=0.8652
[16:28:12] fold0 ep 049 tr=0.1343 va=0.5058 val_AccPaper=0.8688
[16:28:13] fold0 ep 050 tr=0.1374 va=0.4911 val_AccPaper=0.8546
[16:28:15] fold0 ep 051 tr=0.1385 va=0.5035 val_AccPaper=0.8475
[16:28:16] fold0 ep 052 tr=0.1433 va=0.5120 val_AccPaper=0.8511
[16:28:18] fold0 ep 053 tr=0.1301 va=0.5123 val_AccPaper=0.8652
[16:28:19] fold0 ep 054 tr=0.1327 va=0.5018 val_AccPaper=0.8652
[16:28:21] fold0 ep 055 tr=0.1340 va=0.5155 val_AccPaper=0.8440
[16:28:23] fold0 ep 056 tr=0.1304 va=0.4908 val_AccPaper=0.8652
[16:28:24] fold0 ep 057 tr=0.1340 va=0.4820 val_AccPaper=0.8582
[16:28:26] fold0 ep 058 tr=0.1324 va=0.5060 val_AccPaper=0.8582
[16:28:27] fold0 ep 059 tr=0.1385 va=0.5116 val_AccPaper=0.8617
[16:28:29] fold0 ep 060 tr=0.1269 va=0.4772 val_AccPaper=0.8688
[16:28:29]   early stop @ ep 60
[16:28:31] [S16] task fold1 ft_tr=19222 ft_va=4586 eval=23056
[16:28:33] fold1 ep 001 tr=0.4821 va=0.4806 val_AccPaper=0.8050
[16:28:34] fold1 ep 002 tr=0.3635 va=0.4526 val_AccPaper=0.7943
[16:28:36] fold1 ep 003 tr=0.3146 va=0.4360 val_AccPaper=0.8227
[16:28:37] fold1 ep 004 tr=0.2875 va=0.4327 val_AccPaper=0.8227
[16:28:39] fold1 ep 005 tr=0.2660 va=0.4307 val_AccPaper=0.8333
[16:28:41] fold1 ep 006 tr=0.2572 va=0.4221 val_AccPaper=0.8227
[16:28:42] fold1 ep 007 tr=0.2438 va=0.4577 val_AccPaper=0.8369
[16:28:44] fold1 ep 008 tr=0.2292 va=0.4216 val_AccPaper=0.8298
[16:28:45] fold1 ep 009 tr=0.2264 va=0.4210 val_AccPaper=0.8369
[16:28:47] fold1 ep 010 tr=0.2187 va=0.4478 val_AccPaper=0.8369
[16:28:48] fold1 ep 011 tr=0.2045 va=0.4192 val_AccPaper=0.8617
[16:28:50] fold1 ep 012 tr=0.2050 va=0.4281 val_AccPaper=0.8511
[16:28:51] fold1 ep 013 tr=0.1987 va=0.4535 val_AccPaper=0.8475
[16:28:53] fold1 ep 014 tr=0.1969 va=0.4388 val_AccPaper=0.8475
[16:28:54] fold1 ep 015 tr=0.1916 va=0.4575 val_AccPaper=0.8333
[16:28:56] fold1 ep 016 tr=0.1845 va=0.4470 val_AccPaper=0.8652
[16:28:57] fold1 ep 017 tr=0.1839 va=0.4446 val_AccPaper=0.8652
[16:28:59] fold1 ep 018 tr=0.1773 va=0.4556 val_AccPaper=0.8688
[16:29:01] fold1 ep 019 tr=0.1734 va=0.4618 val_AccPaper=0.8546
[16:29:02] fold1 ep 020 tr=0.1750 va=0.4626 val_AccPaper=0.8298
[16:29:04] fold1 ep 021 tr=0.1706 va=0.4579 val_AccPaper=0.8511
[16:29:05] fold1 ep 022 tr=0.1751 va=0.4818 val_AccPaper=0.8404
[16:29:07] fold1 ep 023 tr=0.1679 va=0.4809 val_AccPaper=0.8582
[16:29:08] fold1 ep 024 tr=0.1671 va=0.4683 val_AccPaper=0.8582
[16:29:10] fold1 ep 025 tr=0.1717 va=0.4588 val_AccPaper=0.8617
[16:29:11] fold1 ep 026 tr=0.1662 va=0.4871 val_AccPaper=0.8582
[16:29:13] fold1 ep 027 tr=0.1616 va=0.5101 val_AccPaper=0.8652
[16:29:14] fold1 ep 028 tr=0.1636 va=0.4781 val_AccPaper=0.8617
[16:29:16] fold1 ep 029 tr=0.1552 va=0.4606 val_AccPaper=0.8511
[16:29:17] fold1 ep 030 tr=0.1568 va=0.5102 val_AccPaper=0.8404
[16:29:19] fold1 ep 031 tr=0.1603 va=0.4892 val_AccPaper=0.8688
[16:29:21] fold1 ep 032 tr=0.1535 va=0.5162 val_AccPaper=0.8546
[16:29:22] fold1 ep 033 tr=0.1541 va=0.4692 val_AccPaper=0.8652
[16:29:24] fold1 ep 034 tr=0.1510 va=0.4612 val_AccPaper=0.8688
[16:29:25] fold1 ep 035 tr=0.1432 va=0.5186 val_AccPaper=0.8546
[16:29:27] fold1 ep 036 tr=0.1462 va=0.5364 val_AccPaper=0.8723
[16:29:28] fold1 ep 037 tr=0.1521 va=0.5085 val_AccPaper=0.8546
[16:29:30] fold1 ep 038 tr=0.1478 va=0.5176 val_AccPaper=0.8546
[16:29:31] fold1 ep 039 tr=0.1391 va=0.4748 val_AccPaper=0.8688
[16:29:33] fold1 ep 040 tr=0.1449 va=0.4929 val_AccPaper=0.8688
[16:29:34] fold1 ep 041 tr=0.1461 va=0.5013 val_AccPaper=0.8617
[16:29:36] fold1 ep 042 tr=0.1353 va=0.5184 val_AccPaper=0.8617
[16:29:38] fold1 ep 043 tr=0.1415 va=0.4947 val_AccPaper=0.8582
[16:29:39] fold1 ep 044 tr=0.1397 va=0.5215 val_AccPaper=0.8440
[16:29:41] fold1 ep 045 tr=0.1411 va=0.5283 val_AccPaper=0.8652
[16:29:43] fold1 ep 046 tr=0.1409 va=0.5035 val_AccPaper=0.8617
[16:29:44] fold1 ep 047 tr=0.1372 va=0.5659 val_AccPaper=0.8475
[16:29:46] fold1 ep 048 tr=0.1360 va=0.5398 val_AccPaper=0.8546
[16:29:47] fold1 ep 049 tr=0.1393 va=0.5196 val_AccPaper=0.8440
[16:29:49] fold1 ep 050 tr=0.1403 va=0.5205 val_AccPaper=0.8652
[16:29:50] fold1 ep 051 tr=0.1356 va=0.5287 val_AccPaper=0.8617
[16:29:52] fold1 ep 052 tr=0.1310 va=0.5578 val_AccPaper=0.8511
[16:29:54] fold1 ep 053 tr=0.1362 va=0.5189 val_AccPaper=0.8475
[16:29:55] fold1 ep 054 tr=0.1261 va=0.5486 val_AccPaper=0.8582
[16:29:57] fold1 ep 055 tr=0.1300 va=0.5743 val_AccPaper=0.8617
[16:29:58] fold1 ep 056 tr=0.1305 va=0.5436 val_AccPaper=0.8652
[16:29:58]   early stop @ ep 56
[16:30:01] [S16] task fold2 ft_tr=19222 ft_va=4586 eval=23056
[16:30:02] fold2 ep 001 tr=0.4909 va=0.5166 val_AccPaper=0.8156
[16:30:04] fold2 ep 002 tr=0.3508 va=0.4221 val_AccPaper=0.7979
[16:30:06] fold2 ep 003 tr=0.3058 va=0.4247 val_AccPaper=0.8050
[16:30:07] fold2 ep 004 tr=0.2851 va=0.4874 val_AccPaper=0.8121
[16:30:09] fold2 ep 005 tr=0.2707 va=0.4119 val_AccPaper=0.8085
[16:30:10] fold2 ep 006 tr=0.2540 va=0.4199 val_AccPaper=0.8369
[16:30:12] fold2 ep 007 tr=0.2411 va=0.4089 val_AccPaper=0.8369
[16:30:14] fold2 ep 008 tr=0.2302 va=0.4289 val_AccPaper=0.8156
[16:30:15] fold2 ep 009 tr=0.2303 va=0.4455 val_AccPaper=0.8262
[16:30:17] fold2 ep 010 tr=0.2178 va=0.4072 val_AccPaper=0.8511
[16:30:18] fold2 ep 011 tr=0.2130 va=0.4250 val_AccPaper=0.8652
[16:30:20] fold2 ep 012 tr=0.2047 va=0.4280 val_AccPaper=0.8546
[16:30:21] fold2 ep 013 tr=0.2025 va=0.4248 val_AccPaper=0.8440
[16:30:23] fold2 ep 014 tr=0.1855 va=0.4179 val_AccPaper=0.8156
[16:30:25] fold2 ep 015 tr=0.1884 va=0.4534 val_AccPaper=0.8404
[16:30:26] fold2 ep 016 tr=0.1895 va=0.4290 val_AccPaper=0.8652
[16:30:28] fold2 ep 017 tr=0.1843 va=0.4283 val_AccPaper=0.8546
[16:30:29] fold2 ep 018 tr=0.1797 va=0.4222 val_AccPaper=0.8582
[16:30:31] fold2 ep 019 tr=0.1788 va=0.4637 val_AccPaper=0.8440
[16:30:33] fold2 ep 020 tr=0.1749 va=0.4431 val_AccPaper=0.8617
[16:30:34] fold2 ep 021 tr=0.1743 va=0.4608 val_AccPaper=0.8404
[16:30:36] fold2 ep 022 tr=0.1754 va=0.4650 val_AccPaper=0.8369
[16:30:37] fold2 ep 023 tr=0.1663 va=0.4399 val_AccPaper=0.8475
[16:30:39] fold2 ep 024 tr=0.1623 va=0.4969 val_AccPaper=0.8156
[16:30:40] fold2 ep 025 tr=0.1625 va=0.4529 val_AccPaper=0.8546
[16:30:42] fold2 ep 026 tr=0.1659 va=0.4429 val_AccPaper=0.8582
[16:30:43] fold2 ep 027 tr=0.1599 va=0.4749 val_AccPaper=0.8369
[16:30:45] fold2 ep 028 tr=0.1585 va=0.4885 val_AccPaper=0.8333
[16:30:47] fold2 ep 029 tr=0.1557 va=0.4575 val_AccPaper=0.8511
[16:30:48] fold2 ep 030 tr=0.1569 va=0.4791 val_AccPaper=0.8475
[16:30:50] fold2 ep 031 tr=0.1517 va=0.4868 val_AccPaper=0.8582
[16:30:50]   early stop @ ep 31
[16:30:52] [S16] task fold3 ft_tr=19222 ft_va=4586 eval=23056
[16:30:54] fold3 ep 001 tr=0.4874 va=0.4590 val_AccPaper=0.7979
[16:30:55] fold3 ep 002 tr=0.3571 va=0.4310 val_AccPaper=0.8121
[16:30:57] fold3 ep 003 tr=0.3149 va=0.4388 val_AccPaper=0.8511
[16:30:58] fold3 ep 004 tr=0.2889 va=0.4664 val_AccPaper=0.8156
[16:31:00] fold3 ep 005 tr=0.2734 va=0.3987 val_AccPaper=0.8475
[16:31:01] fold3 ep 006 tr=0.2537 va=0.4120 val_AccPaper=0.8369
[16:31:03] fold3 ep 007 tr=0.2455 va=0.4269 val_AccPaper=0.8652
[16:31:04] fold3 ep 008 tr=0.2329 va=0.4525 val_AccPaper=0.8511
[16:31:06] fold3 ep 009 tr=0.2269 va=0.4107 val_AccPaper=0.8404
[16:31:07] fold3 ep 010 tr=0.2182 va=0.4678 val_AccPaper=0.8723
[16:31:09] fold3 ep 011 tr=0.2156 va=0.4612 val_AccPaper=0.8617
[16:31:11] fold3 ep 012 tr=0.2111 va=0.4515 val_AccPaper=0.8546
[16:31:12] fold3 ep 013 tr=0.2044 va=0.4291 val_AccPaper=0.8333
[16:31:14] fold3 ep 014 tr=0.1988 va=0.4381 val_AccPaper=0.8298
[16:31:15] fold3 ep 015 tr=0.1874 va=0.4393 val_AccPaper=0.8511
[16:31:17] fold3 ep 016 tr=0.1965 va=0.4502 val_AccPaper=0.8121
[16:31:18] fold3 ep 017 tr=0.1852 va=0.4673 val_AccPaper=0.8440
[16:31:20] fold3 ep 018 tr=0.1800 va=0.4382 val_AccPaper=0.8333
[16:31:21] fold3 ep 019 tr=0.1780 va=0.4627 val_AccPaper=0.8546
[16:31:23] fold3 ep 020 tr=0.1781 va=0.4605 val_AccPaper=0.8546
[16:31:24] fold3 ep 021 tr=0.1756 va=0.4941 val_AccPaper=0.8511
[16:31:26] fold3 ep 022 tr=0.1748 va=0.4760 val_AccPaper=0.8227
[16:31:27] fold3 ep 023 tr=0.1740 va=0.4795 val_AccPaper=0.8511
[16:31:29] fold3 ep 024 tr=0.1703 va=0.4734 val_AccPaper=0.8475
[16:31:30] fold3 ep 025 tr=0.1678 va=0.4896 val_AccPaper=0.8440
[16:31:32] fold3 ep 026 tr=0.1693 va=0.4749 val_AccPaper=0.8582
[16:31:34] fold3 ep 027 tr=0.1576 va=0.4813 val_AccPaper=0.8582
[16:31:35] fold3 ep 028 tr=0.1620 va=0.4865 val_AccPaper=0.8511
[16:31:37] fold3 ep 029 tr=0.1651 va=0.4872 val_AccPaper=0.8369
[16:31:38] fold3 ep 030 tr=0.1547 va=0.5337 val_AccPaper=0.8440
[16:31:38]   early stop @ ep 30
[16:31:40] [S16] task fold4 ft_tr=19222 ft_va=4586 eval=23056
[16:31:42] fold4 ep 001 tr=0.4840 va=0.4452 val_AccPaper=0.7908
[16:31:43] fold4 ep 002 tr=0.3603 va=0.4494 val_AccPaper=0.8156
[16:31:45] fold4 ep 003 tr=0.3255 va=0.4735 val_AccPaper=0.8227
[16:31:46] fold4 ep 004 tr=0.2959 va=0.4035 val_AccPaper=0.8262
[16:31:48] fold4 ep 005 tr=0.2786 va=0.4285 val_AccPaper=0.8333
[16:31:50] fold4 ep 006 tr=0.2659 va=0.4428 val_AccPaper=0.8404
[16:31:51] fold4 ep 007 tr=0.2552 va=0.4200 val_AccPaper=0.8404
[16:31:53] fold4 ep 008 tr=0.2458 va=0.4013 val_AccPaper=0.8298
[16:31:54] fold4 ep 009 tr=0.2343 va=0.4160 val_AccPaper=0.8121
[16:31:56] fold4 ep 010 tr=0.2222 va=0.4599 val_AccPaper=0.8475
[16:31:57] fold4 ep 011 tr=0.2194 va=0.4058 val_AccPaper=0.8404
[16:31:59] fold4 ep 012 tr=0.2122 va=0.4008 val_AccPaper=0.8546
[16:32:00] fold4 ep 013 tr=0.2084 va=0.4287 val_AccPaper=0.8369
[16:32:02] fold4 ep 014 tr=0.2084 va=0.4348 val_AccPaper=0.8546
[16:32:03] fold4 ep 015 tr=0.1928 va=0.4242 val_AccPaper=0.8511
[16:32:05] fold4 ep 016 tr=0.1940 va=0.4483 val_AccPaper=0.8440
[16:32:06] fold4 ep 017 tr=0.2033 va=0.4439 val_AccPaper=0.8404
[16:32:08] fold4 ep 018 tr=0.1867 va=0.4355 val_AccPaper=0.8369
[16:32:09] fold4 ep 019 tr=0.1768 va=0.4550 val_AccPaper=0.8369
[16:32:11] fold4 ep 020 tr=0.1816 va=0.4794 val_AccPaper=0.8369
[16:32:12] fold4 ep 021 tr=0.1789 va=0.4566 val_AccPaper=0.8333
[16:32:14] fold4 ep 022 tr=0.1737 va=0.4539 val_AccPaper=0.8440
[16:32:15] fold4 ep 023 tr=0.1670 va=0.4936 val_AccPaper=0.8333
[16:32:17] fold4 ep 024 tr=0.1693 va=0.4649 val_AccPaper=0.8546
[16:32:18] fold4 ep 025 tr=0.1720 va=0.4785 val_AccPaper=0.8440
[16:32:20] fold4 ep 026 tr=0.1688 va=0.5019 val_AccPaper=0.8333
[16:32:22] fold4 ep 027 tr=0.1609 va=0.4654 val_AccPaper=0.8511
[16:32:23] fold4 ep 028 tr=0.1663 va=0.4915 val_AccPaper=0.8333
[16:32:25] fold4 ep 029 tr=0.1614 va=0.4751 val_AccPaper=0.8440
[16:32:26] fold4 ep 030 tr=0.1596 va=0.4698 val_AccPaper=0.8298
[16:32:28] fold4 ep 031 tr=0.1618 va=0.4801 val_AccPaper=0.8652
[16:32:29] fold4 ep 032 tr=0.1497 va=0.4638 val_AccPaper=0.8511
[16:32:31] fold4 ep 033 tr=0.1536 va=0.4726 val_AccPaper=0.8511
[16:32:32] fold4 ep 034 tr=0.1514 va=0.4853 val_AccPaper=0.8546
[16:32:34] fold4 ep 035 tr=0.1510 va=0.4846 val_AccPaper=0.8546
[16:32:35] fold4 ep 036 tr=0.1473 va=0.4650 val_AccPaper=0.8546
[16:32:37] fold4 ep 037 tr=0.1487 va=0.4900 val_AccPaper=0.8440
[16:32:38] fold4 ep 038 tr=0.1465 va=0.4746 val_AccPaper=0.8546
[16:32:40] fold4 ep 039 tr=0.1525 va=0.4920 val_AccPaper=0.8475
[16:32:41] fold4 ep 040 tr=0.1418 va=0.4964 val_AccPaper=0.8404
[16:32:43] fold4 ep 041 tr=0.1458 va=0.5280 val_AccPaper=0.8404
[16:32:44] fold4 ep 042 tr=0.1419 va=0.5432 val_AccPaper=0.8475
[16:32:46] fold4 ep 043 tr=0.1433 va=0.5271 val_AccPaper=0.8440
[16:32:47] fold4 ep 044 tr=0.1496 va=0.5035 val_AccPaper=0.8440
[16:32:49] fold4 ep 045 tr=0.1365 va=0.5337 val_AccPaper=0.8369
[16:32:50] fold4 ep 046 tr=0.1452 va=0.4941 val_AccPaper=0.8617
[16:32:52] fold4 ep 047 tr=0.1452 va=0.4824 val_AccPaper=0.8333
[16:32:53] fold4 ep 048 tr=0.1404 va=0.4965 val_AccPaper=0.8440
[16:32:55] fold4 ep 049 tr=0.1413 va=0.5145 val_AccPaper=0.8475
[16:32:56] fold4 ep 050 tr=0.1341 va=0.5054 val_AccPaper=0.8440
[16:32:58] fold4 ep 051 tr=0.1338 va=0.5062 val_AccPaper=0.8333
[16:32:58]   early stop @ ep 51
[16:33:00] [S16] three fold0 ft_tr=19222 ft_va=4586 eval=23056
[16:33:02] fold0 ep 001 tr=0.9049 va=0.9346 val_AccPaper=0.5957
[16:33:03] fold0 ep 002 tr=0.7141 va=0.9044 val_AccPaper=0.6170
[16:33:05] fold0 ep 003 tr=0.6670 va=0.8866 val_AccPaper=0.6348
[16:33:07] fold0 ep 004 tr=0.6185 va=0.9123 val_AccPaper=0.6560
[16:33:08] fold0 ep 005 tr=0.5922 va=0.9198 val_AccPaper=0.6277
[16:33:10] fold0 ep 006 tr=0.5791 va=0.9358 val_AccPaper=0.6454
[16:33:11] fold0 ep 007 tr=0.5496 va=0.9397 val_AccPaper=0.6525
[16:33:13] fold0 ep 008 tr=0.5360 va=0.9405 val_AccPaper=0.6631
[16:33:14] fold0 ep 009 tr=0.5208 va=0.9311 val_AccPaper=0.6773
[16:33:16] fold0 ep 010 tr=0.5080 va=0.9449 val_AccPaper=0.6631
[16:33:17] fold0 ep 011 tr=0.4964 va=0.9667 val_AccPaper=0.6631
[16:33:19] fold0 ep 012 tr=0.4891 va=0.9449 val_AccPaper=0.6560
[16:33:20] fold0 ep 013 tr=0.4855 va=0.9638 val_AccPaper=0.6667
[16:33:22] fold0 ep 014 tr=0.4702 va=0.9506 val_AccPaper=0.6773
[16:33:24] fold0 ep 015 tr=0.4552 va=0.9826 val_AccPaper=0.6348
[16:33:25] fold0 ep 016 tr=0.4515 va=0.9388 val_AccPaper=0.6667
[16:33:27] fold0 ep 017 tr=0.4488 va=0.9838 val_AccPaper=0.6702
[16:33:28] fold0 ep 018 tr=0.4453 va=0.9630 val_AccPaper=0.6702
[16:33:30] fold0 ep 019 tr=0.4464 va=0.9702 val_AccPaper=0.6418
[16:33:31] fold0 ep 020 tr=0.4318 va=0.9674 val_AccPaper=0.6773
[16:33:33] fold0 ep 021 tr=0.4408 va=0.9864 val_AccPaper=0.6809
[16:33:34] fold0 ep 022 tr=0.4318 va=0.9817 val_AccPaper=0.6915
[16:33:36] fold0 ep 023 tr=0.4229 va=0.9840 val_AccPaper=0.6773
[16:33:37] fold0 ep 024 tr=0.4188 va=0.9778 val_AccPaper=0.6844
[16:33:39] fold0 ep 025 tr=0.4116 va=1.0118 val_AccPaper=0.6844
[16:33:41] fold0 ep 026 tr=0.4062 va=1.0325 val_AccPaper=0.6702
[16:33:42] fold0 ep 027 tr=0.4056 va=1.0289 val_AccPaper=0.6773
[16:33:44] fold0 ep 028 tr=0.4025 va=1.0272 val_AccPaper=0.6809
[16:33:45] fold0 ep 029 tr=0.4027 va=1.0137 val_AccPaper=0.6773
[16:33:47] fold0 ep 030 tr=0.3980 va=1.0446 val_AccPaper=0.6560
[16:33:48] fold0 ep 031 tr=0.3902 va=1.0474 val_AccPaper=0.6844
[16:33:50] fold0 ep 032 tr=0.3938 va=1.0494 val_AccPaper=0.6667
[16:33:51] fold0 ep 033 tr=0.3919 va=0.9970 val_AccPaper=0.6596
[16:33:53] fold0 ep 034 tr=0.3996 va=1.0423 val_AccPaper=0.6596
[16:33:55] fold0 ep 035 tr=0.4010 va=1.0504 val_AccPaper=0.6631
[16:33:56] fold0 ep 036 tr=0.3821 va=1.0110 val_AccPaper=0.6631
[16:33:58] fold0 ep 037 tr=0.3822 va=1.0616 val_AccPaper=0.6631
[16:33:59] fold0 ep 038 tr=0.3911 va=1.0407 val_AccPaper=0.6879
[16:34:01] fold0 ep 039 tr=0.3800 va=1.0461 val_AccPaper=0.6631
[16:34:02] fold0 ep 040 tr=0.3809 va=1.1002 val_AccPaper=0.6348
[16:34:04] fold0 ep 041 tr=0.3914 va=1.0414 val_AccPaper=0.6702
[16:34:05] fold0 ep 042 tr=0.3700 va=1.0320 val_AccPaper=0.6702
[16:34:05]   early stop @ ep 42
[16:34:08] [S16] three fold1 ft_tr=19222 ft_va=4586 eval=23056
[16:34:09] fold1 ep 001 tr=0.8929 va=0.8719 val_AccPaper=0.6028
[16:34:11] fold1 ep 002 tr=0.7300 va=0.8523 val_AccPaper=0.6170
[16:34:12] fold1 ep 003 tr=0.6793 va=0.8561 val_AccPaper=0.6383
[16:34:14] fold1 ep 004 tr=0.6385 va=0.8824 val_AccPaper=0.6312
[16:34:15] fold1 ep 005 tr=0.6103 va=0.8745 val_AccPaper=0.6454
[16:34:17] fold1 ep 006 tr=0.5920 va=0.9014 val_AccPaper=0.6206
[16:34:18] fold1 ep 007 tr=0.5749 va=0.8764 val_AccPaper=0.6418
[16:34:20] fold1 ep 008 tr=0.5569 va=0.8724 val_AccPaper=0.6631
[16:34:21] fold1 ep 009 tr=0.5457 va=0.8771 val_AccPaper=0.6348
[16:34:23] fold1 ep 010 tr=0.5298 va=0.9344 val_AccPaper=0.6454
[16:34:24] fold1 ep 011 tr=0.5215 va=0.9211 val_AccPaper=0.6277
[16:34:26] fold1 ep 012 tr=0.5121 va=0.9043 val_AccPaper=0.6702
[16:34:28] fold1 ep 013 tr=0.4978 va=0.9725 val_AccPaper=0.6348
[16:34:29] fold1 ep 014 tr=0.4930 va=0.9006 val_AccPaper=0.6773
[16:34:31] fold1 ep 015 tr=0.4914 va=0.9388 val_AccPaper=0.6560
[16:34:32] fold1 ep 016 tr=0.4795 va=0.9368 val_AccPaper=0.6702
[16:34:34] fold1 ep 017 tr=0.4633 va=0.9403 val_AccPaper=0.6667
[16:34:35] fold1 ep 018 tr=0.4640 va=0.9608 val_AccPaper=0.6667
[16:34:37] fold1 ep 019 tr=0.4563 va=0.9752 val_AccPaper=0.6454
[16:34:38] fold1 ep 020 tr=0.4499 va=0.9748 val_AccPaper=0.6773
[16:34:40] fold1 ep 021 tr=0.4611 va=0.9794 val_AccPaper=0.6738
[16:34:41] fold1 ep 022 tr=0.4479 va=0.9978 val_AccPaper=0.6418
[16:34:43] fold1 ep 023 tr=0.4358 va=1.0159 val_AccPaper=0.6383
[16:34:44] fold1 ep 024 tr=0.4406 va=1.0388 val_AccPaper=0.6206
[16:34:46] fold1 ep 025 tr=0.4253 va=1.0615 val_AccPaper=0.6667
[16:34:48] fold1 ep 026 tr=0.4342 va=1.0165 val_AccPaper=0.6773
[16:34:49] fold1 ep 027 tr=0.4244 va=0.9839 val_AccPaper=0.6773
[16:34:51] fold1 ep 028 tr=0.4316 va=1.0116 val_AccPaper=0.6560
[16:34:52] fold1 ep 029 tr=0.4129 va=1.0573 val_AccPaper=0.6702
[16:34:54] fold1 ep 030 tr=0.4098 va=1.0221 val_AccPaper=0.6631
[16:34:55] fold1 ep 031 tr=0.4185 va=1.0397 val_AccPaper=0.6738
[16:34:57] fold1 ep 032 tr=0.4116 va=1.0151 val_AccPaper=0.6809
[16:34:58] fold1 ep 033 tr=0.4108 va=1.0661 val_AccPaper=0.6915
[16:35:00] fold1 ep 034 tr=0.4051 va=1.0192 val_AccPaper=0.6773
[16:35:01] fold1 ep 035 tr=0.3955 va=1.0389 val_AccPaper=0.6418
[16:35:03] fold1 ep 036 tr=0.3977 va=1.0563 val_AccPaper=0.6631
[16:35:05] fold1 ep 037 tr=0.3973 va=1.1098 val_AccPaper=0.6773
[16:35:06] fold1 ep 038 tr=0.3983 va=1.0453 val_AccPaper=0.6454
[16:35:08] fold1 ep 039 tr=0.4000 va=1.0473 val_AccPaper=0.6702
[16:35:09] fold1 ep 040 tr=0.4002 va=1.1363 val_AccPaper=0.6915
[16:35:11] fold1 ep 041 tr=0.3967 va=1.0851 val_AccPaper=0.6702
[16:35:12] fold1 ep 042 tr=0.3943 va=1.0898 val_AccPaper=0.6738
[16:35:14] fold1 ep 043 tr=0.3940 va=1.1143 val_AccPaper=0.6596
[16:35:15] fold1 ep 044 tr=0.3834 va=1.0915 val_AccPaper=0.6667
[16:35:17] fold1 ep 045 tr=0.3881 va=1.0923 val_AccPaper=0.6560
[16:35:18] fold1 ep 046 tr=0.3812 va=1.1233 val_AccPaper=0.6489
[16:35:20] fold1 ep 047 tr=0.3690 va=1.1188 val_AccPaper=0.6383
[16:35:22] fold1 ep 048 tr=0.3829 va=1.1122 val_AccPaper=0.6702
[16:35:23] fold1 ep 049 tr=0.3762 va=1.1335 val_AccPaper=0.6667
[16:35:25] fold1 ep 050 tr=0.3780 va=1.1302 val_AccPaper=0.6738
[16:35:26] fold1 ep 051 tr=0.3795 va=1.1029 val_AccPaper=0.6596
[16:35:28] fold1 ep 052 tr=0.3872 va=1.1292 val_AccPaper=0.6667
[16:35:29] fold1 ep 053 tr=0.3636 va=1.1548 val_AccPaper=0.6596
[16:35:29]   early stop @ ep 53
[16:35:32] [S16] three fold2 ft_tr=19222 ft_va=4586 eval=23056
[16:35:33] fold2 ep 001 tr=0.9041 va=0.9448 val_AccPaper=0.6099
[16:35:35] fold2 ep 002 tr=0.7301 va=0.9020 val_AccPaper=0.6348
[16:35:37] fold2 ep 003 tr=0.6744 va=0.8972 val_AccPaper=0.6099
[16:35:38] fold2 ep 004 tr=0.6315 va=0.9355 val_AccPaper=0.6383
[16:35:40] fold2 ep 005 tr=0.6169 va=0.9184 val_AccPaper=0.6454
[16:35:42] fold2 ep 006 tr=0.5907 va=0.9304 val_AccPaper=0.6348
[16:35:43] fold2 ep 007 tr=0.5698 va=0.9484 val_AccPaper=0.6348
[16:35:45] fold2 ep 008 tr=0.5483 va=0.9496 val_AccPaper=0.6064
[16:35:47] fold2 ep 009 tr=0.5364 va=0.9193 val_AccPaper=0.6454
[16:35:48] fold2 ep 010 tr=0.5287 va=0.9323 val_AccPaper=0.6525
[16:35:50] fold2 ep 011 tr=0.5158 va=0.9595 val_AccPaper=0.6631
[16:35:52] fold2 ep 012 tr=0.5075 va=0.9365 val_AccPaper=0.6702
[16:35:54] fold2 ep 013 tr=0.5022 va=0.9540 val_AccPaper=0.6454
[16:35:55] fold2 ep 014 tr=0.4930 va=1.0201 val_AccPaper=0.6312
[16:35:57] fold2 ep 015 tr=0.4863 va=0.9997 val_AccPaper=0.6489
[16:35:58] fold2 ep 016 tr=0.4801 va=0.9953 val_AccPaper=0.6631
[16:36:00] fold2 ep 017 tr=0.4789 va=0.9891 val_AccPaper=0.6277
[16:36:02] fold2 ep 018 tr=0.4735 va=0.9968 val_AccPaper=0.6489
[16:36:04] fold2 ep 019 tr=0.4695 va=0.9793 val_AccPaper=0.6667
[16:36:05] fold2 ep 020 tr=0.4616 va=1.0209 val_AccPaper=0.6489
[16:36:07] fold2 ep 021 tr=0.4545 va=0.9918 val_AccPaper=0.6631
[16:36:08] fold2 ep 022 tr=0.4513 va=1.0171 val_AccPaper=0.6489
[16:36:10] fold2 ep 023 tr=0.4465 va=1.0288 val_AccPaper=0.6525
[16:36:11] fold2 ep 024 tr=0.4408 va=0.9971 val_AccPaper=0.6773
[16:36:13] fold2 ep 025 tr=0.4392 va=1.0291 val_AccPaper=0.6631
[16:36:14] fold2 ep 026 tr=0.4322 va=1.0105 val_AccPaper=0.6489
[16:36:16] fold2 ep 027 tr=0.4278 va=1.0164 val_AccPaper=0.6809
[16:36:18] fold2 ep 028 tr=0.4307 va=1.0698 val_AccPaper=0.6489
[16:36:19] fold2 ep 029 tr=0.4319 va=1.0397 val_AccPaper=0.6667
[16:36:21] fold2 ep 030 tr=0.4275 va=1.0339 val_AccPaper=0.6489
[16:36:23] fold2 ep 031 tr=0.4221 va=1.0262 val_AccPaper=0.6702
[16:36:24] fold2 ep 032 tr=0.4170 va=1.0731 val_AccPaper=0.6418
[16:36:26] fold2 ep 033 tr=0.4151 va=1.0368 val_AccPaper=0.6738
[16:36:28] fold2 ep 034 tr=0.4213 va=1.0907 val_AccPaper=0.6631
[16:36:30] fold2 ep 035 tr=0.4133 va=1.0532 val_AccPaper=0.6738
[16:36:31] fold2 ep 036 tr=0.4100 va=1.0634 val_AccPaper=0.6879
[16:36:33] fold2 ep 037 tr=0.4086 va=1.0958 val_AccPaper=0.6596
[16:36:34] fold2 ep 038 tr=0.4172 va=1.1020 val_AccPaper=0.6773
[16:36:36] fold2 ep 039 tr=0.4078 va=1.0759 val_AccPaper=0.6631
[16:36:37] fold2 ep 040 tr=0.3987 va=1.1031 val_AccPaper=0.6560
[16:36:39] fold2 ep 041 tr=0.4050 va=1.0866 val_AccPaper=0.6454
[16:36:40] fold2 ep 042 tr=0.3941 va=1.0782 val_AccPaper=0.6383
[16:36:42] fold2 ep 043 tr=0.3961 va=1.1329 val_AccPaper=0.6489
[16:36:44] fold2 ep 044 tr=0.3943 va=1.1323 val_AccPaper=0.6454
[16:36:45] fold2 ep 045 tr=0.3806 va=1.1287 val_AccPaper=0.6525
[16:36:47] fold2 ep 046 tr=0.3929 va=1.1298 val_AccPaper=0.6773
[16:36:48] fold2 ep 047 tr=0.3875 va=1.1187 val_AccPaper=0.6560
[16:36:50] fold2 ep 048 tr=0.3901 va=1.1283 val_AccPaper=0.6738
[16:36:51] fold2 ep 049 tr=0.3858 va=1.1469 val_AccPaper=0.6383
[16:36:53] fold2 ep 050 tr=0.3839 va=1.1432 val_AccPaper=0.6631
[16:36:54] fold2 ep 051 tr=0.3795 va=1.1393 val_AccPaper=0.6667
[16:36:56] fold2 ep 052 tr=0.3844 va=1.1318 val_AccPaper=0.6454
[16:36:58] fold2 ep 053 tr=0.3788 va=1.1200 val_AccPaper=0.6596
[16:36:59] fold2 ep 054 tr=0.3786 va=1.1294 val_AccPaper=0.6277
[16:37:01] fold2 ep 055 tr=0.3729 va=1.1366 val_AccPaper=0.6631
[16:37:02] fold2 ep 056 tr=0.3783 va=1.1727 val_AccPaper=0.6312
[16:37:02]   early stop @ ep 56
[16:37:05] [S16] three fold3 ft_tr=19222 ft_va=4586 eval=23056
[16:37:06] fold3 ep 001 tr=0.8897 va=0.9280 val_AccPaper=0.6135
[16:37:08] fold3 ep 002 tr=0.7389 va=0.9133 val_AccPaper=0.5957
[16:37:09] fold3 ep 003 tr=0.6805 va=0.9376 val_AccPaper=0.6277
[16:37:11] fold3 ep 004 tr=0.6465 va=0.9088 val_AccPaper=0.6454
[16:37:12] fold3 ep 005 tr=0.6156 va=0.8950 val_AccPaper=0.6489
[16:37:14] fold3 ep 006 tr=0.5930 va=0.9102 val_AccPaper=0.6454
[16:37:15] fold3 ep 007 tr=0.5712 va=0.9439 val_AccPaper=0.6383
[16:37:17] fold3 ep 008 tr=0.5480 va=0.9477 val_AccPaper=0.6525
[16:37:18] fold3 ep 009 tr=0.5353 va=0.9489 val_AccPaper=0.6454
[16:37:20] fold3 ep 010 tr=0.5232 va=0.9262 val_AccPaper=0.6667
[16:37:22] fold3 ep 011 tr=0.5106 va=0.9470 val_AccPaper=0.6738
[16:37:23] fold3 ep 012 tr=0.5091 va=0.9685 val_AccPaper=0.6241
[16:37:25] fold3 ep 013 tr=0.4937 va=0.9699 val_AccPaper=0.6702
[16:37:26] fold3 ep 014 tr=0.4843 va=0.9441 val_AccPaper=0.6879
[16:37:28] fold3 ep 015 tr=0.4895 va=0.9812 val_AccPaper=0.6773
[16:37:29] fold3 ep 016 tr=0.4745 va=0.9772 val_AccPaper=0.6418
[16:37:31] fold3 ep 017 tr=0.4709 va=1.0018 val_AccPaper=0.6418
[16:37:32] fold3 ep 018 tr=0.4655 va=0.9700 val_AccPaper=0.6879
[16:37:34] fold3 ep 019 tr=0.4539 va=1.0038 val_AccPaper=0.6844
[16:37:36] fold3 ep 020 tr=0.4614 va=1.0014 val_AccPaper=0.6383
[16:37:37] fold3 ep 021 tr=0.4508 va=0.9922 val_AccPaper=0.6773
[16:37:39] fold3 ep 022 tr=0.4520 va=0.9875 val_AccPaper=0.7021
[16:37:40] fold3 ep 023 tr=0.4499 va=1.0323 val_AccPaper=0.6809
[16:37:42] fold3 ep 024 tr=0.4407 va=1.0109 val_AccPaper=0.6348
[16:37:43] fold3 ep 025 tr=0.4350 va=1.0235 val_AccPaper=0.6418
[16:37:45] fold3 ep 026 tr=0.4289 va=1.0311 val_AccPaper=0.6773
[16:37:46] fold3 ep 027 tr=0.4321 va=1.0276 val_AccPaper=0.6560
[16:37:48] fold3 ep 028 tr=0.4353 va=1.0097 val_AccPaper=0.6560
[16:37:49] fold3 ep 029 tr=0.4184 va=1.0325 val_AccPaper=0.6631
[16:37:51] fold3 ep 030 tr=0.4162 va=1.0670 val_AccPaper=0.6596
[16:37:53] fold3 ep 031 tr=0.4169 va=1.0671 val_AccPaper=0.6312
[16:37:54] fold3 ep 032 tr=0.4111 va=1.0719 val_AccPaper=0.6312
[16:37:56] fold3 ep 033 tr=0.4069 va=1.0526 val_AccPaper=0.6879
[16:37:57] fold3 ep 034 tr=0.4040 va=1.0848 val_AccPaper=0.6454
[16:37:59] fold3 ep 035 tr=0.4040 va=1.0621 val_AccPaper=0.6312
[16:38:00] fold3 ep 036 tr=0.4053 va=1.0757 val_AccPaper=0.6738
[16:38:02] fold3 ep 037 tr=0.4009 va=1.0796 val_AccPaper=0.6277
[16:38:03] fold3 ep 038 tr=0.4051 va=1.0975 val_AccPaper=0.6489
[16:38:05] fold3 ep 039 tr=0.4049 va=1.0781 val_AccPaper=0.6950
[16:38:06] fold3 ep 040 tr=0.3959 va=1.1141 val_AccPaper=0.6809
[16:38:08] fold3 ep 041 tr=0.3876 va=1.0754 val_AccPaper=0.6596
[16:38:10] fold3 ep 042 tr=0.3890 va=1.1050 val_AccPaper=0.6489
[16:38:10]   early stop @ ep 42
[16:38:12] [S16] three fold4 ft_tr=19222 ft_va=4586 eval=23056
[16:38:13] fold4 ep 001 tr=0.9092 va=0.9065 val_AccPaper=0.6064
[16:38:15] fold4 ep 002 tr=0.7321 va=0.8964 val_AccPaper=0.6383
[16:38:16] fold4 ep 003 tr=0.6689 va=0.8769 val_AccPaper=0.6489
[16:38:18] fold4 ep 004 tr=0.6248 va=0.8805 val_AccPaper=0.6418
[16:38:20] fold4 ep 005 tr=0.5985 va=0.8807 val_AccPaper=0.6560
[16:38:21] fold4 ep 006 tr=0.5736 va=0.9015 val_AccPaper=0.6454
[16:38:23] fold4 ep 007 tr=0.5596 va=0.9162 val_AccPaper=0.6383
[16:38:24] fold4 ep 008 tr=0.5395 va=0.9069 val_AccPaper=0.6277
[16:38:26] fold4 ep 009 tr=0.5284 va=0.9104 val_AccPaper=0.6418
[16:38:27] fold4 ep 010 tr=0.5073 va=0.9438 val_AccPaper=0.6525
[16:38:29] fold4 ep 011 tr=0.5098 va=0.9377 val_AccPaper=0.6206
[16:38:30] fold4 ep 012 tr=0.4984 va=0.9647 val_AccPaper=0.6348
[16:38:32] fold4 ep 013 tr=0.4773 va=0.9737 val_AccPaper=0.6206
[16:38:33] fold4 ep 014 tr=0.4786 va=0.9546 val_AccPaper=0.6560
[16:38:35] fold4 ep 015 tr=0.4697 va=0.9751 val_AccPaper=0.6383
[16:38:36] fold4 ep 016 tr=0.4627 va=0.9574 val_AccPaper=0.6667
[16:38:38] fold4 ep 017 tr=0.4574 va=0.9689 val_AccPaper=0.6560
[16:38:40] fold4 ep 018 tr=0.4382 va=0.9974 val_AccPaper=0.6348
[16:38:41] fold4 ep 019 tr=0.4493 va=1.0188 val_AccPaper=0.6489
[16:38:43] fold4 ep 020 tr=0.4358 va=0.9959 val_AccPaper=0.6844
[16:38:44] fold4 ep 021 tr=0.4386 va=0.9791 val_AccPaper=0.6631
[16:38:46] fold4 ep 022 tr=0.4237 va=1.0016 val_AccPaper=0.6950
[16:38:47] fold4 ep 023 tr=0.4347 va=1.0390 val_AccPaper=0.6454
[16:38:49] fold4 ep 024 tr=0.4165 va=1.0379 val_AccPaper=0.6241
[16:38:50] fold4 ep 025 tr=0.4241 va=1.0450 val_AccPaper=0.6596
[16:38:52] fold4 ep 026 tr=0.4019 va=1.0419 val_AccPaper=0.6525
[16:38:53] fold4 ep 027 tr=0.4230 va=1.0388 val_AccPaper=0.6631
[16:38:55] fold4 ep 028 tr=0.4137 va=1.0901 val_AccPaper=0.6383
[16:38:56] fold4 ep 029 tr=0.4035 va=1.0555 val_AccPaper=0.6454
[16:38:58] fold4 ep 030 tr=0.4015 va=1.0744 val_AccPaper=0.6418
[16:39:00] fold4 ep 031 tr=0.3964 va=1.0751 val_AccPaper=0.6702
[16:39:01] fold4 ep 032 tr=0.3959 va=1.1046 val_AccPaper=0.6418
[16:39:03] fold4 ep 033 tr=0.3976 va=1.0742 val_AccPaper=0.6596
[16:39:04] fold4 ep 034 tr=0.3983 va=1.0697 val_AccPaper=0.6064
[16:39:06] fold4 ep 035 tr=0.3891 va=1.0720 val_AccPaper=0.6667
[16:39:07] fold4 ep 036 tr=0.3879 va=1.1221 val_AccPaper=0.6738
[16:39:09] fold4 ep 037 tr=0.3882 va=1.1276 val_AccPaper=0.5957
[16:39:10] fold4 ep 038 tr=0.3801 va=1.0854 val_AccPaper=0.6667
[16:39:12] fold4 ep 039 tr=0.3901 va=1.1138 val_AccPaper=0.6454
[16:39:13] fold4 ep 040 tr=0.3781 va=1.1201 val_AccPaper=0.6560
[16:39:15] fold4 ep 041 tr=0.3786 va=1.0873 val_AccPaper=0.6560
[16:39:17] fold4 ep 042 tr=0.3839 va=1.1588 val_AccPaper=0.6773
[16:39:17]   early stop @ ep 42
[16:39:20] === S17 cues=1064 train=532 eval=532 ===
[16:39:20] [S17] task fold0 ft_tr=13244 ft_va=3253 eval=17234
[16:39:22] fold0 ep 001 tr=0.3810 va=0.3674 val_AccPaper=0.8491
[16:39:23] fold0 ep 002 tr=0.2412 va=0.3499 val_AccPaper=0.8821
[16:39:24] fold0 ep 003 tr=0.2090 va=0.3277 val_AccPaper=0.8726
[16:39:25] fold0 ep 004 tr=0.1764 va=0.3407 val_AccPaper=0.8726
[16:39:26] fold0 ep 005 tr=0.1550 va=0.3506 val_AccPaper=0.8726
[16:39:27] fold0 ep 006 tr=0.1518 va=0.3401 val_AccPaper=0.8821
[16:39:28] fold0 ep 007 tr=0.1394 va=0.3542 val_AccPaper=0.8726
[16:39:29] fold0 ep 008 tr=0.1244 va=0.3541 val_AccPaper=0.8726
[16:39:30] fold0 ep 009 tr=0.1221 va=0.3605 val_AccPaper=0.8821
[16:39:31] fold0 ep 010 tr=0.1101 va=0.3495 val_AccPaper=0.8679
[16:39:33] fold0 ep 011 tr=0.1079 va=0.3828 val_AccPaper=0.8538
[16:39:34] fold0 ep 012 tr=0.0939 va=0.3667 val_AccPaper=0.8679
[16:39:35] fold0 ep 013 tr=0.0973 va=0.4003 val_AccPaper=0.8726
[16:39:36] fold0 ep 014 tr=0.0903 va=0.4073 val_AccPaper=0.8726
[16:39:37] fold0 ep 015 tr=0.0869 va=0.3843 val_AccPaper=0.8821
[16:39:38] fold0 ep 016 tr=0.0784 va=0.4129 val_AccPaper=0.8679
[16:39:39] fold0 ep 017 tr=0.0826 va=0.4056 val_AccPaper=0.8679
[16:39:40] fold0 ep 018 tr=0.0786 va=0.4255 val_AccPaper=0.8774
[16:39:41] fold0 ep 019 tr=0.0716 va=0.4216 val_AccPaper=0.8679
[16:39:42] fold0 ep 020 tr=0.0758 va=0.3789 val_AccPaper=0.8868
[16:39:43] fold0 ep 021 tr=0.0695 va=0.3983 val_AccPaper=0.8915
[16:39:44] fold0 ep 022 tr=0.0647 va=0.4238 val_AccPaper=0.8821
[16:39:45] fold0 ep 023 tr=0.0663 va=0.4175 val_AccPaper=0.8821
[16:39:46] fold0 ep 024 tr=0.0651 va=0.4284 val_AccPaper=0.8774
[16:39:47] fold0 ep 025 tr=0.0637 va=0.4043 val_AccPaper=0.8774
[16:39:48] fold0 ep 026 tr=0.0633 va=0.4389 val_AccPaper=0.8679
[16:39:50] fold0 ep 027 tr=0.0602 va=0.4497 val_AccPaper=0.8679
[16:39:51] fold0 ep 028 tr=0.0603 va=0.4337 val_AccPaper=0.8915
[16:39:52] fold0 ep 029 tr=0.0571 va=0.4515 val_AccPaper=0.8726
[16:39:53] fold0 ep 030 tr=0.0573 va=0.4555 val_AccPaper=0.8632
[16:39:54] fold0 ep 031 tr=0.0582 va=0.4706 val_AccPaper=0.8962
[16:39:55] fold0 ep 032 tr=0.0557 va=0.4859 val_AccPaper=0.8726
[16:39:56] fold0 ep 033 tr=0.0522 va=0.4767 val_AccPaper=0.8821
[16:39:57] fold0 ep 034 tr=0.0498 va=0.4652 val_AccPaper=0.8915
[16:39:58] fold0 ep 035 tr=0.0503 va=0.4734 val_AccPaper=0.8774
[16:39:59] fold0 ep 036 tr=0.0525 va=0.4894 val_AccPaper=0.8821
[16:40:00] fold0 ep 037 tr=0.0539 va=0.4797 val_AccPaper=0.8915
[16:40:01] fold0 ep 038 tr=0.0535 va=0.4523 val_AccPaper=0.8821
[16:40:02] fold0 ep 039 tr=0.0511 va=0.4283 val_AccPaper=0.8868
[16:40:03] fold0 ep 040 tr=0.0533 va=0.4626 val_AccPaper=0.8726
[16:40:04] fold0 ep 041 tr=0.0476 va=0.4945 val_AccPaper=0.8915
[16:40:06] fold0 ep 042 tr=0.0485 va=0.4663 val_AccPaper=0.8821
[16:40:07] fold0 ep 043 tr=0.0466 va=0.5066 val_AccPaper=0.8679
[16:40:08] fold0 ep 044 tr=0.0448 va=0.4967 val_AccPaper=0.8868
[16:40:09] fold0 ep 045 tr=0.0473 va=0.4950 val_AccPaper=0.8632
[16:40:10] fold0 ep 046 tr=0.0450 va=0.5330 val_AccPaper=0.8868
[16:40:11] fold0 ep 047 tr=0.0475 va=0.5000 val_AccPaper=0.8868
[16:40:12] fold0 ep 048 tr=0.0374 va=0.5360 val_AccPaper=0.8726
[16:40:13] fold0 ep 049 tr=0.0477 va=0.4997 val_AccPaper=0.8774
[16:40:14] fold0 ep 050 tr=0.0401 va=0.4914 val_AccPaper=0.8726
[16:40:15] fold0 ep 051 tr=0.0471 va=0.5163 val_AccPaper=0.8915
[16:40:15]   early stop @ ep 51
[16:40:17] [S17] task fold1 ft_tr=13244 ft_va=3253 eval=17234
[16:40:18] fold1 ep 001 tr=0.3757 va=0.3403 val_AccPaper=0.8821
[16:40:19] fold1 ep 002 tr=0.2443 va=0.3190 val_AccPaper=0.8868
[16:40:20] fold1 ep 003 tr=0.2030 va=0.2989 val_AccPaper=0.8868
[16:40:21] fold1 ep 004 tr=0.1806 va=0.3087 val_AccPaper=0.9057
[16:40:22] fold1 ep 005 tr=0.1558 va=0.3187 val_AccPaper=0.8962
[16:40:23] fold1 ep 006 tr=0.1476 va=0.3205 val_AccPaper=0.8868
[16:40:24] fold1 ep 007 tr=0.1328 va=0.3416 val_AccPaper=0.8774
[16:40:25] fold1 ep 008 tr=0.1228 va=0.3404 val_AccPaper=0.8962
[16:40:26] fold1 ep 009 tr=0.1226 va=0.3481 val_AccPaper=0.8774
[16:40:27] fold1 ep 010 tr=0.1065 va=0.3646 val_AccPaper=0.8774
[16:40:28] fold1 ep 011 tr=0.1041 va=0.3867 val_AccPaper=0.8821
[16:40:29] fold1 ep 012 tr=0.1011 va=0.3731 val_AccPaper=0.8726
[16:40:30] fold1 ep 013 tr=0.0938 va=0.3846 val_AccPaper=0.8774
[16:40:32] fold1 ep 014 tr=0.0934 va=0.4034 val_AccPaper=0.8821
[16:40:33] fold1 ep 015 tr=0.0849 va=0.4203 val_AccPaper=0.8632
[16:40:34] fold1 ep 016 tr=0.0906 va=0.3943 val_AccPaper=0.8868
[16:40:35] fold1 ep 017 tr=0.0757 va=0.3933 val_AccPaper=0.8774
[16:40:36] fold1 ep 018 tr=0.0777 va=0.4185 val_AccPaper=0.8679
[16:40:37] fold1 ep 019 tr=0.0755 va=0.4302 val_AccPaper=0.8632
[16:40:38] fold1 ep 020 tr=0.0729 va=0.4631 val_AccPaper=0.8679
[16:40:39] fold1 ep 021 tr=0.0714 va=0.4309 val_AccPaper=0.8774
[16:40:40] fold1 ep 022 tr=0.0701 va=0.4357 val_AccPaper=0.8774
[16:40:41] fold1 ep 023 tr=0.0701 va=0.4301 val_AccPaper=0.8679
[16:40:42] fold1 ep 024 tr=0.0692 va=0.4365 val_AccPaper=0.8774
[16:40:42]   early stop @ ep 24
[16:40:44] [S17] task fold2 ft_tr=13244 ft_va=3253 eval=17234
[16:40:45] fold2 ep 001 tr=0.3865 va=0.3911 val_AccPaper=0.8491
[16:40:46] fold2 ep 002 tr=0.2466 va=0.3591 val_AccPaper=0.8868
[16:40:47] fold2 ep 003 tr=0.2015 va=0.3368 val_AccPaper=0.8726
[16:40:48] fold2 ep 004 tr=0.1800 va=0.3582 val_AccPaper=0.8632
[16:40:49] fold2 ep 005 tr=0.1580 va=0.3756 val_AccPaper=0.8868
[16:40:50] fold2 ep 006 tr=0.1483 va=0.3759 val_AccPaper=0.8538
[16:40:51] fold2 ep 007 tr=0.1358 va=0.3597 val_AccPaper=0.8774
[16:40:52] fold2 ep 008 tr=0.1274 va=0.3931 val_AccPaper=0.8868
[16:40:53] fold2 ep 009 tr=0.1197 va=0.3787 val_AccPaper=0.8774
[16:40:54] fold2 ep 010 tr=0.1110 va=0.4029 val_AccPaper=0.8679
[16:40:55] fold2 ep 011 tr=0.1099 va=0.3876 val_AccPaper=0.8774
[16:40:56] fold2 ep 012 tr=0.1008 va=0.3638 val_AccPaper=0.8915
[16:40:57] fold2 ep 013 tr=0.0992 va=0.4247 val_AccPaper=0.8726
[16:40:59] fold2 ep 014 tr=0.0948 va=0.3973 val_AccPaper=0.8962
[16:41:00] fold2 ep 015 tr=0.0933 va=0.3818 val_AccPaper=0.8868
[16:41:01] fold2 ep 016 tr=0.0881 va=0.3988 val_AccPaper=0.9009
[16:41:02] fold2 ep 017 tr=0.0888 va=0.3868 val_AccPaper=0.8868
[16:41:03] fold2 ep 018 tr=0.0778 va=0.4180 val_AccPaper=0.8915
[16:41:04] fold2 ep 019 tr=0.0804 va=0.4098 val_AccPaper=0.8868
[16:41:05] fold2 ep 020 tr=0.0775 va=0.4199 val_AccPaper=0.8962
[16:41:06] fold2 ep 021 tr=0.0715 va=0.4181 val_AccPaper=0.8726
[16:41:07] fold2 ep 022 tr=0.0715 va=0.4295 val_AccPaper=0.8679
[16:41:08] fold2 ep 023 tr=0.0685 va=0.4057 val_AccPaper=0.8821
[16:41:09] fold2 ep 024 tr=0.0694 va=0.4093 val_AccPaper=0.9009
[16:41:10] fold2 ep 025 tr=0.0647 va=0.4085 val_AccPaper=0.8915
[16:41:11] fold2 ep 026 tr=0.0705 va=0.4367 val_AccPaper=0.8774
[16:41:12] fold2 ep 027 tr=0.0635 va=0.4420 val_AccPaper=0.8774
[16:41:13] fold2 ep 028 tr=0.0617 va=0.4504 val_AccPaper=0.8774
[16:41:15] fold2 ep 029 tr=0.0625 va=0.4494 val_AccPaper=0.8821
[16:41:16] fold2 ep 030 tr=0.0567 va=0.4761 val_AccPaper=0.8774
[16:41:17] fold2 ep 031 tr=0.0645 va=0.4354 val_AccPaper=0.8443
[16:41:18] fold2 ep 032 tr=0.0566 va=0.4671 val_AccPaper=0.8774
[16:41:19] fold2 ep 033 tr=0.0541 va=0.4264 val_AccPaper=0.8821
[16:41:20] fold2 ep 034 tr=0.0536 va=0.5111 val_AccPaper=0.8868
[16:41:21] fold2 ep 035 tr=0.0563 va=0.4879 val_AccPaper=0.8821
[16:41:22] fold2 ep 036 tr=0.0546 va=0.4585 val_AccPaper=0.8821
[16:41:22]   early stop @ ep 36
[16:41:23] [S17] task fold3 ft_tr=13244 ft_va=3253 eval=17234
[16:41:25] fold3 ep 001 tr=0.3732 va=0.3526 val_AccPaper=0.8679
[16:41:26] fold3 ep 002 tr=0.2517 va=0.3269 val_AccPaper=0.8821
[16:41:27] fold3 ep 003 tr=0.2117 va=0.3358 val_AccPaper=0.8915
[16:41:28] fold3 ep 004 tr=0.1869 va=0.3215 val_AccPaper=0.8868
[16:41:29] fold3 ep 005 tr=0.1638 va=0.3216 val_AccPaper=0.8821
[16:41:30] fold3 ep 006 tr=0.1503 va=0.3332 val_AccPaper=0.8868
[16:41:31] fold3 ep 007 tr=0.1510 va=0.3762 val_AccPaper=0.8774
[16:41:32] fold3 ep 008 tr=0.1320 va=0.3456 val_AccPaper=0.8774
[16:41:33] fold3 ep 009 tr=0.1228 va=0.3607 val_AccPaper=0.8821
[16:41:35] fold3 ep 010 tr=0.1163 va=0.3621 val_AccPaper=0.8915
[16:41:36] fold3 ep 011 tr=0.1172 va=0.3923 val_AccPaper=0.8774
[16:41:37] fold3 ep 012 tr=0.1086 va=0.3715 val_AccPaper=0.9009
[16:41:38] fold3 ep 013 tr=0.0991 va=0.3707 val_AccPaper=0.8868
[16:41:40] fold3 ep 014 tr=0.0989 va=0.3651 val_AccPaper=0.8821
[16:41:41] fold3 ep 015 tr=0.0880 va=0.4191 val_AccPaper=0.8821
[16:41:42] fold3 ep 016 tr=0.0904 va=0.4020 val_AccPaper=0.8868
[16:41:43] fold3 ep 017 tr=0.0886 va=0.3930 val_AccPaper=0.9009
[16:41:44] fold3 ep 018 tr=0.0817 va=0.3767 val_AccPaper=0.8915
[16:41:45] fold3 ep 019 tr=0.0769 va=0.4262 val_AccPaper=0.8868
[16:41:46] fold3 ep 020 tr=0.0756 va=0.4480 val_AccPaper=0.8868
[16:41:47] fold3 ep 021 tr=0.0779 va=0.4115 val_AccPaper=0.8632
[16:41:48] fold3 ep 022 tr=0.0728 va=0.4559 val_AccPaper=0.8726
[16:41:49] fold3 ep 023 tr=0.0728 va=0.4482 val_AccPaper=0.8632
[16:41:51] fold3 ep 024 tr=0.0699 va=0.4620 val_AccPaper=0.8774
[16:41:52] fold3 ep 025 tr=0.0640 va=0.4386 val_AccPaper=0.8726
[16:41:53] fold3 ep 026 tr=0.0647 va=0.4754 val_AccPaper=0.8774
[16:41:54] fold3 ep 027 tr=0.0665 va=0.4719 val_AccPaper=0.8585
[16:41:55] fold3 ep 028 tr=0.0606 va=0.4797 val_AccPaper=0.8585
[16:41:56] fold3 ep 029 tr=0.0624 va=0.4591 val_AccPaper=0.8632
[16:41:57] fold3 ep 030 tr=0.0616 va=0.4427 val_AccPaper=0.8774
[16:41:58] fold3 ep 031 tr=0.0564 va=0.5148 val_AccPaper=0.8726
[16:42:00] fold3 ep 032 tr=0.0569 va=0.5329 val_AccPaper=0.8726
[16:42:00]   early stop @ ep 32
[16:42:01] [S17] task fold4 ft_tr=13244 ft_va=3253 eval=17234
[16:42:02] fold4 ep 001 tr=0.3832 va=0.3388 val_AccPaper=0.9009
[16:42:03] fold4 ep 002 tr=0.2323 va=0.3258 val_AccPaper=0.8868
[16:42:04] fold4 ep 003 tr=0.1995 va=0.2923 val_AccPaper=0.9009
[16:42:05] fold4 ep 004 tr=0.1780 va=0.3131 val_AccPaper=0.9009
[16:42:07] fold4 ep 005 tr=0.1666 va=0.2791 val_AccPaper=0.9057
[16:42:08] fold4 ep 006 tr=0.1432 va=0.2933 val_AccPaper=0.9104
[16:42:09] fold4 ep 007 tr=0.1373 va=0.2910 val_AccPaper=0.9009
[16:42:10] fold4 ep 008 tr=0.1255 va=0.3084 val_AccPaper=0.9104
[16:42:11] fold4 ep 009 tr=0.1194 va=0.3407 val_AccPaper=0.8915
[16:42:12] fold4 ep 010 tr=0.1073 va=0.2975 val_AccPaper=0.9009
[16:42:13] fold4 ep 011 tr=0.0996 va=0.3352 val_AccPaper=0.9104
[16:42:14] fold4 ep 012 tr=0.0991 va=0.3369 val_AccPaper=0.9104
[16:42:15] fold4 ep 013 tr=0.0931 va=0.3204 val_AccPaper=0.9057
[16:42:17] fold4 ep 014 tr=0.0936 va=0.3562 val_AccPaper=0.8962
[16:42:18] fold4 ep 015 tr=0.0921 va=0.3257 val_AccPaper=0.9009
[16:42:19] fold4 ep 016 tr=0.0845 va=0.3601 val_AccPaper=0.8962
[16:42:20] fold4 ep 017 tr=0.0837 va=0.3402 val_AccPaper=0.9057
[16:42:21] fold4 ep 018 tr=0.0797 va=0.3501 val_AccPaper=0.9009
[16:42:22] fold4 ep 019 tr=0.0739 va=0.3567 val_AccPaper=0.8821
[16:42:23] fold4 ep 020 tr=0.0797 va=0.3506 val_AccPaper=0.9009
[16:42:24] fold4 ep 021 tr=0.0749 va=0.3738 val_AccPaper=0.8774
[16:42:25] fold4 ep 022 tr=0.0743 va=0.3791 val_AccPaper=0.9057
[16:42:27] fold4 ep 023 tr=0.0717 va=0.3957 val_AccPaper=0.8915
[16:42:28] fold4 ep 024 tr=0.0669 va=0.3739 val_AccPaper=0.8868
[16:42:29] fold4 ep 025 tr=0.0664 va=0.4062 val_AccPaper=0.8868
[16:42:30] fold4 ep 026 tr=0.0692 va=0.3798 val_AccPaper=0.9009
[16:42:30]   early stop @ ep 26
[16:42:32] [S17] three fold0 ft_tr=13244 ft_va=3253 eval=17234
[16:42:33] fold0 ep 001 tr=0.8406 va=0.8151 val_AccPaper=0.6557
[16:42:34] fold0 ep 002 tr=0.6286 va=0.7849 val_AccPaper=0.6792
[16:42:35] fold0 ep 003 tr=0.5623 va=0.7537 val_AccPaper=0.6981
[16:42:36] fold0 ep 004 tr=0.5021 va=0.7456 val_AccPaper=0.6934
[16:42:37] fold0 ep 005 tr=0.4674 va=0.7527 val_AccPaper=0.7170
[16:42:38] fold0 ep 006 tr=0.4380 va=0.7777 val_AccPaper=0.6745
[16:42:39] fold0 ep 007 tr=0.4113 va=0.7805 val_AccPaper=0.7123
[16:42:40] fold0 ep 008 tr=0.3944 va=0.7839 val_AccPaper=0.6981
[16:42:41] fold0 ep 009 tr=0.3733 va=0.7594 val_AccPaper=0.7170
[16:42:42] fold0 ep 010 tr=0.3525 va=0.8125 val_AccPaper=0.6934
[16:42:43] fold0 ep 011 tr=0.3437 va=0.8319 val_AccPaper=0.6792
[16:42:44] fold0 ep 012 tr=0.3252 va=0.8111 val_AccPaper=0.7075
[16:42:46] fold0 ep 013 tr=0.3131 va=0.8503 val_AccPaper=0.6887
[16:42:47] fold0 ep 014 tr=0.3047 va=0.8430 val_AccPaper=0.6887
[16:42:48] fold0 ep 015 tr=0.2903 va=0.8373 val_AccPaper=0.6981
[16:42:49] fold0 ep 016 tr=0.2812 va=0.8450 val_AccPaper=0.7028
[16:42:50] fold0 ep 017 tr=0.2758 va=0.8768 val_AccPaper=0.7123
[16:42:51] fold0 ep 018 tr=0.2672 va=0.8770 val_AccPaper=0.7028
[16:42:52] fold0 ep 019 tr=0.2636 va=0.8944 val_AccPaper=0.6934
[16:42:53] fold0 ep 020 tr=0.2543 va=0.8645 val_AccPaper=0.6934
[16:42:54] fold0 ep 021 tr=0.2517 va=0.9112 val_AccPaper=0.6981
[16:42:55] fold0 ep 022 tr=0.2374 va=0.9129 val_AccPaper=0.7217
[16:42:56] fold0 ep 023 tr=0.2385 va=0.9507 val_AccPaper=0.6745
[16:42:57] fold0 ep 024 tr=0.2357 va=0.9658 val_AccPaper=0.7170
[16:42:59] fold0 ep 025 tr=0.2304 va=0.9302 val_AccPaper=0.7028
[16:43:00] fold0 ep 026 tr=0.2342 va=0.9645 val_AccPaper=0.6934
[16:43:01] fold0 ep 027 tr=0.2220 va=0.9628 val_AccPaper=0.6981
[16:43:02] fold0 ep 028 tr=0.2227 va=0.9973 val_AccPaper=0.6792
[16:43:03] fold0 ep 029 tr=0.2206 va=1.0204 val_AccPaper=0.7075
[16:43:04] fold0 ep 030 tr=0.2132 va=0.9972 val_AccPaper=0.6934
[16:43:05] fold0 ep 031 tr=0.2163 va=1.0021 val_AccPaper=0.6840
[16:43:06] fold0 ep 032 tr=0.2086 va=1.0196 val_AccPaper=0.6887
[16:43:07] fold0 ep 033 tr=0.2035 va=1.0297 val_AccPaper=0.6934
[16:43:08] fold0 ep 034 tr=0.2026 va=1.0359 val_AccPaper=0.7028
[16:43:09] fold0 ep 035 tr=0.1979 va=1.0325 val_AccPaper=0.6840
[16:43:10] fold0 ep 036 tr=0.1894 va=1.0494 val_AccPaper=0.7123
[16:43:11] fold0 ep 037 tr=0.1924 va=1.0537 val_AccPaper=0.6792
[16:43:12] fold0 ep 038 tr=0.1860 va=1.0374 val_AccPaper=0.6934
[16:43:13] fold0 ep 039 tr=0.1908 va=1.0676 val_AccPaper=0.6981
[16:43:15] fold0 ep 040 tr=0.1849 va=1.1119 val_AccPaper=0.6934
[16:43:16] fold0 ep 041 tr=0.1848 va=1.0498 val_AccPaper=0.7123
[16:43:17] fold0 ep 042 tr=0.1864 va=1.0440 val_AccPaper=0.6840
[16:43:17]   early stop @ ep 42
[16:43:18] [S17] three fold1 ft_tr=13244 ft_va=3253 eval=17234
[16:43:19] fold1 ep 001 tr=0.8210 va=0.8065 val_AccPaper=0.6274
[16:43:20] fold1 ep 002 tr=0.6469 va=0.7613 val_AccPaper=0.6840
[16:43:21] fold1 ep 003 tr=0.5647 va=0.7539 val_AccPaper=0.6745
[16:43:23] fold1 ep 004 tr=0.5325 va=0.7314 val_AccPaper=0.6934
[16:43:24] fold1 ep 005 tr=0.4772 va=0.7569 val_AccPaper=0.7028
[16:43:25] fold1 ep 006 tr=0.4436 va=0.7263 val_AccPaper=0.7217
[16:43:26] fold1 ep 007 tr=0.4238 va=0.7586 val_AccPaper=0.7075
[16:43:27] fold1 ep 008 tr=0.3969 va=0.7614 val_AccPaper=0.7075
[16:43:28] fold1 ep 009 tr=0.3740 va=0.7440 val_AccPaper=0.7264
[16:43:29] fold1 ep 010 tr=0.3683 va=0.7717 val_AccPaper=0.7028
[16:43:30] fold1 ep 011 tr=0.3371 va=0.8116 val_AccPaper=0.6887
[16:43:31] fold1 ep 012 tr=0.3301 va=0.8352 val_AccPaper=0.6934
[16:43:32] fold1 ep 013 tr=0.3311 va=0.8271 val_AccPaper=0.7028
[16:43:33] fold1 ep 014 tr=0.3058 va=0.8239 val_AccPaper=0.6887
[16:43:34] fold1 ep 015 tr=0.2916 va=0.8459 val_AccPaper=0.7123
[16:43:35] fold1 ep 016 tr=0.2953 va=0.8423 val_AccPaper=0.6792
[16:43:36] fold1 ep 017 tr=0.2761 va=0.8631 val_AccPaper=0.6887
[16:43:37] fold1 ep 018 tr=0.2667 va=0.8540 val_AccPaper=0.6981
[16:43:38] fold1 ep 019 tr=0.2670 va=0.9018 val_AccPaper=0.6981
[16:43:39] fold1 ep 020 tr=0.2560 va=0.8880 val_AccPaper=0.7123
[16:43:40] fold1 ep 021 tr=0.2529 va=0.8507 val_AccPaper=0.7311
[16:43:42] fold1 ep 022 tr=0.2490 va=0.8779 val_AccPaper=0.7075
[16:43:43] fold1 ep 023 tr=0.2365 va=0.8956 val_AccPaper=0.7123
[16:43:44] fold1 ep 024 tr=0.2400 va=0.9454 val_AccPaper=0.6981
[16:43:45] fold1 ep 025 tr=0.2346 va=0.9737 val_AccPaper=0.7028
[16:43:46] fold1 ep 026 tr=0.2277 va=0.9317 val_AccPaper=0.7264
[16:43:47] fold1 ep 027 tr=0.2160 va=1.0083 val_AccPaper=0.6981
[16:43:48] fold1 ep 028 tr=0.2212 va=0.9569 val_AccPaper=0.6934
[16:43:49] fold1 ep 029 tr=0.2224 va=0.9155 val_AccPaper=0.7358
[16:43:50] fold1 ep 030 tr=0.2112 va=1.0058 val_AccPaper=0.6934
[16:43:51] fold1 ep 031 tr=0.2135 va=1.0556 val_AccPaper=0.6745
[16:43:52] fold1 ep 032 tr=0.2088 va=1.0053 val_AccPaper=0.7123
[16:43:53] fold1 ep 033 tr=0.1961 va=1.0064 val_AccPaper=0.7123
[16:43:54] fold1 ep 034 tr=0.2027 va=1.0236 val_AccPaper=0.7217
[16:43:55] fold1 ep 035 tr=0.1996 va=1.0791 val_AccPaper=0.7264
[16:43:56] fold1 ep 036 tr=0.1922 va=1.0384 val_AccPaper=0.7170
[16:43:58] fold1 ep 037 tr=0.1960 va=1.0531 val_AccPaper=0.7075
[16:43:59] fold1 ep 038 tr=0.1895 va=1.0405 val_AccPaper=0.7264
[16:44:00] fold1 ep 039 tr=0.1889 va=1.0751 val_AccPaper=0.7028
[16:44:01] fold1 ep 040 tr=0.1861 va=1.1204 val_AccPaper=0.6981
[16:44:02] fold1 ep 041 tr=0.1831 va=1.0771 val_AccPaper=0.7075
[16:44:03] fold1 ep 042 tr=0.1779 va=1.1675 val_AccPaper=0.6981
[16:44:04] fold1 ep 043 tr=0.1796 va=1.1708 val_AccPaper=0.7217
[16:44:05] fold1 ep 044 tr=0.1837 va=1.1623 val_AccPaper=0.7217
[16:44:06] fold1 ep 045 tr=0.1807 va=1.1123 val_AccPaper=0.7217
[16:44:07] fold1 ep 046 tr=0.1703 va=1.1539 val_AccPaper=0.7123
[16:44:08] fold1 ep 047 tr=0.1636 va=1.0764 val_AccPaper=0.7123
[16:44:09] fold1 ep 048 tr=0.1747 va=1.2048 val_AccPaper=0.6934
[16:44:10] fold1 ep 049 tr=0.1802 va=1.1242 val_AccPaper=0.7264
[16:44:10]   early stop @ ep 49
[16:44:12] [S17] three fold2 ft_tr=13244 ft_va=3253 eval=17234
[16:44:13] fold2 ep 001 tr=0.8342 va=0.7982 val_AccPaper=0.6462
[16:44:14] fold2 ep 002 tr=0.6388 va=0.7773 val_AccPaper=0.6745
[16:44:15] fold2 ep 003 tr=0.5689 va=0.7682 val_AccPaper=0.6651
[16:44:16] fold2 ep 004 tr=0.5152 va=0.7745 val_AccPaper=0.6745
[16:44:17] fold2 ep 005 tr=0.4851 va=0.7891 val_AccPaper=0.6981
[16:44:18] fold2 ep 006 tr=0.4509 va=0.7855 val_AccPaper=0.6887
[16:44:19] fold2 ep 007 tr=0.4220 va=0.8047 val_AccPaper=0.6934
[16:44:20] fold2 ep 008 tr=0.3980 va=0.8035 val_AccPaper=0.7028
[16:44:21] fold2 ep 009 tr=0.3779 va=0.8469 val_AccPaper=0.7075
[16:44:22] fold2 ep 010 tr=0.3668 va=0.8728 val_AccPaper=0.6745
[16:44:24] fold2 ep 011 tr=0.3523 va=0.8457 val_AccPaper=0.7028
[16:44:25] fold2 ep 012 tr=0.3389 va=0.8810 val_AccPaper=0.7123
[16:44:26] fold2 ep 013 tr=0.3358 va=0.8871 val_AccPaper=0.7123
[16:44:27] fold2 ep 014 tr=0.3174 va=0.9028 val_AccPaper=0.6934
[16:44:28] fold2 ep 015 tr=0.3119 va=0.8783 val_AccPaper=0.7217
[16:44:29] fold2 ep 016 tr=0.3047 va=0.8991 val_AccPaper=0.7075
[16:44:30] fold2 ep 017 tr=0.3025 va=0.8874 val_AccPaper=0.7028
[16:44:31] fold2 ep 018 tr=0.2925 va=0.9208 val_AccPaper=0.7075
[16:44:32] fold2 ep 019 tr=0.2770 va=0.9438 val_AccPaper=0.6887
[16:44:33] fold2 ep 020 tr=0.2722 va=0.9180 val_AccPaper=0.7075
[16:44:34] fold2 ep 021 tr=0.2691 va=0.9582 val_AccPaper=0.7170
[16:44:35] fold2 ep 022 tr=0.2558 va=0.9674 val_AccPaper=0.6934
[16:44:36] fold2 ep 023 tr=0.2578 va=0.9676 val_AccPaper=0.7123
[16:44:37] fold2 ep 024 tr=0.2592 va=0.9546 val_AccPaper=0.7170
[16:44:38] fold2 ep 025 tr=0.2500 va=0.9696 val_AccPaper=0.6887
[16:44:39] fold2 ep 026 tr=0.2418 va=0.9962 val_AccPaper=0.6934
[16:44:41] fold2 ep 027 tr=0.2344 va=0.9857 val_AccPaper=0.7217
[16:44:42] fold2 ep 028 tr=0.2369 va=1.0214 val_AccPaper=0.7075
[16:44:43] fold2 ep 029 tr=0.2277 va=0.9862 val_AccPaper=0.7311
[16:44:44] fold2 ep 030 tr=0.2302 va=1.0052 val_AccPaper=0.7028
[16:44:45] fold2 ep 031 tr=0.2271 va=0.9952 val_AccPaper=0.7170
[16:44:46] fold2 ep 032 tr=0.2200 va=1.0544 val_AccPaper=0.7123
[16:44:47] fold2 ep 033 tr=0.2158 va=1.0383 val_AccPaper=0.6887
[16:44:48] fold2 ep 034 tr=0.2083 va=1.0219 val_AccPaper=0.7311
[16:44:49] fold2 ep 035 tr=0.2082 va=1.0315 val_AccPaper=0.7217
[16:44:50] fold2 ep 036 tr=0.2015 va=1.0808 val_AccPaper=0.7075
[16:44:51] fold2 ep 037 tr=0.2112 va=1.0849 val_AccPaper=0.6981
[16:44:52] fold2 ep 038 tr=0.2079 va=1.1224 val_AccPaper=0.7217
[16:44:53] fold2 ep 039 tr=0.1977 va=1.0744 val_AccPaper=0.7123
[16:44:54] fold2 ep 040 tr=0.2032 va=1.1086 val_AccPaper=0.6934
[16:44:55] fold2 ep 041 tr=0.1999 va=1.0557 val_AccPaper=0.7217
[16:44:56] fold2 ep 042 tr=0.2013 va=1.0504 val_AccPaper=0.6934
[16:44:57] fold2 ep 043 tr=0.1933 va=1.0656 val_AccPaper=0.7453
[16:44:59] fold2 ep 044 tr=0.1885 va=1.0941 val_AccPaper=0.7075
[16:45:00] fold2 ep 045 tr=0.1951 va=1.1177 val_AccPaper=0.7358
[16:45:01] fold2 ep 046 tr=0.1836 va=1.1009 val_AccPaper=0.6887
[16:45:02] fold2 ep 047 tr=0.1861 va=1.1806 val_AccPaper=0.7123
[16:45:03] fold2 ep 048 tr=0.1770 va=1.1246 val_AccPaper=0.7170
[16:45:04] fold2 ep 049 tr=0.1856 va=1.0826 val_AccPaper=0.7217
[16:45:05] fold2 ep 050 tr=0.1828 va=1.1240 val_AccPaper=0.7217
[16:45:06] fold2 ep 051 tr=0.1818 va=1.1173 val_AccPaper=0.7217
[16:45:07] fold2 ep 052 tr=0.1793 va=1.2014 val_AccPaper=0.6981
[16:45:08] fold2 ep 053 tr=0.1746 va=1.1408 val_AccPaper=0.7264
[16:45:09] fold2 ep 054 tr=0.1719 va=1.2211 val_AccPaper=0.6745
[16:45:10] fold2 ep 055 tr=0.1664 va=1.1681 val_AccPaper=0.7123
[16:45:11] fold2 ep 056 tr=0.1681 va=1.1778 val_AccPaper=0.6840
[16:45:12] fold2 ep 057 tr=0.1637 va=1.1361 val_AccPaper=0.7358
[16:45:13] fold2 ep 058 tr=0.1651 va=1.1178 val_AccPaper=0.7170
[16:45:14] fold2 ep 059 tr=0.1658 va=1.1791 val_AccPaper=0.7217
[16:45:15] fold2 ep 060 tr=0.1687 va=1.1384 val_AccPaper=0.7123
[16:45:17] fold2 ep 061 tr=0.1662 va=1.1324 val_AccPaper=0.7123
[16:45:18] fold2 ep 062 tr=0.1640 va=1.1591 val_AccPaper=0.7311
[16:45:19] fold2 ep 063 tr=0.1595 va=1.1396 val_AccPaper=0.7170
[16:45:19]   early stop @ ep 63
[16:45:20] [S17] three fold3 ft_tr=13244 ft_va=3253 eval=17234
[16:45:21] fold3 ep 001 tr=0.8185 va=0.7899 val_AccPaper=0.6557
[16:45:22] fold3 ep 002 tr=0.6506 va=0.7591 val_AccPaper=0.6792
[16:45:23] fold3 ep 003 tr=0.5817 va=0.7471 val_AccPaper=0.6934
[16:45:24] fold3 ep 004 tr=0.5289 va=0.7602 val_AccPaper=0.6981
[16:45:26] fold3 ep 005 tr=0.4944 va=0.7611 val_AccPaper=0.6981
[16:45:27] fold3 ep 006 tr=0.4673 va=0.7534 val_AccPaper=0.7170
[16:45:28] fold3 ep 007 tr=0.4405 va=0.7475 val_AccPaper=0.6981
[16:45:29] fold3 ep 008 tr=0.4112 va=0.7905 val_AccPaper=0.6840
[16:45:30] fold3 ep 009 tr=0.3904 va=0.7955 val_AccPaper=0.6698
[16:45:31] fold3 ep 010 tr=0.3746 va=0.8320 val_AccPaper=0.6840
[16:45:32] fold3 ep 011 tr=0.3609 va=0.8266 val_AccPaper=0.6462
[16:45:33] fold3 ep 012 tr=0.3335 va=0.8612 val_AccPaper=0.6792
[16:45:34] fold3 ep 013 tr=0.3361 va=0.8264 val_AccPaper=0.6792
[16:45:35] fold3 ep 014 tr=0.3182 va=0.8672 val_AccPaper=0.6651
[16:45:36] fold3 ep 015 tr=0.3121 va=0.8731 val_AccPaper=0.6698
[16:45:37] fold3 ep 016 tr=0.2859 va=0.8646 val_AccPaper=0.6698
[16:45:38] fold3 ep 017 tr=0.2840 va=0.8649 val_AccPaper=0.7123
[16:45:39] fold3 ep 018 tr=0.2828 va=0.9304 val_AccPaper=0.6887
[16:45:41] fold3 ep 019 tr=0.2726 va=0.9540 val_AccPaper=0.6509
[16:45:42] fold3 ep 020 tr=0.2642 va=0.9218 val_AccPaper=0.6745
[16:45:43] fold3 ep 021 tr=0.2499 va=0.9044 val_AccPaper=0.6981
[16:45:44] fold3 ep 022 tr=0.2560 va=0.9397 val_AccPaper=0.6792
[16:45:45] fold3 ep 023 tr=0.2432 va=1.0403 val_AccPaper=0.6792
[16:45:46] fold3 ep 024 tr=0.2488 va=1.0128 val_AccPaper=0.6604
[16:45:47] fold3 ep 025 tr=0.2368 va=0.9536 val_AccPaper=0.6887
[16:45:48] fold3 ep 026 tr=0.2371 va=0.9242 val_AccPaper=0.7123
[16:45:48]   early stop @ ep 26
[16:45:50] [S17] three fold4 ft_tr=13244 ft_va=3253 eval=17234
[16:45:51] fold4 ep 001 tr=0.8493 va=0.8007 val_AccPaper=0.6557
[16:45:52] fold4 ep 002 tr=0.6275 va=0.7593 val_AccPaper=0.6792
[16:45:53] fold4 ep 003 tr=0.5567 va=0.7414 val_AccPaper=0.6981
[16:45:54] fold4 ep 004 tr=0.5111 va=0.7544 val_AccPaper=0.7123
[16:45:55] fold4 ep 005 tr=0.4740 va=0.7649 val_AccPaper=0.6934
[16:45:56] fold4 ep 006 tr=0.4365 va=0.7528 val_AccPaper=0.6887
[16:45:57] fold4 ep 007 tr=0.4248 va=0.7800 val_AccPaper=0.7123
[16:45:58] fold4 ep 008 tr=0.3862 va=0.8003 val_AccPaper=0.7264
[16:45:59] fold4 ep 009 tr=0.3676 va=0.7800 val_AccPaper=0.7123
[16:46:00] fold4 ep 010 tr=0.3497 va=0.7670 val_AccPaper=0.7264
[16:46:01] fold4 ep 011 tr=0.3377 va=0.8158 val_AccPaper=0.7075
[16:46:02] fold4 ep 012 tr=0.3238 va=0.8537 val_AccPaper=0.6981
[16:46:03] fold4 ep 013 tr=0.3003 va=0.8288 val_AccPaper=0.7170
[16:46:05] fold4 ep 014 tr=0.2904 va=0.8304 val_AccPaper=0.7311
[16:46:06] fold4 ep 015 tr=0.2832 va=0.9064 val_AccPaper=0.6840
[16:46:07] fold4 ep 016 tr=0.2797 va=0.8903 val_AccPaper=0.7028
[16:46:08] fold4 ep 017 tr=0.2726 va=0.9169 val_AccPaper=0.7123
[16:46:09] fold4 ep 018 tr=0.2631 va=0.9005 val_AccPaper=0.7075
[16:46:10] fold4 ep 019 tr=0.2597 va=0.9521 val_AccPaper=0.6792
[16:46:11] fold4 ep 020 tr=0.2492 va=0.9008 val_AccPaper=0.7311
[16:46:12] fold4 ep 021 tr=0.2396 va=0.9901 val_AccPaper=0.6981
[16:46:13] fold4 ep 022 tr=0.2400 va=0.9141 val_AccPaper=0.7123
[16:46:14] fold4 ep 023 tr=0.2245 va=1.0203 val_AccPaper=0.7075
[16:46:15] fold4 ep 024 tr=0.2245 va=0.9838 val_AccPaper=0.7217
[16:46:16] fold4 ep 025 tr=0.2184 va=1.0168 val_AccPaper=0.7075
[16:46:17] fold4 ep 026 tr=0.2132 va=1.0065 val_AccPaper=0.7028
[16:46:18] fold4 ep 027 tr=0.2052 va=1.0207 val_AccPaper=0.6981
[16:46:19] fold4 ep 028 tr=0.2086 va=1.0702 val_AccPaper=0.6792
[16:46:21] fold4 ep 029 tr=0.2079 va=1.0397 val_AccPaper=0.6887
[16:46:22] fold4 ep 030 tr=0.2068 va=1.0836 val_AccPaper=0.6934
[16:46:23] fold4 ep 031 tr=0.1913 va=1.1485 val_AccPaper=0.6934
[16:46:24] fold4 ep 032 tr=0.1905 va=1.0832 val_AccPaper=0.6934
[16:46:25] fold4 ep 033 tr=0.1943 va=1.0887 val_AccPaper=0.7170
[16:46:26] fold4 ep 034 tr=0.1877 va=1.1615 val_AccPaper=0.6792
[16:46:26]   early stop @ ep 34
[16:46:29] === S18 cues=1148 train=574 eval=574 ===
[16:46:29] [S18] task fold0 ft_tr=14515 ft_va=3800 eval=18266
[16:46:31] fold0 ep 001 tr=0.6189 va=0.5901 val_AccPaper=0.7261
[16:46:32] fold0 ep 002 tr=0.4719 va=0.5476 val_AccPaper=0.7522
[16:46:33] fold0 ep 003 tr=0.4267 va=0.5672 val_AccPaper=0.7565
[16:46:34] fold0 ep 004 tr=0.3968 va=0.5490 val_AccPaper=0.7565
[16:46:35] fold0 ep 005 tr=0.3908 va=0.5198 val_AccPaper=0.7609
[16:46:37] fold0 ep 006 tr=0.3736 va=0.5426 val_AccPaper=0.7348
[16:46:38] fold0 ep 007 tr=0.3672 va=0.5454 val_AccPaper=0.7478
[16:46:39] fold0 ep 008 tr=0.3350 va=0.5441 val_AccPaper=0.7652
[16:46:40] fold0 ep 009 tr=0.3257 va=0.5351 val_AccPaper=0.7696
[16:46:41] fold0 ep 010 tr=0.3163 va=0.5348 val_AccPaper=0.7565
[16:46:42] fold0 ep 011 tr=0.3042 va=0.5786 val_AccPaper=0.7609
[16:46:44] fold0 ep 012 tr=0.3019 va=0.5730 val_AccPaper=0.7391
[16:46:45] fold0 ep 013 tr=0.2872 va=0.5588 val_AccPaper=0.7565
[16:46:46] fold0 ep 014 tr=0.2828 va=0.5849 val_AccPaper=0.7391
[16:46:47] fold0 ep 015 tr=0.2827 va=0.5455 val_AccPaper=0.7609
[16:46:48] fold0 ep 016 tr=0.2762 va=0.5716 val_AccPaper=0.7478
[16:46:49] fold0 ep 017 tr=0.2689 va=0.5914 val_AccPaper=0.7435
[16:46:51] fold0 ep 018 tr=0.2706 va=0.6158 val_AccPaper=0.7348
[16:46:52] fold0 ep 019 tr=0.2580 va=0.5987 val_AccPaper=0.7522
[16:46:53] fold0 ep 020 tr=0.2516 va=0.6202 val_AccPaper=0.7435
[16:46:54] fold0 ep 021 tr=0.2514 va=0.6363 val_AccPaper=0.7217
[16:46:55] fold0 ep 022 tr=0.2467 va=0.5943 val_AccPaper=0.7478
[16:46:56] fold0 ep 023 tr=0.2452 va=0.6295 val_AccPaper=0.7478
[16:46:58] fold0 ep 024 tr=0.2336 va=0.6058 val_AccPaper=0.7348
[16:46:59] fold0 ep 025 tr=0.2368 va=0.6463 val_AccPaper=0.7522
[16:47:00] fold0 ep 026 tr=0.2280 va=0.6102 val_AccPaper=0.7435
[16:47:01] fold0 ep 027 tr=0.2331 va=0.6565 val_AccPaper=0.7348
[16:47:03] fold0 ep 028 tr=0.2274 va=0.6374 val_AccPaper=0.7391
[16:47:04] fold0 ep 029 tr=0.2253 va=0.6784 val_AccPaper=0.7348
[16:47:04]   early stop @ ep 29
[16:47:06] [S18] task fold1 ft_tr=14515 ft_va=3800 eval=18266
[16:47:07] fold1 ep 001 tr=0.6103 va=0.5389 val_AccPaper=0.7478
[16:47:08] fold1 ep 002 tr=0.4708 va=0.5600 val_AccPaper=0.7391
[16:47:10] fold1 ep 003 tr=0.4236 va=0.5380 val_AccPaper=0.7304
[16:47:11] fold1 ep 004 tr=0.4026 va=0.5600 val_AccPaper=0.7522
[16:47:12] fold1 ep 005 tr=0.3866 va=0.5152 val_AccPaper=0.7478
[16:47:13] fold1 ep 006 tr=0.3666 va=0.5538 val_AccPaper=0.7522
[16:47:14] fold1 ep 007 tr=0.3434 va=0.5606 val_AccPaper=0.7565
[16:47:16] fold1 ep 008 tr=0.3423 va=0.5306 val_AccPaper=0.7478
[16:47:17] fold1 ep 009 tr=0.3299 va=0.5481 val_AccPaper=0.7609
[16:47:18] fold1 ep 010 tr=0.3106 va=0.5767 val_AccPaper=0.7565
[16:47:19] fold1 ep 011 tr=0.3020 va=0.5431 val_AccPaper=0.7478
[16:47:20] fold1 ep 012 tr=0.2903 va=0.5463 val_AccPaper=0.7565
[16:47:22] fold1 ep 013 tr=0.3008 va=0.5910 val_AccPaper=0.7478
[16:47:23] fold1 ep 014 tr=0.2863 va=0.5803 val_AccPaper=0.7391
[16:47:24] fold1 ep 015 tr=0.2816 va=0.5877 val_AccPaper=0.7565
[16:47:25] fold1 ep 016 tr=0.2690 va=0.5829 val_AccPaper=0.7652
[16:47:26] fold1 ep 017 tr=0.2740 va=0.5809 val_AccPaper=0.7652
[16:47:28] fold1 ep 018 tr=0.2701 va=0.5775 val_AccPaper=0.7739
[16:47:29] fold1 ep 019 tr=0.2611 va=0.6119 val_AccPaper=0.7696
[16:47:30] fold1 ep 020 tr=0.2550 va=0.5969 val_AccPaper=0.7652
[16:47:32] fold1 ep 021 tr=0.2551 va=0.5920 val_AccPaper=0.7522
[16:47:33] fold1 ep 022 tr=0.2521 va=0.6521 val_AccPaper=0.7652
[16:47:34] fold1 ep 023 tr=0.2428 va=0.6417 val_AccPaper=0.7609
[16:47:36] fold1 ep 024 tr=0.2390 va=0.6449 val_AccPaper=0.7261
[16:47:37] fold1 ep 025 tr=0.2312 va=0.6295 val_AccPaper=0.7435
[16:47:39] fold1 ep 026 tr=0.2330 va=0.6196 val_AccPaper=0.7652
[16:47:40] fold1 ep 027 tr=0.2291 va=0.6749 val_AccPaper=0.7565
[16:47:41] fold1 ep 028 tr=0.2309 va=0.6829 val_AccPaper=0.7565
[16:47:43] fold1 ep 029 tr=0.2261 va=0.6055 val_AccPaper=0.7783
[16:47:44] fold1 ep 030 tr=0.2262 va=0.6781 val_AccPaper=0.7609
[16:47:46] fold1 ep 031 tr=0.2174 va=0.6447 val_AccPaper=0.7565
[16:47:47] fold1 ep 032 tr=0.2179 va=0.6803 val_AccPaper=0.7435
[16:47:48] fold1 ep 033 tr=0.2115 va=0.6469 val_AccPaper=0.7696
[16:47:50] fold1 ep 034 tr=0.2175 va=0.6828 val_AccPaper=0.7652
[16:47:51] fold1 ep 035 tr=0.2142 va=0.6433 val_AccPaper=0.7609
[16:47:52] fold1 ep 036 tr=0.2136 va=0.6850 val_AccPaper=0.7522
[16:47:54] fold1 ep 037 tr=0.2092 va=0.6733 val_AccPaper=0.7609
[16:47:55] fold1 ep 038 tr=0.2069 va=0.6599 val_AccPaper=0.7609
[16:47:56] fold1 ep 039 tr=0.2085 va=0.6826 val_AccPaper=0.7609
[16:47:58] fold1 ep 040 tr=0.1994 va=0.6813 val_AccPaper=0.7652
[16:47:59] fold1 ep 041 tr=0.2014 va=0.6297 val_AccPaper=0.7652
[16:48:00] fold1 ep 042 tr=0.2027 va=0.6529 val_AccPaper=0.7565
[16:48:02] fold1 ep 043 tr=0.1971 va=0.6530 val_AccPaper=0.7522
[16:48:03] fold1 ep 044 tr=0.2004 va=0.6376 val_AccPaper=0.7522
[16:48:04] fold1 ep 045 tr=0.1967 va=0.6700 val_AccPaper=0.7522
[16:48:06] fold1 ep 046 tr=0.1936 va=0.6827 val_AccPaper=0.7565
[16:48:07] fold1 ep 047 tr=0.1959 va=0.7024 val_AccPaper=0.7435
[16:48:08] fold1 ep 048 tr=0.1972 va=0.7010 val_AccPaper=0.7565
[16:48:10] fold1 ep 049 tr=0.1912 va=0.7049 val_AccPaper=0.7609
[16:48:10]   early stop @ ep 49
[16:48:11] [S18] task fold2 ft_tr=14515 ft_va=3800 eval=18266
[16:48:13] fold2 ep 001 tr=0.6379 va=0.5852 val_AccPaper=0.7130
[16:48:14] fold2 ep 002 tr=0.4711 va=0.5685 val_AccPaper=0.7130
[16:48:15] fold2 ep 003 tr=0.4313 va=0.5800 val_AccPaper=0.7217
[16:48:16] fold2 ep 004 tr=0.4051 va=0.5532 val_AccPaper=0.7435
[16:48:18] fold2 ep 005 tr=0.3890 va=0.5690 val_AccPaper=0.7478
[16:48:19] fold2 ep 006 tr=0.3587 va=0.5786 val_AccPaper=0.7391
[16:48:20] fold2 ep 007 tr=0.3534 va=0.5840 val_AccPaper=0.7261
[16:48:21] fold2 ep 008 tr=0.3418 va=0.5794 val_AccPaper=0.7391
[16:48:22] fold2 ep 009 tr=0.3313 va=0.5916 val_AccPaper=0.7217
[16:48:24] fold2 ep 010 tr=0.3221 va=0.6093 val_AccPaper=0.7391
[16:48:25] fold2 ep 011 tr=0.3145 va=0.5488 val_AccPaper=0.7435
[16:48:26] fold2 ep 012 tr=0.3080 va=0.6071 val_AccPaper=0.7391
[16:48:27] fold2 ep 013 tr=0.3009 va=0.6555 val_AccPaper=0.7348
[16:48:29] fold2 ep 014 tr=0.2990 va=0.6092 val_AccPaper=0.7391
[16:48:30] fold2 ep 015 tr=0.2800 va=0.6316 val_AccPaper=0.7217
[16:48:31] fold2 ep 016 tr=0.2902 va=0.5983 val_AccPaper=0.7435
[16:48:32] fold2 ep 017 tr=0.2690 va=0.6462 val_AccPaper=0.7304
[16:48:33] fold2 ep 018 tr=0.2738 va=0.6656 val_AccPaper=0.7522
[16:48:35] fold2 ep 019 tr=0.2729 va=0.6439 val_AccPaper=0.7304
[16:48:36] fold2 ep 020 tr=0.2635 va=0.6272 val_AccPaper=0.7348
[16:48:37] fold2 ep 021 tr=0.2489 va=0.6662 val_AccPaper=0.7261
[16:48:38] fold2 ep 022 tr=0.2559 va=0.6767 val_AccPaper=0.7391
[16:48:39] fold2 ep 023 tr=0.2468 va=0.6391 val_AccPaper=0.7261
[16:48:40] fold2 ep 024 tr=0.2538 va=0.6630 val_AccPaper=0.7261
[16:48:42] fold2 ep 025 tr=0.2448 va=0.6650 val_AccPaper=0.7348
[16:48:43] fold2 ep 026 tr=0.2393 va=0.6813 val_AccPaper=0.7478
[16:48:44] fold2 ep 027 tr=0.2305 va=0.6671 val_AccPaper=0.7522
[16:48:45] fold2 ep 028 tr=0.2277 va=0.6598 val_AccPaper=0.7391
[16:48:46] fold2 ep 029 tr=0.2279 va=0.6969 val_AccPaper=0.7435
[16:48:48] fold2 ep 030 tr=0.2287 va=0.7122 val_AccPaper=0.7348
[16:48:49] fold2 ep 031 tr=0.2171 va=0.6769 val_AccPaper=0.7652
[16:48:50] fold2 ep 032 tr=0.2290 va=0.6687 val_AccPaper=0.7348
[16:48:51] fold2 ep 033 tr=0.2184 va=0.7094 val_AccPaper=0.7391
[16:48:52] fold2 ep 034 tr=0.2187 va=0.6798 val_AccPaper=0.7391
[16:48:54] fold2 ep 035 tr=0.2133 va=0.6786 val_AccPaper=0.7435
[16:48:55] fold2 ep 036 tr=0.2119 va=0.7082 val_AccPaper=0.7565
[16:48:56] fold2 ep 037 tr=0.2148 va=0.7039 val_AccPaper=0.7435
[16:48:57] fold2 ep 038 tr=0.2048 va=0.7089 val_AccPaper=0.7435
[16:48:58] fold2 ep 039 tr=0.2061 va=0.6958 val_AccPaper=0.7304
[16:49:00] fold2 ep 040 tr=0.2058 va=0.7312 val_AccPaper=0.7522
[16:49:01] fold2 ep 041 tr=0.2063 va=0.7396 val_AccPaper=0.7478
[16:49:02] fold2 ep 042 tr=0.1918 va=0.7255 val_AccPaper=0.7522
[16:49:03] fold2 ep 043 tr=0.1962 va=0.7194 val_AccPaper=0.7696
[16:49:04] fold2 ep 044 tr=0.2028 va=0.7193 val_AccPaper=0.7391
[16:49:05] fold2 ep 045 tr=0.2007 va=0.7178 val_AccPaper=0.7478
[16:49:07] fold2 ep 046 tr=0.1919 va=0.7272 val_AccPaper=0.7609
[16:49:08] fold2 ep 047 tr=0.1959 va=0.7172 val_AccPaper=0.7435
[16:49:09] fold2 ep 048 tr=0.1880 va=0.7244 val_AccPaper=0.7522
[16:49:10] fold2 ep 049 tr=0.1835 va=0.7499 val_AccPaper=0.7478
[16:49:11] fold2 ep 050 tr=0.1904 va=0.7088 val_AccPaper=0.7304
[16:49:13] fold2 ep 051 tr=0.1794 va=0.7259 val_AccPaper=0.7391
[16:49:14] fold2 ep 052 tr=0.1875 va=0.7822 val_AccPaper=0.7348
[16:49:15] fold2 ep 053 tr=0.1889 va=0.7685 val_AccPaper=0.7217
[16:49:16] fold2 ep 054 tr=0.1870 va=0.7380 val_AccPaper=0.7391
[16:49:17] fold2 ep 055 tr=0.1851 va=0.7383 val_AccPaper=0.7478
[16:49:18] fold2 ep 056 tr=0.1824 va=0.7268 val_AccPaper=0.7435
[16:49:20] fold2 ep 057 tr=0.1836 va=0.7394 val_AccPaper=0.7261
[16:49:21] fold2 ep 058 tr=0.1814 va=0.7457 val_AccPaper=0.7435
[16:49:22] fold2 ep 059 tr=0.1732 va=0.7370 val_AccPaper=0.7696
[16:49:23] fold2 ep 060 tr=0.1779 va=0.7581 val_AccPaper=0.7304
[16:49:24] fold2 ep 061 tr=0.1750 va=0.7800 val_AccPaper=0.7174
[16:49:26] fold2 ep 062 tr=0.1787 va=0.7559 val_AccPaper=0.7348
[16:49:27] fold2 ep 063 tr=0.1678 va=0.8110 val_AccPaper=0.7565
[16:49:27]   early stop @ ep 63
[16:49:28] [S18] task fold3 ft_tr=14515 ft_va=3800 eval=18266
[16:49:30] fold3 ep 001 tr=0.6179 va=0.5507 val_AccPaper=0.7000
[16:49:31] fold3 ep 002 tr=0.4668 va=0.5392 val_AccPaper=0.7391
[16:49:32] fold3 ep 003 tr=0.4335 va=0.5694 val_AccPaper=0.7348
[16:49:33] fold3 ep 004 tr=0.4027 va=0.5603 val_AccPaper=0.7130
[16:49:34] fold3 ep 005 tr=0.3813 va=0.5277 val_AccPaper=0.7696
[16:49:36] fold3 ep 006 tr=0.3598 va=0.5481 val_AccPaper=0.7174
[16:49:37] fold3 ep 007 tr=0.3474 va=0.5843 val_AccPaper=0.7261
[16:49:38] fold3 ep 008 tr=0.3327 va=0.5396 val_AccPaper=0.7565
[16:49:39] fold3 ep 009 tr=0.3288 va=0.5738 val_AccPaper=0.7304
[16:49:40] fold3 ep 010 tr=0.3234 va=0.5621 val_AccPaper=0.7391
[16:49:41] fold3 ep 011 tr=0.3108 va=0.5832 val_AccPaper=0.7261
[16:49:43] fold3 ep 012 tr=0.2982 va=0.5784 val_AccPaper=0.7435
[16:49:44] fold3 ep 013 tr=0.2953 va=0.6196 val_AccPaper=0.7304
[16:49:45] fold3 ep 014 tr=0.2903 va=0.5926 val_AccPaper=0.7478
[16:49:46] fold3 ep 015 tr=0.2846 va=0.5750 val_AccPaper=0.7348
[16:49:47] fold3 ep 016 tr=0.2732 va=0.6017 val_AccPaper=0.7478
[16:49:49] fold3 ep 017 tr=0.2687 va=0.6245 val_AccPaper=0.7217
[16:49:50] fold3 ep 018 tr=0.2639 va=0.6014 val_AccPaper=0.7478
[16:49:51] fold3 ep 019 tr=0.2634 va=0.6421 val_AccPaper=0.7565
[16:49:52] fold3 ep 020 tr=0.2548 va=0.6184 val_AccPaper=0.7609
[16:49:53] fold3 ep 021 tr=0.2492 va=0.6868 val_AccPaper=0.7348
[16:49:54] fold3 ep 022 tr=0.2468 va=0.6401 val_AccPaper=0.7609
[16:49:56] fold3 ep 023 tr=0.2461 va=0.6568 val_AccPaper=0.7391
[16:49:57] fold3 ep 024 tr=0.2436 va=0.6609 val_AccPaper=0.7478
[16:49:58] fold3 ep 025 tr=0.2384 va=0.6836 val_AccPaper=0.7565
[16:49:58]   early stop @ ep 25
[16:50:00] [S18] task fold4 ft_tr=14515 ft_va=3800 eval=18266
[16:50:01] fold4 ep 001 tr=0.6644 va=0.5497 val_AccPaper=0.7087
[16:50:02] fold4 ep 002 tr=0.4825 va=0.5397 val_AccPaper=0.7565
[16:50:03] fold4 ep 003 tr=0.4411 va=0.5128 val_AccPaper=0.7391
[16:50:04] fold4 ep 004 tr=0.4082 va=0.5261 val_AccPaper=0.7652
[16:50:06] fold4 ep 005 tr=0.3887 va=0.5211 val_AccPaper=0.7609
[16:50:07] fold4 ep 006 tr=0.3718 va=0.5617 val_AccPaper=0.7696
[16:50:08] fold4 ep 007 tr=0.3486 va=0.5169 val_AccPaper=0.7609
[16:50:09] fold4 ep 008 tr=0.3303 va=0.5192 val_AccPaper=0.7783
[16:50:10] fold4 ep 009 tr=0.3209 va=0.5397 val_AccPaper=0.7739
[16:50:11] fold4 ep 010 tr=0.3099 va=0.5405 val_AccPaper=0.7522
[16:50:13] fold4 ep 011 tr=0.3114 va=0.5785 val_AccPaper=0.7696
[16:50:14] fold4 ep 012 tr=0.3021 va=0.5435 val_AccPaper=0.7696
[16:50:15] fold4 ep 013 tr=0.2851 va=0.5399 val_AccPaper=0.7609
[16:50:16] fold4 ep 014 tr=0.2917 va=0.5444 val_AccPaper=0.7565
[16:50:17] fold4 ep 015 tr=0.2733 va=0.5652 val_AccPaper=0.7609
[16:50:18] fold4 ep 016 tr=0.2742 va=0.5834 val_AccPaper=0.7609
[16:50:20] fold4 ep 017 tr=0.2675 va=0.5712 val_AccPaper=0.7696
[16:50:21] fold4 ep 018 tr=0.2626 va=0.5960 val_AccPaper=0.7783
[16:50:22] fold4 ep 019 tr=0.2540 va=0.6107 val_AccPaper=0.7391
[16:50:23] fold4 ep 020 tr=0.2484 va=0.6038 val_AccPaper=0.7696
[16:50:24] fold4 ep 021 tr=0.2498 va=0.6002 val_AccPaper=0.7783
[16:50:25] fold4 ep 022 tr=0.2517 va=0.6315 val_AccPaper=0.7478
[16:50:27] fold4 ep 023 tr=0.2419 va=0.6115 val_AccPaper=0.7522
[16:50:28] fold4 ep 024 tr=0.2436 va=0.5928 val_AccPaper=0.7652
[16:50:29] fold4 ep 025 tr=0.2386 va=0.6736 val_AccPaper=0.7739
[16:50:30] fold4 ep 026 tr=0.2316 va=0.6273 val_AccPaper=0.7696
[16:50:31] fold4 ep 027 tr=0.2352 va=0.6454 val_AccPaper=0.7783
[16:50:32] fold4 ep 028 tr=0.2331 va=0.6465 val_AccPaper=0.7739
[16:50:32]   early stop @ ep 28
[16:50:34] [S18] three fold0 ft_tr=14515 ft_va=3800 eval=18266
[16:50:35] fold0 ep 001 tr=1.0639 va=1.0766 val_AccPaper=0.5000
[16:50:36] fold0 ep 002 tr=0.8532 va=1.0611 val_AccPaper=0.4826
[16:50:38] fold0 ep 003 tr=0.7939 va=1.0376 val_AccPaper=0.5348
[16:50:39] fold0 ep 004 tr=0.7535 va=1.0525 val_AccPaper=0.5348
[16:50:40] fold0 ep 005 tr=0.7152 va=1.0476 val_AccPaper=0.5478
[16:50:41] fold0 ep 006 tr=0.6871 va=1.0684 val_AccPaper=0.5304
[16:50:42] fold0 ep 007 tr=0.6704 va=1.0752 val_AccPaper=0.5348
[16:50:44] fold0 ep 008 tr=0.6525 va=1.0844 val_AccPaper=0.5565
[16:50:45] fold0 ep 009 tr=0.6346 va=1.0891 val_AccPaper=0.5391
[16:50:46] fold0 ep 010 tr=0.6339 va=1.1027 val_AccPaper=0.5478
[16:50:47] fold0 ep 011 tr=0.5987 va=1.0970 val_AccPaper=0.5652
[16:50:48] fold0 ep 012 tr=0.6014 va=1.1628 val_AccPaper=0.5217
[16:50:49] fold0 ep 013 tr=0.5740 va=1.1273 val_AccPaper=0.5739
[16:50:51] fold0 ep 014 tr=0.5757 va=1.1432 val_AccPaper=0.5304
[16:50:52] fold0 ep 015 tr=0.5620 va=1.1336 val_AccPaper=0.5261
[16:50:53] fold0 ep 016 tr=0.5617 va=1.1474 val_AccPaper=0.5304
[16:50:54] fold0 ep 017 tr=0.5575 va=1.1734 val_AccPaper=0.5348
[16:50:55] fold0 ep 018 tr=0.5383 va=1.1973 val_AccPaper=0.5435
[16:50:56] fold0 ep 019 tr=0.5277 va=1.1951 val_AccPaper=0.5217
[16:50:58] fold0 ep 020 tr=0.5163 va=1.1869 val_AccPaper=0.5565
[16:50:59] fold0 ep 021 tr=0.5218 va=1.1633 val_AccPaper=0.5348
[16:51:00] fold0 ep 022 tr=0.5072 va=1.1909 val_AccPaper=0.5130
[16:51:01] fold0 ep 023 tr=0.5015 va=1.2293 val_AccPaper=0.5609
[16:51:02] fold0 ep 024 tr=0.4999 va=1.2292 val_AccPaper=0.5304
[16:51:03] fold0 ep 025 tr=0.4848 va=1.2066 val_AccPaper=0.5435
[16:51:05] fold0 ep 026 tr=0.4810 va=1.2409 val_AccPaper=0.5435
[16:51:06] fold0 ep 027 tr=0.4908 va=1.2918 val_AccPaper=0.5478
[16:51:07] fold0 ep 028 tr=0.4703 va=1.2659 val_AccPaper=0.5348
[16:51:08] fold0 ep 029 tr=0.4850 va=1.2847 val_AccPaper=0.5174
[16:51:09] fold0 ep 030 tr=0.4771 va=1.2519 val_AccPaper=0.5435
[16:51:10] fold0 ep 031 tr=0.4768 va=1.2407 val_AccPaper=0.5478
[16:51:12] fold0 ep 032 tr=0.4679 va=1.3047 val_AccPaper=0.5174
[16:51:13] fold0 ep 033 tr=0.4601 va=1.2638 val_AccPaper=0.5304
[16:51:13]   early stop @ ep 33
[16:51:15] [S18] three fold1 ft_tr=14515 ft_va=3800 eval=18266
[16:51:16] fold1 ep 001 tr=1.0194 va=1.0283 val_AccPaper=0.5043
[16:51:17] fold1 ep 002 tr=0.8617 va=1.0028 val_AccPaper=0.5391
[16:51:18] fold1 ep 003 tr=0.8096 va=1.0053 val_AccPaper=0.5348
[16:51:19] fold1 ep 004 tr=0.7707 va=1.0235 val_AccPaper=0.5522
[16:51:20] fold1 ep 005 tr=0.7368 va=1.0126 val_AccPaper=0.5348
[16:51:22] fold1 ep 006 tr=0.7246 va=1.0226 val_AccPaper=0.5870
[16:51:23] fold1 ep 007 tr=0.7014 va=1.0162 val_AccPaper=0.5217
[16:51:24] fold1 ep 008 tr=0.6807 va=1.0369 val_AccPaper=0.5435
[16:51:25] fold1 ep 009 tr=0.6796 va=1.0225 val_AccPaper=0.5565
[16:51:26] fold1 ep 010 tr=0.6451 va=1.0701 val_AccPaper=0.5609
[16:51:27] fold1 ep 011 tr=0.6236 va=1.0561 val_AccPaper=0.5478
[16:51:29] fold1 ep 012 tr=0.6199 va=1.0615 val_AccPaper=0.5652
[16:51:30] fold1 ep 013 tr=0.6107 va=1.0570 val_AccPaper=0.5739
[16:51:31] fold1 ep 014 tr=0.6100 va=1.0937 val_AccPaper=0.5739
[16:51:32] fold1 ep 015 tr=0.5869 va=1.0754 val_AccPaper=0.5609
[16:51:33] fold1 ep 016 tr=0.5804 va=1.0724 val_AccPaper=0.5652
[16:51:35] fold1 ep 017 tr=0.5641 va=1.1182 val_AccPaper=0.5261
[16:51:36] fold1 ep 018 tr=0.5658 va=1.1378 val_AccPaper=0.5609
[16:51:37] fold1 ep 019 tr=0.5525 va=1.1284 val_AccPaper=0.5391
[16:51:38] fold1 ep 020 tr=0.5384 va=1.1604 val_AccPaper=0.5391
[16:51:39] fold1 ep 021 tr=0.5382 va=1.1702 val_AccPaper=0.5261
[16:51:40] fold1 ep 022 tr=0.5301 va=1.1796 val_AccPaper=0.5609
[16:51:42] fold1 ep 023 tr=0.5290 va=1.1776 val_AccPaper=0.5478
[16:51:43] fold1 ep 024 tr=0.5217 va=1.1911 val_AccPaper=0.5652
[16:51:44] fold1 ep 025 tr=0.5179 va=1.2104 val_AccPaper=0.5391
[16:51:45] fold1 ep 026 tr=0.5064 va=1.2086 val_AccPaper=0.5391
[16:51:45]   early stop @ ep 26
[16:51:47] [S18] three fold2 ft_tr=14515 ft_va=3800 eval=18266
[16:51:48] fold2 ep 001 tr=1.0531 va=1.0341 val_AccPaper=0.5130
[16:51:49] fold2 ep 002 tr=0.8570 va=1.0187 val_AccPaper=0.5348
[16:51:51] fold2 ep 003 tr=0.8019 va=1.0077 val_AccPaper=0.5565
[16:51:52] fold2 ep 004 tr=0.7625 va=1.0177 val_AccPaper=0.5217
[16:51:53] fold2 ep 005 tr=0.7259 va=0.9918 val_AccPaper=0.5522
[16:51:54] fold2 ep 006 tr=0.7138 va=1.0052 val_AccPaper=0.5391
[16:51:55] fold2 ep 007 tr=0.6855 va=1.0256 val_AccPaper=0.5304
[16:51:57] fold2 ep 008 tr=0.6782 va=1.0171 val_AccPaper=0.5217
[16:51:58] fold2 ep 009 tr=0.6488 va=1.0494 val_AccPaper=0.5391
[16:51:59] fold2 ep 010 tr=0.6389 va=1.0502 val_AccPaper=0.5435
[16:52:00] fold2 ep 011 tr=0.6345 va=1.0262 val_AccPaper=0.5304
[16:52:01] fold2 ep 012 tr=0.6157 va=1.0553 val_AccPaper=0.5130
[16:52:03] fold2 ep 013 tr=0.5948 va=1.0439 val_AccPaper=0.5217
[16:52:04] fold2 ep 014 tr=0.5891 va=1.0701 val_AccPaper=0.5304
[16:52:05] fold2 ep 015 tr=0.5741 va=1.0797 val_AccPaper=0.5435
[16:52:06] fold2 ep 016 tr=0.5624 va=1.1085 val_AccPaper=0.5348
[16:52:07] fold2 ep 017 tr=0.5572 va=1.0759 val_AccPaper=0.5391
[16:52:09] fold2 ep 018 tr=0.5581 va=1.1413 val_AccPaper=0.5130
[16:52:10] fold2 ep 019 tr=0.5506 va=1.1225 val_AccPaper=0.5130
[16:52:11] fold2 ep 020 tr=0.5363 va=1.1525 val_AccPaper=0.5087
[16:52:12] fold2 ep 021 tr=0.5337 va=1.1535 val_AccPaper=0.5348
[16:52:13] fold2 ep 022 tr=0.5247 va=1.1903 val_AccPaper=0.5261
[16:52:15] fold2 ep 023 tr=0.5129 va=1.1381 val_AccPaper=0.5261
[16:52:15]   early stop @ ep 23
[16:52:16] [S18] three fold3 ft_tr=14515 ft_va=3800 eval=18266
[16:52:18] fold3 ep 001 tr=1.0397 va=1.0102 val_AccPaper=0.5043
[16:52:19] fold3 ep 002 tr=0.8614 va=1.0067 val_AccPaper=0.5565
[16:52:20] fold3 ep 003 tr=0.8162 va=1.0342 val_AccPaper=0.5478
[16:52:21] fold3 ep 004 tr=0.7786 va=0.9945 val_AccPaper=0.5391
[16:52:22] fold3 ep 005 tr=0.7434 va=0.9718 val_AccPaper=0.5391
[16:52:24] fold3 ep 006 tr=0.7131 va=1.0111 val_AccPaper=0.5217
[16:52:25] fold3 ep 007 tr=0.6872 va=1.0422 val_AccPaper=0.5652
[16:52:26] fold3 ep 008 tr=0.6701 va=1.0516 val_AccPaper=0.5435
[16:52:27] fold3 ep 009 tr=0.6484 va=1.0924 val_AccPaper=0.5696
[16:52:28] fold3 ep 010 tr=0.6405 va=1.0735 val_AccPaper=0.5217
[16:52:29] fold3 ep 011 tr=0.6149 va=1.0611 val_AccPaper=0.5522
[16:52:31] fold3 ep 012 tr=0.6085 va=1.1054 val_AccPaper=0.5391
[16:52:32] fold3 ep 013 tr=0.6062 va=1.1208 val_AccPaper=0.5435
[16:52:33] fold3 ep 014 tr=0.5866 va=1.1137 val_AccPaper=0.5435
[16:52:34] fold3 ep 015 tr=0.5815 va=1.1260 val_AccPaper=0.5348
[16:52:35] fold3 ep 016 tr=0.5728 va=1.1203 val_AccPaper=0.5565
[16:52:37] fold3 ep 017 tr=0.5611 va=1.1423 val_AccPaper=0.5391
[16:52:38] fold3 ep 018 tr=0.5607 va=1.1452 val_AccPaper=0.5522
[16:52:39] fold3 ep 019 tr=0.5399 va=1.1652 val_AccPaper=0.5130
[16:52:40] fold3 ep 020 tr=0.5364 va=1.1645 val_AccPaper=0.5652
[16:52:41] fold3 ep 021 tr=0.5364 va=1.1785 val_AccPaper=0.5609
[16:52:42] fold3 ep 022 tr=0.5315 va=1.1824 val_AccPaper=0.5522
[16:52:44] fold3 ep 023 tr=0.5117 va=1.1907 val_AccPaper=0.5609
[16:52:45] fold3 ep 024 tr=0.5141 va=1.2371 val_AccPaper=0.5348
[16:52:46] fold3 ep 025 tr=0.5157 va=1.2263 val_AccPaper=0.5435
[16:52:47] fold3 ep 026 tr=0.5056 va=1.2552 val_AccPaper=0.5522
[16:52:48] fold3 ep 027 tr=0.5013 va=1.2152 val_AccPaper=0.5478
[16:52:50] fold3 ep 028 tr=0.4933 va=1.1973 val_AccPaper=0.5435
[16:52:51] fold3 ep 029 tr=0.4870 va=1.2550 val_AccPaper=0.5348
[16:52:51]   early stop @ ep 29
[16:52:53] [S18] three fold4 ft_tr=14515 ft_va=3800 eval=18266
[16:52:54] fold4 ep 001 tr=1.0583 va=1.0514 val_AccPaper=0.5391
[16:52:55] fold4 ep 002 tr=0.8521 va=1.0097 val_AccPaper=0.5304
[16:52:56] fold4 ep 003 tr=0.7803 va=1.0149 val_AccPaper=0.5391
[16:52:57] fold4 ep 004 tr=0.7377 va=1.0148 val_AccPaper=0.5261
[16:52:59] fold4 ep 005 tr=0.7129 va=1.0268 val_AccPaper=0.5435
[16:53:00] fold4 ep 006 tr=0.6907 va=1.0089 val_AccPaper=0.5565
[16:53:01] fold4 ep 007 tr=0.6648 va=1.0467 val_AccPaper=0.5478
[16:53:02] fold4 ep 008 tr=0.6509 va=1.0605 val_AccPaper=0.5522
[16:53:03] fold4 ep 009 tr=0.6343 va=1.0358 val_AccPaper=0.5609
[16:53:05] fold4 ep 010 tr=0.5960 va=1.0820 val_AccPaper=0.5391
[16:53:06] fold4 ep 011 tr=0.6030 va=1.1062 val_AccPaper=0.5522
[16:53:07] fold4 ep 012 tr=0.5798 va=1.1139 val_AccPaper=0.5348
[16:53:08] fold4 ep 013 tr=0.5729 va=1.1089 val_AccPaper=0.5304
[16:53:09] fold4 ep 014 tr=0.5579 va=1.1129 val_AccPaper=0.5522
[16:53:11] fold4 ep 015 tr=0.5581 va=1.1269 val_AccPaper=0.5435
[16:53:12] fold4 ep 016 tr=0.5509 va=1.1255 val_AccPaper=0.5652
[16:53:13] fold4 ep 017 tr=0.5321 va=1.1451 val_AccPaper=0.5435
[16:53:14] fold4 ep 018 tr=0.5271 va=1.1554 val_AccPaper=0.5478
[16:53:15] fold4 ep 019 tr=0.5166 va=1.1717 val_AccPaper=0.5478
[16:53:17] fold4 ep 020 tr=0.5132 va=1.1713 val_AccPaper=0.5522
[16:53:18] fold4 ep 021 tr=0.5069 va=1.1932 val_AccPaper=0.5565
[16:53:19] fold4 ep 022 tr=0.5001 va=1.2301 val_AccPaper=0.5609
[16:53:20] fold4 ep 023 tr=0.4951 va=1.2134 val_AccPaper=0.5522
[16:53:21] fold4 ep 024 tr=0.4925 va=1.2119 val_AccPaper=0.5348
[16:53:23] fold4 ep 025 tr=0.4850 va=1.2078 val_AccPaper=0.5565
[16:53:24] fold4 ep 026 tr=0.4817 va=1.2232 val_AccPaper=0.5391
[16:53:25] fold4 ep 027 tr=0.4826 va=1.1784 val_AccPaper=0.5652
[16:53:26] fold4 ep 028 tr=0.4693 va=1.2421 val_AccPaper=0.5609
[16:53:27] fold4 ep 029 tr=0.4742 va=1.2607 val_AccPaper=0.5565
[16:53:29] fold4 ep 030 tr=0.4617 va=1.2625 val_AccPaper=0.5783
[16:53:30] fold4 ep 031 tr=0.4680 va=1.2602 val_AccPaper=0.5478
[16:53:31] fold4 ep 032 tr=0.4543 va=1.2788 val_AccPaper=0.5609
[16:53:32] fold4 ep 033 tr=0.4571 va=1.3414 val_AccPaper=0.5391
[16:53:34] fold4 ep 034 tr=0.4461 va=1.2866 val_AccPaper=0.5087
[16:53:35] fold4 ep 035 tr=0.4438 va=1.2698 val_AccPaper=0.5435
[16:53:36] fold4 ep 036 tr=0.4585 va=1.3003 val_AccPaper=0.5261
[16:53:37] fold4 ep 037 tr=0.4466 va=1.2897 val_AccPaper=0.5435
[16:53:38] fold4 ep 038 tr=0.4394 va=1.2962 val_AccPaper=0.5348
[16:53:40] fold4 ep 039 tr=0.4423 va=1.2952 val_AccPaper=0.5348
[16:53:41] fold4 ep 040 tr=0.4371 va=1.3277 val_AccPaper=0.5478
[16:53:42] fold4 ep 041 tr=0.4344 va=1.3163 val_AccPaper=0.5478
[16:53:43] fold4 ep 042 tr=0.4244 va=1.3982 val_AccPaper=0.5261
[16:53:44] fold4 ep 043 tr=0.4265 va=1.3574 val_AccPaper=0.5478
[16:53:46] fold4 ep 044 tr=0.4300 va=1.3686 val_AccPaper=0.5522
[16:53:47] fold4 ep 045 tr=0.4270 va=1.3488 val_AccPaper=0.5435
[16:53:48] fold4 ep 046 tr=0.4230 va=1.4136 val_AccPaper=0.5304
[16:53:49] fold4 ep 047 tr=0.4227 va=1.3467 val_AccPaper=0.5391
[16:53:50] fold4 ep 048 tr=0.4218 va=1.3760 val_AccPaper=0.5609
[16:53:51] fold4 ep 049 tr=0.4188 va=1.3591 val_AccPaper=0.5304
[16:53:53] fold4 ep 050 tr=0.4150 va=1.3383 val_AccPaper=0.5739
[16:53:53]   early stop @ ep 50
[16:53:56] === S19 cues=1431 train=715 eval=716 ===
[16:53:57] [S19] task fold0 ft_tr=18521 ft_va=4778 eval=23552
[16:53:59] fold0 ep 001 tr=0.5063 va=0.5341 val_AccPaper=0.7902
[16:54:00] fold0 ep 002 tr=0.3843 va=0.4838 val_AccPaper=0.8182
[16:54:02] fold0 ep 003 tr=0.3387 va=0.4417 val_AccPaper=0.8217
[16:54:03] fold0 ep 004 tr=0.3124 va=0.4579 val_AccPaper=0.8462
[16:54:05] fold0 ep 005 tr=0.2984 va=0.4676 val_AccPaper=0.8427
[16:54:06] fold0 ep 006 tr=0.2859 va=0.4479 val_AccPaper=0.8252
[16:54:08] fold0 ep 007 tr=0.2711 va=0.4345 val_AccPaper=0.8462
[16:54:10] fold0 ep 008 tr=0.2603 va=0.4674 val_AccPaper=0.8357
[16:54:11] fold0 ep 009 tr=0.2490 va=0.4925 val_AccPaper=0.8287
[16:54:13] fold0 ep 010 tr=0.2447 va=0.5383 val_AccPaper=0.8182
[16:54:14] fold0 ep 011 tr=0.2352 va=0.4535 val_AccPaper=0.8392
[16:54:16] fold0 ep 012 tr=0.2314 va=0.5118 val_AccPaper=0.8357
[16:54:17] fold0 ep 013 tr=0.2300 va=0.4497 val_AccPaper=0.8357
[16:54:19] fold0 ep 014 tr=0.2169 va=0.4937 val_AccPaper=0.8252
[16:54:20] fold0 ep 015 tr=0.2172 va=0.5189 val_AccPaper=0.8322
[16:54:22] fold0 ep 016 tr=0.2074 va=0.4762 val_AccPaper=0.8531
[16:54:23] fold0 ep 017 tr=0.2062 va=0.5011 val_AccPaper=0.8287
[16:54:25] fold0 ep 018 tr=0.2010 va=0.5003 val_AccPaper=0.8217
[16:54:26] fold0 ep 019 tr=0.2004 va=0.5268 val_AccPaper=0.8287
[16:54:28] fold0 ep 020 tr=0.1964 va=0.5378 val_AccPaper=0.8217
[16:54:30] fold0 ep 021 tr=0.1955 va=0.4963 val_AccPaper=0.8077
[16:54:31] fold0 ep 022 tr=0.1925 va=0.4922 val_AccPaper=0.8217
[16:54:33] fold0 ep 023 tr=0.1902 va=0.5153 val_AccPaper=0.8287
[16:54:34] fold0 ep 024 tr=0.1818 va=0.5460 val_AccPaper=0.8077
[16:54:36] fold0 ep 025 tr=0.1811 va=0.4924 val_AccPaper=0.8322
[16:54:37] fold0 ep 026 tr=0.1851 va=0.4989 val_AccPaper=0.8427
[16:54:39] fold0 ep 027 tr=0.1799 va=0.5055 val_AccPaper=0.8427
[16:54:40] fold0 ep 028 tr=0.1702 va=0.5094 val_AccPaper=0.8287
[16:54:42] fold0 ep 029 tr=0.1784 va=0.5041 val_AccPaper=0.8182
[16:54:43] fold0 ep 030 tr=0.1768 va=0.5306 val_AccPaper=0.8322
[16:54:45] fold0 ep 031 tr=0.1709 va=0.5547 val_AccPaper=0.8392
[16:54:46] fold0 ep 032 tr=0.1701 va=0.5168 val_AccPaper=0.8322
[16:54:48] fold0 ep 033 tr=0.1741 va=0.5331 val_AccPaper=0.8217
[16:54:49] fold0 ep 034 tr=0.1734 va=0.5106 val_AccPaper=0.8252
[16:54:51] fold0 ep 035 tr=0.1647 va=0.5316 val_AccPaper=0.8217
[16:54:52] fold0 ep 036 tr=0.1579 va=0.5613 val_AccPaper=0.8182
[16:54:52]   early stop @ ep 36
[16:54:54] [S19] task fold1 ft_tr=18521 ft_va=4778 eval=23552
[16:54:56] fold1 ep 001 tr=0.4966 va=0.4563 val_AccPaper=0.8077
[16:54:57] fold1 ep 002 tr=0.3667 va=0.4385 val_AccPaper=0.8182
[16:54:59] fold1 ep 003 tr=0.3278 va=0.4607 val_AccPaper=0.8287
[16:55:00] fold1 ep 004 tr=0.3117 va=0.4483 val_AccPaper=0.8252
[16:55:02] fold1 ep 005 tr=0.2962 va=0.4217 val_AccPaper=0.8357
[16:55:03] fold1 ep 006 tr=0.2857 va=0.4381 val_AccPaper=0.8147
[16:55:05] fold1 ep 007 tr=0.2672 va=0.4611 val_AccPaper=0.8287
[16:55:06] fold1 ep 008 tr=0.2550 va=0.4232 val_AccPaper=0.8427
[16:55:08] fold1 ep 009 tr=0.2456 va=0.4472 val_AccPaper=0.8182
[16:55:09] fold1 ep 010 tr=0.2452 va=0.4074 val_AccPaper=0.8322
[16:55:11] fold1 ep 011 tr=0.2317 va=0.4426 val_AccPaper=0.8357
[16:55:12] fold1 ep 012 tr=0.2375 va=0.4375 val_AccPaper=0.8427
[16:55:14] fold1 ep 013 tr=0.2227 va=0.4474 val_AccPaper=0.8357
[16:55:15] fold1 ep 014 tr=0.2176 va=0.4734 val_AccPaper=0.8357
[16:55:17] fold1 ep 015 tr=0.2132 va=0.4596 val_AccPaper=0.8112
[16:55:18] fold1 ep 016 tr=0.2103 va=0.4996 val_AccPaper=0.8077
[16:55:20] fold1 ep 017 tr=0.2085 va=0.5019 val_AccPaper=0.8252
[16:55:21] fold1 ep 018 tr=0.1968 va=0.4925 val_AccPaper=0.8217
[16:55:23] fold1 ep 019 tr=0.1936 va=0.4960 val_AccPaper=0.8077
[16:55:24] fold1 ep 020 tr=0.1942 va=0.4890 val_AccPaper=0.8252
[16:55:26] fold1 ep 021 tr=0.1941 va=0.4564 val_AccPaper=0.8357
[16:55:27] fold1 ep 022 tr=0.1890 va=0.4731 val_AccPaper=0.8252
[16:55:29] fold1 ep 023 tr=0.1841 va=0.4842 val_AccPaper=0.8287
[16:55:30] fold1 ep 024 tr=0.1849 va=0.5106 val_AccPaper=0.8287
[16:55:32] fold1 ep 025 tr=0.1840 va=0.4881 val_AccPaper=0.8182
[16:55:33] fold1 ep 026 tr=0.1758 va=0.5317 val_AccPaper=0.8182
[16:55:34] fold1 ep 027 tr=0.1812 va=0.5580 val_AccPaper=0.7937
[16:55:36] fold1 ep 028 tr=0.1824 va=0.5954 val_AccPaper=0.7937
[16:55:36]   early stop @ ep 28
[16:55:38] [S19] task fold2 ft_tr=18521 ft_va=4778 eval=23552
[16:55:40] fold2 ep 001 tr=0.4982 va=0.4870 val_AccPaper=0.8147
[16:55:41] fold2 ep 002 tr=0.3715 va=0.4271 val_AccPaper=0.8427
[16:55:43] fold2 ep 003 tr=0.3282 va=0.4094 val_AccPaper=0.8322
[16:55:44] fold2 ep 004 tr=0.3081 va=0.4073 val_AccPaper=0.8287
[16:55:46] fold2 ep 005 tr=0.2928 va=0.4146 val_AccPaper=0.8357
[16:55:47] fold2 ep 006 tr=0.2682 va=0.4354 val_AccPaper=0.8182
[16:55:49] fold2 ep 007 tr=0.2640 va=0.4419 val_AccPaper=0.8357
[16:55:50] fold2 ep 008 tr=0.2456 va=0.4244 val_AccPaper=0.8287
[16:55:52] fold2 ep 009 tr=0.2441 va=0.4208 val_AccPaper=0.8147
[16:55:53] fold2 ep 010 tr=0.2318 va=0.4670 val_AccPaper=0.8147
[16:55:55] fold2 ep 011 tr=0.2274 va=0.4520 val_AccPaper=0.8182
[16:55:56] fold2 ep 012 tr=0.2270 va=0.4798 val_AccPaper=0.8252
[16:55:58] fold2 ep 013 tr=0.2300 va=0.4609 val_AccPaper=0.8462
[16:55:59] fold2 ep 014 tr=0.2104 va=0.4628 val_AccPaper=0.8252
[16:56:01] fold2 ep 015 tr=0.2130 va=0.4654 val_AccPaper=0.8182
[16:56:02] fold2 ep 016 tr=0.2095 va=0.4646 val_AccPaper=0.8252
[16:56:04] fold2 ep 017 tr=0.2030 va=0.4773 val_AccPaper=0.8322
[16:56:05] fold2 ep 018 tr=0.2065 va=0.4558 val_AccPaper=0.8217
[16:56:06] fold2 ep 019 tr=0.1984 va=0.4885 val_AccPaper=0.8322
[16:56:08] fold2 ep 020 tr=0.1905 va=0.4438 val_AccPaper=0.8322
[16:56:09] fold2 ep 021 tr=0.1798 va=0.5010 val_AccPaper=0.8112
[16:56:11] fold2 ep 022 tr=0.1841 va=0.4721 val_AccPaper=0.8147
[16:56:12] fold2 ep 023 tr=0.1850 va=0.4685 val_AccPaper=0.8392
[16:56:14] fold2 ep 024 tr=0.1779 va=0.5040 val_AccPaper=0.8217
[16:56:15] fold2 ep 025 tr=0.1769 va=0.4918 val_AccPaper=0.8007
[16:56:17] fold2 ep 026 tr=0.1746 va=0.4903 val_AccPaper=0.8287
[16:56:18] fold2 ep 027 tr=0.1716 va=0.4633 val_AccPaper=0.8252
[16:56:20] fold2 ep 028 tr=0.1749 va=0.4848 val_AccPaper=0.8287
[16:56:21] fold2 ep 029 tr=0.1778 va=0.4966 val_AccPaper=0.8287
[16:56:23] fold2 ep 030 tr=0.1732 va=0.5052 val_AccPaper=0.8392
[16:56:24] fold2 ep 031 tr=0.1756 va=0.5048 val_AccPaper=0.8252
[16:56:26] fold2 ep 032 tr=0.1659 va=0.5274 val_AccPaper=0.8287
[16:56:27] fold2 ep 033 tr=0.1727 va=0.5504 val_AccPaper=0.8217
[16:56:27]   early stop @ ep 33
[16:56:29] [S19] task fold3 ft_tr=18521 ft_va=4778 eval=23552
[16:56:31] fold3 ep 001 tr=0.4871 va=0.4825 val_AccPaper=0.8077
[16:56:32] fold3 ep 002 tr=0.3720 va=0.4960 val_AccPaper=0.8042
[16:56:34] fold3 ep 003 tr=0.3318 va=0.4392 val_AccPaper=0.8497
[16:56:35] fold3 ep 004 tr=0.3051 va=0.4613 val_AccPaper=0.8462
[16:56:37] fold3 ep 005 tr=0.2885 va=0.4673 val_AccPaper=0.8287
[16:56:38] fold3 ep 006 tr=0.2795 va=0.4583 val_AccPaper=0.8217
[16:56:40] fold3 ep 007 tr=0.2715 va=0.4494 val_AccPaper=0.8322
[16:56:41] fold3 ep 008 tr=0.2569 va=0.4617 val_AccPaper=0.8182
[16:56:43] fold3 ep 009 tr=0.2463 va=0.4611 val_AccPaper=0.8217
[16:56:44] fold3 ep 010 tr=0.2420 va=0.4471 val_AccPaper=0.8147
[16:56:46] fold3 ep 011 tr=0.2326 va=0.4695 val_AccPaper=0.8112
[16:56:47] fold3 ep 012 tr=0.2364 va=0.4596 val_AccPaper=0.8182
[16:56:49] fold3 ep 013 tr=0.2227 va=0.4432 val_AccPaper=0.8287
[16:56:50] fold3 ep 014 tr=0.2155 va=0.4422 val_AccPaper=0.8287
[16:56:52] fold3 ep 015 tr=0.2213 va=0.4442 val_AccPaper=0.8252
[16:56:53] fold3 ep 016 tr=0.2152 va=0.5146 val_AccPaper=0.8007
[16:56:55] fold3 ep 017 tr=0.2052 va=0.4967 val_AccPaper=0.8042
[16:56:56] fold3 ep 018 tr=0.2060 va=0.4909 val_AccPaper=0.8217
[16:56:58] fold3 ep 019 tr=0.1947 va=0.5218 val_AccPaper=0.8252
[16:56:59] fold3 ep 020 tr=0.1963 va=0.4810 val_AccPaper=0.8112
[16:57:01] fold3 ep 021 tr=0.1900 va=0.4798 val_AccPaper=0.8252
[16:57:02] fold3 ep 022 tr=0.1838 va=0.4983 val_AccPaper=0.8427
[16:57:04] fold3 ep 023 tr=0.1841 va=0.5305 val_AccPaper=0.8042
[16:57:04]   early stop @ ep 23
[16:57:06] [S19] task fold4 ft_tr=18521 ft_va=4778 eval=23552
[16:57:07] fold4 ep 001 tr=0.4907 va=0.4952 val_AccPaper=0.8042
[16:57:09] fold4 ep 002 tr=0.3697 va=0.4769 val_AccPaper=0.8287
[16:57:10] fold4 ep 003 tr=0.3356 va=0.4608 val_AccPaper=0.8252
[16:57:12] fold4 ep 004 tr=0.3100 va=0.4440 val_AccPaper=0.8357
[16:57:14] fold4 ep 005 tr=0.2974 va=0.4284 val_AccPaper=0.8357
[16:57:15] fold4 ep 006 tr=0.2833 va=0.4331 val_AccPaper=0.8392
[16:57:17] fold4 ep 007 tr=0.2663 va=0.4541 val_AccPaper=0.8322
[16:57:18] fold4 ep 008 tr=0.2597 va=0.4517 val_AccPaper=0.8392
[16:57:19] fold4 ep 009 tr=0.2464 va=0.4403 val_AccPaper=0.8462
[16:57:21] fold4 ep 010 tr=0.2352 va=0.4590 val_AccPaper=0.8357
[16:57:22] fold4 ep 011 tr=0.2329 va=0.4706 val_AccPaper=0.8252
[16:57:24] fold4 ep 012 tr=0.2289 va=0.4954 val_AccPaper=0.8252
[16:57:25] fold4 ep 013 tr=0.2160 va=0.4714 val_AccPaper=0.8147
[16:57:27] fold4 ep 014 tr=0.2143 va=0.4577 val_AccPaper=0.8252
[16:57:28] fold4 ep 015 tr=0.2092 va=0.4853 val_AccPaper=0.8287
[16:57:30] fold4 ep 016 tr=0.2148 va=0.4797 val_AccPaper=0.8217
[16:57:31] fold4 ep 017 tr=0.2054 va=0.4870 val_AccPaper=0.8287
[16:57:33] fold4 ep 018 tr=0.1980 va=0.4938 val_AccPaper=0.8147
[16:57:34] fold4 ep 019 tr=0.1882 va=0.5222 val_AccPaper=0.8182
[16:57:36] fold4 ep 020 tr=0.2009 va=0.5328 val_AccPaper=0.8287
[16:57:37] fold4 ep 021 tr=0.1876 va=0.5012 val_AccPaper=0.8182
[16:57:39] fold4 ep 022 tr=0.1850 va=0.5253 val_AccPaper=0.8007
[16:57:40] fold4 ep 023 tr=0.1860 va=0.5588 val_AccPaper=0.8112
[16:57:42] fold4 ep 024 tr=0.1845 va=0.5665 val_AccPaper=0.8042
[16:57:43] fold4 ep 025 tr=0.1751 va=0.5395 val_AccPaper=0.8287
[16:57:45] fold4 ep 026 tr=0.1763 va=0.5546 val_AccPaper=0.8077
[16:57:46] fold4 ep 027 tr=0.1750 va=0.5630 val_AccPaper=0.7972
[16:57:48] fold4 ep 028 tr=0.1783 va=0.5328 val_AccPaper=0.8007
[16:57:49] fold4 ep 029 tr=0.1724 va=0.6002 val_AccPaper=0.7937
[16:57:49]   early stop @ ep 29
[16:57:52] [S19] three fold0 ft_tr=18521 ft_va=4778 eval=23552
[16:57:53] fold0 ep 001 tr=0.7450 va=0.7510 val_AccPaper=0.6853
[16:57:55] fold0 ep 002 tr=0.5714 va=0.7045 val_AccPaper=0.7168
[16:57:56] fold0 ep 003 tr=0.5037 va=0.6897 val_AccPaper=0.7587
[16:57:58] fold0 ep 004 tr=0.4690 va=0.6809 val_AccPaper=0.7587
[16:57:59] fold0 ep 005 tr=0.4358 va=0.6657 val_AccPaper=0.7727
[16:58:01] fold0 ep 006 tr=0.4058 va=0.6833 val_AccPaper=0.7727
[16:58:02] fold0 ep 007 tr=0.3869 va=0.6740 val_AccPaper=0.7517
[16:58:04] fold0 ep 008 tr=0.3696 va=0.6858 val_AccPaper=0.7832
[16:58:05] fold0 ep 009 tr=0.3626 va=0.6936 val_AccPaper=0.7657
[16:58:07] fold0 ep 010 tr=0.3364 va=0.6780 val_AccPaper=0.7762
[16:58:08] fold0 ep 011 tr=0.3272 va=0.6928 val_AccPaper=0.7727
[16:58:10] fold0 ep 012 tr=0.3234 va=0.6784 val_AccPaper=0.7832
[16:58:11] fold0 ep 013 tr=0.3228 va=0.7225 val_AccPaper=0.7727
[16:58:13] fold0 ep 014 tr=0.3054 va=0.7090 val_AccPaper=0.7727
[16:58:14] fold0 ep 015 tr=0.3002 va=0.7348 val_AccPaper=0.7657
[16:58:16] fold0 ep 016 tr=0.2948 va=0.7518 val_AccPaper=0.7692
[16:58:17] fold0 ep 017 tr=0.2937 va=0.7357 val_AccPaper=0.7587
[16:58:19] fold0 ep 018 tr=0.2871 va=0.7489 val_AccPaper=0.7972
[16:58:20] fold0 ep 019 tr=0.2800 va=0.7304 val_AccPaper=0.7622
[16:58:22] fold0 ep 020 tr=0.2691 va=0.7464 val_AccPaper=0.7657
[16:58:23] fold0 ep 021 tr=0.2648 va=0.7493 val_AccPaper=0.7587
[16:58:25] fold0 ep 022 tr=0.2693 va=0.7446 val_AccPaper=0.7587
[16:58:26] fold0 ep 023 tr=0.2662 va=0.7782 val_AccPaper=0.7692
[16:58:28] fold0 ep 024 tr=0.2586 va=0.7455 val_AccPaper=0.7867
[16:58:29] fold0 ep 025 tr=0.2542 va=0.7667 val_AccPaper=0.7902
[16:58:31] fold0 ep 026 tr=0.2534 va=0.7689 val_AccPaper=0.7727
[16:58:32] fold0 ep 027 tr=0.2564 va=0.7775 val_AccPaper=0.7727
[16:58:34] fold0 ep 028 tr=0.2515 va=0.7750 val_AccPaper=0.7692
[16:58:35] fold0 ep 029 tr=0.2507 va=0.7946 val_AccPaper=0.7727
[16:58:37] fold0 ep 030 tr=0.2483 va=0.7719 val_AccPaper=0.7727
[16:58:38] fold0 ep 031 tr=0.2397 va=0.7709 val_AccPaper=0.7657
[16:58:40] fold0 ep 032 tr=0.2420 va=0.7891 val_AccPaper=0.7657
[16:58:41] fold0 ep 033 tr=0.2374 va=0.7722 val_AccPaper=0.7762
[16:58:43] fold0 ep 034 tr=0.2329 va=0.7587 val_AccPaper=0.7727
[16:58:44] fold0 ep 035 tr=0.2384 va=0.8034 val_AccPaper=0.7762
[16:58:46] fold0 ep 036 tr=0.2327 va=0.7902 val_AccPaper=0.7797
[16:58:47] fold0 ep 037 tr=0.2305 va=0.8029 val_AccPaper=0.7762
[16:58:49] fold0 ep 038 tr=0.2217 va=0.8163 val_AccPaper=0.7762
[16:58:49]   early stop @ ep 38
[16:58:51] [S19] three fold1 ft_tr=18521 ft_va=4778 eval=23552
[16:58:52] fold1 ep 001 tr=0.7488 va=0.7504 val_AccPaper=0.7098
[16:58:54] fold1 ep 002 tr=0.5808 va=0.7139 val_AccPaper=0.7413
[16:58:55] fold1 ep 003 tr=0.5220 va=0.6693 val_AccPaper=0.7657
[16:58:57] fold1 ep 004 tr=0.4783 va=0.6691 val_AccPaper=0.7517
[16:58:58] fold1 ep 005 tr=0.4468 va=0.6684 val_AccPaper=0.7413
[16:59:00] fold1 ep 006 tr=0.4236 va=0.6677 val_AccPaper=0.7483
[16:59:01] fold1 ep 007 tr=0.4166 va=0.6937 val_AccPaper=0.7692
[16:59:03] fold1 ep 008 tr=0.3808 va=0.6282 val_AccPaper=0.7972
[16:59:04] fold1 ep 009 tr=0.3809 va=0.6434 val_AccPaper=0.7762
[16:59:06] fold1 ep 010 tr=0.3748 va=0.6612 val_AccPaper=0.7797
[16:59:07] fold1 ep 011 tr=0.3497 va=0.6586 val_AccPaper=0.7692
[16:59:09] fold1 ep 012 tr=0.3453 va=0.6589 val_AccPaper=0.7762
[16:59:10] fold1 ep 013 tr=0.3453 va=0.6751 val_AccPaper=0.7762
[16:59:12] fold1 ep 014 tr=0.3363 va=0.6866 val_AccPaper=0.7692
[16:59:13] fold1 ep 015 tr=0.3206 va=0.6676 val_AccPaper=0.7622
[16:59:15] fold1 ep 016 tr=0.3179 va=0.6681 val_AccPaper=0.7867
[16:59:16] fold1 ep 017 tr=0.3123 va=0.6689 val_AccPaper=0.7797
[16:59:18] fold1 ep 018 tr=0.3116 va=0.6912 val_AccPaper=0.7587
[16:59:19] fold1 ep 019 tr=0.3031 va=0.6953 val_AccPaper=0.7587
[16:59:21] fold1 ep 020 tr=0.2977 va=0.6851 val_AccPaper=0.7762
[16:59:22] fold1 ep 021 tr=0.2902 va=0.6832 val_AccPaper=0.7727
[16:59:24] fold1 ep 022 tr=0.2886 va=0.6986 val_AccPaper=0.7622
[16:59:25] fold1 ep 023 tr=0.2778 va=0.7064 val_AccPaper=0.7727
[16:59:27] fold1 ep 024 tr=0.2853 va=0.7297 val_AccPaper=0.7692
[16:59:28] fold1 ep 025 tr=0.2793 va=0.7325 val_AccPaper=0.7587
[16:59:30] fold1 ep 026 tr=0.2771 va=0.7264 val_AccPaper=0.7378
[16:59:31] fold1 ep 027 tr=0.2669 va=0.7407 val_AccPaper=0.7517
[16:59:33] fold1 ep 028 tr=0.2758 va=0.7446 val_AccPaper=0.7622
[16:59:33]   early stop @ ep 28
[16:59:35] [S19] three fold2 ft_tr=18521 ft_va=4778 eval=23552
[16:59:37] fold2 ep 001 tr=0.7632 va=0.7777 val_AccPaper=0.7063
[16:59:38] fold2 ep 002 tr=0.5887 va=0.7076 val_AccPaper=0.7308
[16:59:40] fold2 ep 003 tr=0.5208 va=0.6760 val_AccPaper=0.7587
[16:59:41] fold2 ep 004 tr=0.4841 va=0.6606 val_AccPaper=0.7727
[16:59:43] fold2 ep 005 tr=0.4495 va=0.6377 val_AccPaper=0.7273
[16:59:45] fold2 ep 006 tr=0.4252 va=0.6360 val_AccPaper=0.7902
[16:59:46] fold2 ep 007 tr=0.3990 va=0.6600 val_AccPaper=0.7692
[16:59:48] fold2 ep 008 tr=0.3898 va=0.6492 val_AccPaper=0.7587
[16:59:49] fold2 ep 009 tr=0.3794 va=0.6620 val_AccPaper=0.7657
[16:59:51] fold2 ep 010 tr=0.3671 va=0.6573 val_AccPaper=0.7587
[16:59:53] fold2 ep 011 tr=0.3541 va=0.6613 val_AccPaper=0.7727
[16:59:54] fold2 ep 012 tr=0.3518 va=0.6672 val_AccPaper=0.7727
[16:59:56] fold2 ep 013 tr=0.3464 va=0.6480 val_AccPaper=0.7727
[16:59:58] fold2 ep 014 tr=0.3286 va=0.6594 val_AccPaper=0.7692
[16:59:59] fold2 ep 015 tr=0.3245 va=0.6470 val_AccPaper=0.7797
[17:00:01] fold2 ep 016 tr=0.3180 va=0.6514 val_AccPaper=0.7832
[17:00:02] fold2 ep 017 tr=0.3131 va=0.6643 val_AccPaper=0.7657
[17:00:04] fold2 ep 018 tr=0.3192 va=0.6310 val_AccPaper=0.7727
[17:00:05] fold2 ep 019 tr=0.3062 va=0.6479 val_AccPaper=0.7832
[17:00:07] fold2 ep 020 tr=0.2969 va=0.6582 val_AccPaper=0.7902
[17:00:09] fold2 ep 021 tr=0.2877 va=0.6575 val_AccPaper=0.7727
[17:00:10] fold2 ep 022 tr=0.2909 va=0.6505 val_AccPaper=0.7937
[17:00:12] fold2 ep 023 tr=0.2920 va=0.6603 val_AccPaper=0.7657
[17:00:13] fold2 ep 024 tr=0.2839 va=0.6850 val_AccPaper=0.7727
[17:00:15] fold2 ep 025 tr=0.2865 va=0.7089 val_AccPaper=0.7727
[17:00:17] fold2 ep 026 tr=0.2781 va=0.6920 val_AccPaper=0.7657
[17:00:18] fold2 ep 027 tr=0.2728 va=0.7040 val_AccPaper=0.7727
[17:00:20] fold2 ep 028 tr=0.2747 va=0.6738 val_AccPaper=0.7832
[17:00:22] fold2 ep 029 tr=0.2699 va=0.7012 val_AccPaper=0.7762
[17:00:23] fold2 ep 030 tr=0.2662 va=0.7107 val_AccPaper=0.7902
[17:00:25] fold2 ep 031 tr=0.2595 va=0.6871 val_AccPaper=0.7622
[17:00:26] fold2 ep 032 tr=0.2658 va=0.6914 val_AccPaper=0.7762
[17:00:28] fold2 ep 033 tr=0.2569 va=0.7056 val_AccPaper=0.8007
[17:00:29] fold2 ep 034 tr=0.2617 va=0.6908 val_AccPaper=0.7902
[17:00:31] fold2 ep 035 tr=0.2550 va=0.7133 val_AccPaper=0.7727
[17:00:33] fold2 ep 036 tr=0.2526 va=0.7229 val_AccPaper=0.7622
[17:00:34] fold2 ep 037 tr=0.2471 va=0.7171 val_AccPaper=0.7832
[17:00:36] fold2 ep 038 tr=0.2413 va=0.7069 val_AccPaper=0.7797
[17:00:37] fold2 ep 039 tr=0.2412 va=0.6886 val_AccPaper=0.7657
[17:00:39] fold2 ep 040 tr=0.2492 va=0.7308 val_AccPaper=0.7657
[17:00:40] fold2 ep 041 tr=0.2359 va=0.7128 val_AccPaper=0.7657
[17:00:42] fold2 ep 042 tr=0.2449 va=0.7507 val_AccPaper=0.7727
[17:00:43] fold2 ep 043 tr=0.2462 va=0.7116 val_AccPaper=0.7972
[17:00:45] fold2 ep 044 tr=0.2437 va=0.7607 val_AccPaper=0.7657
[17:00:46] fold2 ep 045 tr=0.2355 va=0.7331 val_AccPaper=0.7727
[17:00:48] fold2 ep 046 tr=0.2389 va=0.7474 val_AccPaper=0.7622
[17:00:49] fold2 ep 047 tr=0.2332 va=0.7543 val_AccPaper=0.7797
[17:00:51] fold2 ep 048 tr=0.2324 va=0.7375 val_AccPaper=0.7762
[17:00:52] fold2 ep 049 tr=0.2245 va=0.7425 val_AccPaper=0.7762
[17:00:54] fold2 ep 050 tr=0.2380 va=0.7646 val_AccPaper=0.7587
[17:00:55] fold2 ep 051 tr=0.2324 va=0.7694 val_AccPaper=0.7657
[17:00:57] fold2 ep 052 tr=0.2186 va=0.7455 val_AccPaper=0.7692
[17:00:58] fold2 ep 053 tr=0.2273 va=0.7982 val_AccPaper=0.7587
[17:00:58]   early stop @ ep 53
[17:01:01] [S19] three fold3 ft_tr=18521 ft_va=4778 eval=23552
[17:01:02] fold3 ep 001 tr=0.7392 va=0.7181 val_AccPaper=0.7273
[17:01:04] fold3 ep 002 tr=0.5725 va=0.6905 val_AccPaper=0.7552
[17:01:05] fold3 ep 003 tr=0.5052 va=0.6568 val_AccPaper=0.7483
[17:01:07] fold3 ep 004 tr=0.4660 va=0.6625 val_AccPaper=0.7517
[17:01:08] fold3 ep 005 tr=0.4414 va=0.6881 val_AccPaper=0.7552
[17:01:10] fold3 ep 006 tr=0.4169 va=0.6453 val_AccPaper=0.7657
[17:01:11] fold3 ep 007 tr=0.4056 va=0.6572 val_AccPaper=0.7797
[17:01:13] fold3 ep 008 tr=0.3862 va=0.6673 val_AccPaper=0.7483
[17:01:14] fold3 ep 009 tr=0.3817 va=0.6614 val_AccPaper=0.7797
[17:01:16] fold3 ep 010 tr=0.3698 va=0.6503 val_AccPaper=0.7622
[17:01:17] fold3 ep 011 tr=0.3508 va=0.6473 val_AccPaper=0.7692
[17:01:19] fold3 ep 012 tr=0.3529 va=0.6452 val_AccPaper=0.7762
[17:01:20] fold3 ep 013 tr=0.3285 va=0.6684 val_AccPaper=0.7727
[17:01:22] fold3 ep 014 tr=0.3340 va=0.6755 val_AccPaper=0.7552
[17:01:23] fold3 ep 015 tr=0.3240 va=0.6761 val_AccPaper=0.7622
[17:01:24] fold3 ep 016 tr=0.3105 va=0.6622 val_AccPaper=0.7797
[17:01:26] fold3 ep 017 tr=0.3090 va=0.6979 val_AccPaper=0.7587
[17:01:27] fold3 ep 018 tr=0.2980 va=0.7037 val_AccPaper=0.7622
[17:01:29] fold3 ep 019 tr=0.2994 va=0.6610 val_AccPaper=0.7937
[17:01:30] fold3 ep 020 tr=0.3007 va=0.6804 val_AccPaper=0.7657
[17:01:32] fold3 ep 021 tr=0.2889 va=0.7009 val_AccPaper=0.7483
[17:01:33] fold3 ep 022 tr=0.2953 va=0.6983 val_AccPaper=0.7517
[17:01:35] fold3 ep 023 tr=0.2823 va=0.7523 val_AccPaper=0.7587
[17:01:36] fold3 ep 024 tr=0.2778 va=0.7149 val_AccPaper=0.7657
[17:01:38] fold3 ep 025 tr=0.2792 va=0.7208 val_AccPaper=0.7517
[17:01:39] fold3 ep 026 tr=0.2812 va=0.7512 val_AccPaper=0.7692
[17:01:41] fold3 ep 027 tr=0.2736 va=0.7258 val_AccPaper=0.7552
[17:01:42] fold3 ep 028 tr=0.2617 va=0.6931 val_AccPaper=0.7692
[17:01:44] fold3 ep 029 tr=0.2621 va=0.7485 val_AccPaper=0.7727
[17:01:45] fold3 ep 030 tr=0.2648 va=0.7625 val_AccPaper=0.7273
[17:01:47] fold3 ep 031 tr=0.2651 va=0.7631 val_AccPaper=0.7483
[17:01:48] fold3 ep 032 tr=0.2532 va=0.7469 val_AccPaper=0.7448
[17:01:50] fold3 ep 033 tr=0.2473 va=0.7419 val_AccPaper=0.7657
[17:01:51] fold3 ep 034 tr=0.2545 va=0.7303 val_AccPaper=0.7692
[17:01:53] fold3 ep 035 tr=0.2426 va=0.7514 val_AccPaper=0.7587
[17:01:54] fold3 ep 036 tr=0.2514 va=0.7417 val_AccPaper=0.7552
[17:01:56] fold3 ep 037 tr=0.2452 va=0.7036 val_AccPaper=0.7587
[17:01:57] fold3 ep 038 tr=0.2477 va=0.7698 val_AccPaper=0.7517
[17:01:59] fold3 ep 039 tr=0.2526 va=0.7571 val_AccPaper=0.7587
[17:01:59]   early stop @ ep 39
[17:02:01] [S19] three fold4 ft_tr=18521 ft_va=4778 eval=23552
[17:02:03] fold4 ep 001 tr=0.7661 va=0.7997 val_AccPaper=0.6783
[17:02:04] fold4 ep 002 tr=0.5932 va=0.7303 val_AccPaper=0.7168
[17:02:06] fold4 ep 003 tr=0.5189 va=0.7064 val_AccPaper=0.7448
[17:02:07] fold4 ep 004 tr=0.4673 va=0.6794 val_AccPaper=0.7657
[17:02:08] fold4 ep 005 tr=0.4366 va=0.6706 val_AccPaper=0.7413
[17:02:10] fold4 ep 006 tr=0.4086 va=0.6645 val_AccPaper=0.7657
[17:02:11] fold4 ep 007 tr=0.3901 va=0.6785 val_AccPaper=0.7657
[17:02:13] fold4 ep 008 tr=0.3773 va=0.6704 val_AccPaper=0.7657
[17:02:14] fold4 ep 009 tr=0.3660 va=0.6695 val_AccPaper=0.7902
[17:02:16] fold4 ep 010 tr=0.3425 va=0.6606 val_AccPaper=0.7657
[17:02:17] fold4 ep 011 tr=0.3431 va=0.6744 val_AccPaper=0.7867
[17:02:19] fold4 ep 012 tr=0.3351 va=0.6644 val_AccPaper=0.7902
[17:02:20] fold4 ep 013 tr=0.3183 va=0.7034 val_AccPaper=0.7587
[17:02:22] fold4 ep 014 tr=0.3110 va=0.6832 val_AccPaper=0.7692
[17:02:23] fold4 ep 015 tr=0.3036 va=0.6962 val_AccPaper=0.7832
[17:02:25] fold4 ep 016 tr=0.2976 va=0.7232 val_AccPaper=0.7762
[17:02:26] fold4 ep 017 tr=0.2970 va=0.7204 val_AccPaper=0.7762
[17:02:28] fold4 ep 018 tr=0.2849 va=0.7150 val_AccPaper=0.7552
[17:02:29] fold4 ep 019 tr=0.2835 va=0.7215 val_AccPaper=0.7902
[17:02:31] fold4 ep 020 tr=0.2798 va=0.7414 val_AccPaper=0.7797
[17:02:32] fold4 ep 021 tr=0.2694 va=0.7100 val_AccPaper=0.7692
[17:02:34] fold4 ep 022 tr=0.2679 va=0.7456 val_AccPaper=0.7657
[17:02:35] fold4 ep 023 tr=0.2633 va=0.7425 val_AccPaper=0.7692
[17:02:37] fold4 ep 024 tr=0.2686 va=0.7507 val_AccPaper=0.7762
[17:02:38] fold4 ep 025 tr=0.2621 va=0.7674 val_AccPaper=0.7727
[17:02:40] fold4 ep 026 tr=0.2491 va=0.7805 val_AccPaper=0.7692
[17:02:41] fold4 ep 027 tr=0.2609 va=0.7633 val_AccPaper=0.7517
[17:02:43] fold4 ep 028 tr=0.2521 va=0.7632 val_AccPaper=0.7832
[17:02:44] fold4 ep 029 tr=0.2445 va=0.7613 val_AccPaper=0.7657
[17:02:44]   early stop @ ep 29
[17:02:48] === S2 cues=1508 train=754 eval=754 ===
[17:02:49] [S2] task fold0 ft_tr=20105 ft_va=5042 eval=24553
[17:02:51] fold0 ep 001 tr=0.3789 va=0.3604 val_AccPaper=0.8444
[17:02:53] fold0 ep 002 tr=0.2784 va=0.3537 val_AccPaper=0.8377
[17:02:54] fold0 ep 003 tr=0.2452 va=0.3448 val_AccPaper=0.8477
[17:02:56] fold0 ep 004 tr=0.2296 va=0.3282 val_AccPaper=0.8477
[17:02:58] fold0 ep 005 tr=0.2171 va=0.3233 val_AccPaper=0.8543
[17:02:59] fold0 ep 006 tr=0.1983 va=0.3283 val_AccPaper=0.8444
[17:03:01] fold0 ep 007 tr=0.1902 va=0.3310 val_AccPaper=0.8609
[17:03:03] fold0 ep 008 tr=0.1813 va=0.3679 val_AccPaper=0.8609
[17:03:04] fold0 ep 009 tr=0.1778 va=0.3417 val_AccPaper=0.8642
[17:03:06] fold0 ep 010 tr=0.1704 va=0.3348 val_AccPaper=0.8543
[17:03:07] fold0 ep 011 tr=0.1640 va=0.3317 val_AccPaper=0.8609
[17:03:09] fold0 ep 012 tr=0.1538 va=0.3298 val_AccPaper=0.8609
[17:03:11] fold0 ep 013 tr=0.1502 va=0.3472 val_AccPaper=0.8675
[17:03:12] fold0 ep 014 tr=0.1453 va=0.3481 val_AccPaper=0.8477
[17:03:14] fold0 ep 015 tr=0.1431 va=0.3545 val_AccPaper=0.8675
[17:03:16] fold0 ep 016 tr=0.1408 va=0.3431 val_AccPaper=0.8742
[17:03:17] fold0 ep 017 tr=0.1355 va=0.3551 val_AccPaper=0.8543
[17:03:19] fold0 ep 018 tr=0.1291 va=0.3429 val_AccPaper=0.8609
[17:03:20] fold0 ep 019 tr=0.1376 va=0.3712 val_AccPaper=0.8609
[17:03:22] fold0 ep 020 tr=0.1322 va=0.3621 val_AccPaper=0.8477
[17:03:24] fold0 ep 021 tr=0.1245 va=0.3814 val_AccPaper=0.8543
[17:03:25] fold0 ep 022 tr=0.1242 va=0.3736 val_AccPaper=0.8609
[17:03:27] fold0 ep 023 tr=0.1319 va=0.3815 val_AccPaper=0.8642
[17:03:28] fold0 ep 024 tr=0.1226 va=0.4069 val_AccPaper=0.8543
[17:03:30] fold0 ep 025 tr=0.1247 va=0.3575 val_AccPaper=0.8709
[17:03:32] fold0 ep 026 tr=0.1198 va=0.3785 val_AccPaper=0.8576
[17:03:33] fold0 ep 027 tr=0.1212 va=0.3840 val_AccPaper=0.8543
[17:03:35] fold0 ep 028 tr=0.1106 va=0.4071 val_AccPaper=0.8675
[17:03:36] fold0 ep 029 tr=0.1123 va=0.3831 val_AccPaper=0.8642
[17:03:38] fold0 ep 030 tr=0.1124 va=0.3931 val_AccPaper=0.8609
[17:03:40] fold0 ep 031 tr=0.1103 va=0.3897 val_AccPaper=0.8675
[17:03:41] fold0 ep 032 tr=0.1086 va=0.3749 val_AccPaper=0.8709
[17:03:43] fold0 ep 033 tr=0.1104 va=0.4043 val_AccPaper=0.8742
[17:03:45] fold0 ep 034 tr=0.1093 va=0.4144 val_AccPaper=0.8576
[17:03:46] fold0 ep 035 tr=0.1067 va=0.4121 val_AccPaper=0.8642
[17:03:48] fold0 ep 036 tr=0.1085 va=0.4110 val_AccPaper=0.8543
[17:03:48]   early stop @ ep 36
[17:03:51] [S2] task fold1 ft_tr=20105 ft_va=5042 eval=24553
[17:03:52] fold1 ep 001 tr=0.3939 va=0.3231 val_AccPaper=0.8377
[17:03:54] fold1 ep 002 tr=0.2833 va=0.3092 val_AccPaper=0.8609
[17:03:55] fold1 ep 003 tr=0.2406 va=0.3166 val_AccPaper=0.8576
[17:03:57] fold1 ep 004 tr=0.2271 va=0.3048 val_AccPaper=0.8543
[17:03:59] fold1 ep 005 tr=0.2070 va=0.3133 val_AccPaper=0.8576
[17:04:00] fold1 ep 006 tr=0.1966 va=0.3124 val_AccPaper=0.8609
[17:04:02] fold1 ep 007 tr=0.1890 va=0.3350 val_AccPaper=0.8675
[17:04:03] fold1 ep 008 tr=0.1831 va=0.3027 val_AccPaper=0.8841
[17:04:05] fold1 ep 009 tr=0.1718 va=0.3384 val_AccPaper=0.8444
[17:04:07] fold1 ep 010 tr=0.1655 va=0.3278 val_AccPaper=0.8742
[17:04:08] fold1 ep 011 tr=0.1643 va=0.3406 val_AccPaper=0.8742
[17:04:10] fold1 ep 012 tr=0.1630 va=0.3254 val_AccPaper=0.8775
[17:04:12] fold1 ep 013 tr=0.1494 va=0.3563 val_AccPaper=0.8444
[17:04:13] fold1 ep 014 tr=0.1521 va=0.3470 val_AccPaper=0.8609
[17:04:15] fold1 ep 015 tr=0.1420 va=0.3751 val_AccPaper=0.8609
[17:04:16] fold1 ep 016 tr=0.1449 va=0.3573 val_AccPaper=0.8576
[17:04:18] fold1 ep 017 tr=0.1441 va=0.3568 val_AccPaper=0.8576
[17:04:20] fold1 ep 018 tr=0.1445 va=0.3571 val_AccPaper=0.8576
[17:04:21] fold1 ep 019 tr=0.1356 va=0.3679 val_AccPaper=0.8576
[17:04:23] fold1 ep 020 tr=0.1356 va=0.3752 val_AccPaper=0.8609
[17:04:24] fold1 ep 021 tr=0.1317 va=0.3895 val_AccPaper=0.8543
[17:04:26] fold1 ep 022 tr=0.1273 va=0.3885 val_AccPaper=0.8642
[17:04:28] fold1 ep 023 tr=0.1266 va=0.3985 val_AccPaper=0.8609
[17:04:29] fold1 ep 024 tr=0.1247 va=0.3731 val_AccPaper=0.8675
[17:04:31] fold1 ep 025 tr=0.1259 va=0.4144 val_AccPaper=0.8642
[17:04:32] fold1 ep 026 tr=0.1210 va=0.3808 val_AccPaper=0.8642
[17:04:34] fold1 ep 027 tr=0.1174 va=0.4219 val_AccPaper=0.8344
[17:04:36] fold1 ep 028 tr=0.1223 va=0.3898 val_AccPaper=0.8609
[17:04:36]   early stop @ ep 28
[17:04:38] [S2] task fold2 ft_tr=20105 ft_va=5042 eval=24553
[17:04:40] fold2 ep 001 tr=0.3868 va=0.3259 val_AccPaper=0.8510
[17:04:41] fold2 ep 002 tr=0.2737 va=0.3250 val_AccPaper=0.8709
[17:04:43] fold2 ep 003 tr=0.2412 va=0.3100 val_AccPaper=0.8576
[17:04:44] fold2 ep 004 tr=0.2190 va=0.3075 val_AccPaper=0.8576
[17:04:46] fold2 ep 005 tr=0.2081 va=0.3040 val_AccPaper=0.8675
[17:04:48] fold2 ep 006 tr=0.1919 va=0.3044 val_AccPaper=0.8709
[17:04:49] fold2 ep 007 tr=0.1899 va=0.3050 val_AccPaper=0.8742
[17:04:51] fold2 ep 008 tr=0.1778 va=0.3172 val_AccPaper=0.8609
[17:04:52] fold2 ep 009 tr=0.1712 va=0.3333 val_AccPaper=0.8609
[17:04:54] fold2 ep 010 tr=0.1682 va=0.3297 val_AccPaper=0.8642
[17:04:56] fold2 ep 011 tr=0.1596 va=0.3203 val_AccPaper=0.8808
[17:04:57] fold2 ep 012 tr=0.1560 va=0.3357 val_AccPaper=0.8874
[17:04:59] fold2 ep 013 tr=0.1459 va=0.3246 val_AccPaper=0.8742
[17:05:00] fold2 ep 014 tr=0.1456 va=0.3289 val_AccPaper=0.8709
[17:05:02] fold2 ep 015 tr=0.1411 va=0.3519 val_AccPaper=0.8642
[17:05:04] fold2 ep 016 tr=0.1387 va=0.3638 val_AccPaper=0.8742
[17:05:05] fold2 ep 017 tr=0.1325 va=0.3487 val_AccPaper=0.8808
[17:05:07] fold2 ep 018 tr=0.1303 va=0.3642 val_AccPaper=0.8675
[17:05:08] fold2 ep 019 tr=0.1331 va=0.3464 val_AccPaper=0.8675
[17:05:10] fold2 ep 020 tr=0.1310 va=0.3611 val_AccPaper=0.8775
[17:05:12] fold2 ep 021 tr=0.1296 va=0.3770 val_AccPaper=0.8576
[17:05:13] fold2 ep 022 tr=0.1274 va=0.3772 val_AccPaper=0.8874
[17:05:15] fold2 ep 023 tr=0.1178 va=0.3646 val_AccPaper=0.8675
[17:05:17] fold2 ep 024 tr=0.1220 va=0.3889 val_AccPaper=0.8775
[17:05:18] fold2 ep 025 tr=0.1201 va=0.4042 val_AccPaper=0.8742
[17:05:20] fold2 ep 026 tr=0.1199 va=0.3974 val_AccPaper=0.8642
[17:05:21] fold2 ep 027 tr=0.1150 va=0.3922 val_AccPaper=0.8675
[17:05:23] fold2 ep 028 tr=0.1161 va=0.4254 val_AccPaper=0.8709
[17:05:25] fold2 ep 029 tr=0.1174 va=0.3971 val_AccPaper=0.8642
[17:05:26] fold2 ep 030 tr=0.1073 va=0.3989 val_AccPaper=0.8808
[17:05:28] fold2 ep 031 tr=0.1158 va=0.4263 val_AccPaper=0.8576
[17:05:29] fold2 ep 032 tr=0.1104 va=0.4046 val_AccPaper=0.8742
[17:05:29]   early stop @ ep 32
[17:05:32] [S2] task fold3 ft_tr=20105 ft_va=5042 eval=24553
[17:05:34] fold3 ep 001 tr=0.3806 va=0.3256 val_AccPaper=0.8411
[17:05:35] fold3 ep 002 tr=0.2781 va=0.3171 val_AccPaper=0.8543
[17:05:37] fold3 ep 003 tr=0.2444 va=0.3213 val_AccPaper=0.8576
[17:05:39] fold3 ep 004 tr=0.2252 va=0.3450 val_AccPaper=0.8477
[17:05:40] fold3 ep 005 tr=0.2117 va=0.3406 val_AccPaper=0.8543
[17:05:42] fold3 ep 006 tr=0.1979 va=0.3495 val_AccPaper=0.8477
[17:05:44] fold3 ep 007 tr=0.1872 va=0.3605 val_AccPaper=0.8543
[17:05:46] fold3 ep 008 tr=0.1839 va=0.3669 val_AccPaper=0.8444
[17:05:48] fold3 ep 009 tr=0.1746 va=0.3380 val_AccPaper=0.8510
[17:05:49] fold3 ep 010 tr=0.1694 va=0.3647 val_AccPaper=0.8642
[17:05:51] fold3 ep 011 tr=0.1687 va=0.3453 val_AccPaper=0.8477
[17:05:52] fold3 ep 012 tr=0.1612 va=0.3677 val_AccPaper=0.8543
[17:05:54] fold3 ep 013 tr=0.1560 va=0.3634 val_AccPaper=0.8642
[17:05:56] fold3 ep 014 tr=0.1561 va=0.3682 val_AccPaper=0.8543
[17:05:57] fold3 ep 015 tr=0.1552 va=0.3587 val_AccPaper=0.8775
[17:05:59] fold3 ep 016 tr=0.1443 va=0.3617 val_AccPaper=0.8642
[17:06:01] fold3 ep 017 tr=0.1414 va=0.3716 val_AccPaper=0.8543
[17:06:02] fold3 ep 018 tr=0.1409 va=0.3684 val_AccPaper=0.8642
[17:06:04] fold3 ep 019 tr=0.1386 va=0.3507 val_AccPaper=0.8808
[17:06:06] fold3 ep 020 tr=0.1332 va=0.3701 val_AccPaper=0.8642
[17:06:07] fold3 ep 021 tr=0.1361 va=0.3896 val_AccPaper=0.8576
[17:06:09] fold3 ep 022 tr=0.1369 va=0.3821 val_AccPaper=0.8742
[17:06:11] fold3 ep 023 tr=0.1282 va=0.3801 val_AccPaper=0.8576
[17:06:12] fold3 ep 024 tr=0.1320 va=0.3737 val_AccPaper=0.8675
[17:06:14] fold3 ep 025 tr=0.1235 va=0.3865 val_AccPaper=0.8543
[17:06:16] fold3 ep 026 tr=0.1281 va=0.3800 val_AccPaper=0.8609
[17:06:18] fold3 ep 027 tr=0.1232 va=0.4252 val_AccPaper=0.8609
[17:06:19] fold3 ep 028 tr=0.1196 va=0.4072 val_AccPaper=0.8576
[17:06:21] fold3 ep 029 tr=0.1216 va=0.4114 val_AccPaper=0.8642
[17:06:23] fold3 ep 030 tr=0.1189 va=0.4070 val_AccPaper=0.8675
[17:06:25] fold3 ep 031 tr=0.1219 va=0.3986 val_AccPaper=0.8642
[17:06:26] fold3 ep 032 tr=0.1190 va=0.4141 val_AccPaper=0.8675
[17:06:28] fold3 ep 033 tr=0.1175 va=0.3971 val_AccPaper=0.8642
[17:06:30] fold3 ep 034 tr=0.1105 va=0.4022 val_AccPaper=0.8874
[17:06:31] fold3 ep 035 tr=0.1128 va=0.3869 val_AccPaper=0.8709
[17:06:33] fold3 ep 036 tr=0.1148 va=0.3999 val_AccPaper=0.8709
[17:06:34] fold3 ep 037 tr=0.1144 va=0.4002 val_AccPaper=0.8709
[17:06:36] fold3 ep 038 tr=0.1141 va=0.4068 val_AccPaper=0.8510
[17:06:38] fold3 ep 039 tr=0.1086 va=0.4188 val_AccPaper=0.8609
[17:06:39] fold3 ep 040 tr=0.1086 va=0.4131 val_AccPaper=0.8609
[17:06:41] fold3 ep 041 tr=0.1071 va=0.4069 val_AccPaper=0.8675
[17:06:43] fold3 ep 042 tr=0.1082 va=0.4095 val_AccPaper=0.8609
[17:06:44] fold3 ep 043 tr=0.1098 va=0.4204 val_AccPaper=0.8510
[17:06:46] fold3 ep 044 tr=0.1045 va=0.4366 val_AccPaper=0.8609
[17:06:47] fold3 ep 045 tr=0.1050 va=0.4391 val_AccPaper=0.8675
[17:06:49] fold3 ep 046 tr=0.1044 va=0.4325 val_AccPaper=0.8742
[17:06:51] fold3 ep 047 tr=0.1007 va=0.4125 val_AccPaper=0.8775
[17:06:52] fold3 ep 048 tr=0.1061 va=0.4399 val_AccPaper=0.8808
[17:06:54] fold3 ep 049 tr=0.0999 va=0.4252 val_AccPaper=0.8642
[17:06:56] fold3 ep 050 tr=0.0977 va=0.4090 val_AccPaper=0.8609
[17:06:57] fold3 ep 051 tr=0.1030 va=0.3961 val_AccPaper=0.8675
[17:06:59] fold3 ep 052 tr=0.0980 va=0.4307 val_AccPaper=0.8675
[17:07:00] fold3 ep 053 tr=0.0978 va=0.4259 val_AccPaper=0.8742
[17:07:02] fold3 ep 054 tr=0.1018 va=0.4233 val_AccPaper=0.8609
[17:07:02]   early stop @ ep 54
[17:07:04] [S2] task fold4 ft_tr=20105 ft_va=5042 eval=24553
[17:07:06] fold4 ep 001 tr=0.3739 va=0.3220 val_AccPaper=0.8411
[17:07:08] fold4 ep 002 tr=0.2768 va=0.3057 val_AccPaper=0.8543
[17:07:09] fold4 ep 003 tr=0.2425 va=0.3302 val_AccPaper=0.8709
[17:07:11] fold4 ep 004 tr=0.2260 va=0.3253 val_AccPaper=0.8543
[17:07:12] fold4 ep 005 tr=0.2076 va=0.3328 val_AccPaper=0.8609
[17:07:14] fold4 ep 006 tr=0.1919 va=0.3280 val_AccPaper=0.8510
[17:07:16] fold4 ep 007 tr=0.1827 va=0.3699 val_AccPaper=0.8311
[17:07:17] fold4 ep 008 tr=0.1829 va=0.3320 val_AccPaper=0.8543
[17:07:19] fold4 ep 009 tr=0.1701 va=0.3450 val_AccPaper=0.8510
[17:07:20] fold4 ep 010 tr=0.1698 va=0.3319 val_AccPaper=0.8576
[17:07:22] fold4 ep 011 tr=0.1649 va=0.3460 val_AccPaper=0.8576
[17:07:24] fold4 ep 012 tr=0.1606 va=0.3480 val_AccPaper=0.8543
[17:07:25] fold4 ep 013 tr=0.1598 va=0.3464 val_AccPaper=0.8477
[17:07:27] fold4 ep 014 tr=0.1472 va=0.3439 val_AccPaper=0.8742
[17:07:28] fold4 ep 015 tr=0.1455 va=0.3518 val_AccPaper=0.8377
[17:07:30] fold4 ep 016 tr=0.1362 va=0.3846 val_AccPaper=0.8609
[17:07:32] fold4 ep 017 tr=0.1404 va=0.3821 val_AccPaper=0.8543
[17:07:33] fold4 ep 018 tr=0.1367 va=0.3766 val_AccPaper=0.8609
[17:07:35] fold4 ep 019 tr=0.1305 va=0.3735 val_AccPaper=0.8742
[17:07:36] fold4 ep 020 tr=0.1389 va=0.3631 val_AccPaper=0.8609
[17:07:38] fold4 ep 021 tr=0.1311 va=0.3609 val_AccPaper=0.8543
[17:07:40] fold4 ep 022 tr=0.1299 va=0.3648 val_AccPaper=0.8609
[17:07:41] fold4 ep 023 tr=0.1265 va=0.3906 val_AccPaper=0.8609
[17:07:43] fold4 ep 024 tr=0.1290 va=0.3609 val_AccPaper=0.8576
[17:07:44] fold4 ep 025 tr=0.1246 va=0.3637 val_AccPaper=0.8709
[17:07:46] fold4 ep 026 tr=0.1250 va=0.3749 val_AccPaper=0.8642
[17:07:48] fold4 ep 027 tr=0.1204 va=0.3716 val_AccPaper=0.8609
[17:07:49] fold4 ep 028 tr=0.1217 va=0.3878 val_AccPaper=0.8510
[17:07:51] fold4 ep 029 tr=0.1162 va=0.4132 val_AccPaper=0.8609
[17:07:52] fold4 ep 030 tr=0.1201 va=0.4022 val_AccPaper=0.8675
[17:07:54] fold4 ep 031 tr=0.1173 va=0.3882 val_AccPaper=0.8543
[17:07:56] fold4 ep 032 tr=0.1205 va=0.4061 val_AccPaper=0.8444
[17:07:57] fold4 ep 033 tr=0.1176 va=0.3920 val_AccPaper=0.8510
[17:07:59] fold4 ep 034 tr=0.1163 va=0.4048 val_AccPaper=0.8609
[17:07:59]   early stop @ ep 34
[17:08:01] [S2] three fold0 ft_tr=20105 ft_va=5042 eval=24553
[17:08:03] fold0 ep 001 tr=0.6761 va=0.6582 val_AccPaper=0.7450
[17:08:05] fold0 ep 002 tr=0.5300 va=0.6168 val_AccPaper=0.7848
[17:08:06] fold0 ep 003 tr=0.4774 va=0.6071 val_AccPaper=0.7682
[17:08:08] fold0 ep 004 tr=0.4383 va=0.5977 val_AccPaper=0.7715
[17:08:09] fold0 ep 005 tr=0.4059 va=0.5788 val_AccPaper=0.7947
[17:08:11] fold0 ep 006 tr=0.3825 va=0.5956 val_AccPaper=0.7815
[17:08:13] fold0 ep 007 tr=0.3644 va=0.5932 val_AccPaper=0.7848
[17:08:14] fold0 ep 008 tr=0.3546 va=0.5947 val_AccPaper=0.7715
[17:08:16] fold0 ep 009 tr=0.3434 va=0.5775 val_AccPaper=0.7748
[17:08:17] fold0 ep 010 tr=0.3276 va=0.5957 val_AccPaper=0.7682
[17:08:19] fold0 ep 011 tr=0.3227 va=0.6389 val_AccPaper=0.7649
[17:08:21] fold0 ep 012 tr=0.3065 va=0.6112 val_AccPaper=0.7947
[17:08:22] fold0 ep 013 tr=0.3013 va=0.5991 val_AccPaper=0.7848
[17:08:24] fold0 ep 014 tr=0.2889 va=0.6047 val_AccPaper=0.7848
[17:08:25] fold0 ep 015 tr=0.2785 va=0.6271 val_AccPaper=0.7715
[17:08:27] fold0 ep 016 tr=0.2829 va=0.6206 val_AccPaper=0.7980
[17:08:29] fold0 ep 017 tr=0.2792 va=0.6304 val_AccPaper=0.7781
[17:08:30] fold0 ep 018 tr=0.2772 va=0.6544 val_AccPaper=0.7781
[17:08:32] fold0 ep 019 tr=0.2639 va=0.6666 val_AccPaper=0.7781
[17:08:33] fold0 ep 020 tr=0.2626 va=0.6613 val_AccPaper=0.7517
[17:08:35] fold0 ep 021 tr=0.2598 va=0.6659 val_AccPaper=0.7748
[17:08:37] fold0 ep 022 tr=0.2549 va=0.6583 val_AccPaper=0.7947
[17:08:38] fold0 ep 023 tr=0.2470 va=0.6620 val_AccPaper=0.7748
[17:08:40] fold0 ep 024 tr=0.2434 va=0.6665 val_AccPaper=0.7682
[17:08:41] fold0 ep 025 tr=0.2395 va=0.7152 val_AccPaper=0.7914
[17:08:43] fold0 ep 026 tr=0.2429 va=0.6817 val_AccPaper=0.7748
[17:08:45] fold0 ep 027 tr=0.2339 va=0.6596 val_AccPaper=0.7815
[17:08:46] fold0 ep 028 tr=0.2335 va=0.6933 val_AccPaper=0.7715
[17:08:48] fold0 ep 029 tr=0.2373 va=0.6938 val_AccPaper=0.7980
[17:08:49] fold0 ep 030 tr=0.2321 va=0.6988 val_AccPaper=0.7815
[17:08:51] fold0 ep 031 tr=0.2227 va=0.6819 val_AccPaper=0.7815
[17:08:53] fold0 ep 032 tr=0.2171 va=0.7279 val_AccPaper=0.7748
[17:08:54] fold0 ep 033 tr=0.2252 va=0.7222 val_AccPaper=0.7682
[17:08:56] fold0 ep 034 tr=0.2187 va=0.7566 val_AccPaper=0.7682
[17:08:57] fold0 ep 035 tr=0.2180 va=0.7048 val_AccPaper=0.7748
[17:08:59] fold0 ep 036 tr=0.2162 va=0.7409 val_AccPaper=0.7583
[17:08:59]   early stop @ ep 36
[17:09:01] [S2] three fold1 ft_tr=20105 ft_va=5042 eval=24553
[17:09:03] fold1 ep 001 tr=0.7212 va=0.6893 val_AccPaper=0.7119
[17:09:05] fold1 ep 002 tr=0.5572 va=0.6492 val_AccPaper=0.7616
[17:09:06] fold1 ep 003 tr=0.4909 va=0.6436 val_AccPaper=0.7483
[17:09:08] fold1 ep 004 tr=0.4544 va=0.6257 val_AccPaper=0.7417
[17:09:10] fold1 ep 005 tr=0.4129 va=0.6114 val_AccPaper=0.7715
[17:09:11] fold1 ep 006 tr=0.3992 va=0.6268 val_AccPaper=0.7517
[17:09:13] fold1 ep 007 tr=0.3698 va=0.6254 val_AccPaper=0.7947
[17:09:14] fold1 ep 008 tr=0.3453 va=0.6040 val_AccPaper=0.7881
[17:09:16] fold1 ep 009 tr=0.3457 va=0.6264 val_AccPaper=0.7748
[17:09:18] fold1 ep 010 tr=0.3303 va=0.6235 val_AccPaper=0.8046
[17:09:19] fold1 ep 011 tr=0.3217 va=0.6494 val_AccPaper=0.7881
[17:09:21] fold1 ep 012 tr=0.3084 va=0.6068 val_AccPaper=0.7947
[17:09:22] fold1 ep 013 tr=0.3065 va=0.6096 val_AccPaper=0.7980
[17:09:24] fold1 ep 014 tr=0.2985 va=0.6325 val_AccPaper=0.7914
[17:09:26] fold1 ep 015 tr=0.2924 va=0.6484 val_AccPaper=0.7947
[17:09:27] fold1 ep 016 tr=0.2905 va=0.6494 val_AccPaper=0.7980
[17:09:29] fold1 ep 017 tr=0.2856 va=0.6773 val_AccPaper=0.7649
[17:09:30] fold1 ep 018 tr=0.2767 va=0.6578 val_AccPaper=0.7715
[17:09:32] fold1 ep 019 tr=0.2789 va=0.6581 val_AccPaper=0.7815
[17:09:34] fold1 ep 020 tr=0.2690 va=0.6499 val_AccPaper=0.7649
[17:09:35] fold1 ep 021 tr=0.2741 va=0.6770 val_AccPaper=0.8046
[17:09:37] fold1 ep 022 tr=0.2614 va=0.6684 val_AccPaper=0.7947
[17:09:39] fold1 ep 023 tr=0.2661 va=0.6681 val_AccPaper=0.7781
[17:09:40] fold1 ep 024 tr=0.2588 va=0.6525 val_AccPaper=0.8146
[17:09:42] fold1 ep 025 tr=0.2566 va=0.6790 val_AccPaper=0.7914
[17:09:43] fold1 ep 026 tr=0.2511 va=0.6891 val_AccPaper=0.8113
[17:09:45] fold1 ep 027 tr=0.2511 va=0.6869 val_AccPaper=0.7914
[17:09:47] fold1 ep 028 tr=0.2509 va=0.6754 val_AccPaper=0.8013
[17:09:48] fold1 ep 029 tr=0.2434 va=0.6897 val_AccPaper=0.7947
[17:09:50] fold1 ep 030 tr=0.2352 va=0.7065 val_AccPaper=0.7980
[17:09:51] fold1 ep 031 tr=0.2442 va=0.6850 val_AccPaper=0.7980
[17:09:53] fold1 ep 032 tr=0.2381 va=0.6862 val_AccPaper=0.7947
[17:09:55] fold1 ep 033 tr=0.2342 va=0.7306 val_AccPaper=0.7881
[17:09:56] fold1 ep 034 tr=0.2364 va=0.7115 val_AccPaper=0.8046
[17:09:58] fold1 ep 035 tr=0.2343 va=0.7335 val_AccPaper=0.7881
[17:09:59] fold1 ep 036 tr=0.2314 va=0.7253 val_AccPaper=0.7914
[17:10:01] fold1 ep 037 tr=0.2227 va=0.7065 val_AccPaper=0.8046
[17:10:03] fold1 ep 038 tr=0.2223 va=0.7298 val_AccPaper=0.8013
[17:10:04] fold1 ep 039 tr=0.2237 va=0.7294 val_AccPaper=0.7947
[17:10:06] fold1 ep 040 tr=0.2296 va=0.7308 val_AccPaper=0.7881
[17:10:07] fold1 ep 041 tr=0.2191 va=0.7212 val_AccPaper=0.8013
[17:10:09] fold1 ep 042 tr=0.2225 va=0.7502 val_AccPaper=0.8013
[17:10:11] fold1 ep 043 tr=0.2183 va=0.7369 val_AccPaper=0.8013
[17:10:12] fold1 ep 044 tr=0.2164 va=0.7450 val_AccPaper=0.7881
[17:10:12]   early stop @ ep 44
[17:10:15] [S2] three fold2 ft_tr=20105 ft_va=5042 eval=24553
[17:10:16] fold2 ep 001 tr=0.6829 va=0.6860 val_AccPaper=0.7219
[17:10:18] fold2 ep 002 tr=0.5367 va=0.6395 val_AccPaper=0.7417
[17:10:20] fold2 ep 003 tr=0.4736 va=0.6192 val_AccPaper=0.7848
[17:10:21] fold2 ep 004 tr=0.4372 va=0.6178 val_AccPaper=0.7550
[17:10:23] fold2 ep 005 tr=0.4056 va=0.5999 val_AccPaper=0.7848
[17:10:25] fold2 ep 006 tr=0.3961 va=0.6012 val_AccPaper=0.7781
[17:10:26] fold2 ep 007 tr=0.3656 va=0.5986 val_AccPaper=0.7914
[17:10:28] fold2 ep 008 tr=0.3565 va=0.5963 val_AccPaper=0.7748
[17:10:29] fold2 ep 009 tr=0.3449 va=0.6028 val_AccPaper=0.8113
[17:10:31] fold2 ep 010 tr=0.3264 va=0.5970 val_AccPaper=0.7914
[17:10:33] fold2 ep 011 tr=0.3250 va=0.6366 val_AccPaper=0.7616
[17:10:34] fold2 ep 012 tr=0.3153 va=0.6380 val_AccPaper=0.7848
[17:10:36] fold2 ep 013 tr=0.2965 va=0.6262 val_AccPaper=0.7914
[17:10:38] fold2 ep 014 tr=0.2881 va=0.6427 val_AccPaper=0.7781
[17:10:39] fold2 ep 015 tr=0.2843 va=0.6295 val_AccPaper=0.8046
[17:10:41] fold2 ep 016 tr=0.2901 va=0.6474 val_AccPaper=0.7781
[17:10:42] fold2 ep 017 tr=0.2800 va=0.6712 val_AccPaper=0.7980
[17:10:44] fold2 ep 018 tr=0.2740 va=0.6802 val_AccPaper=0.7947
[17:10:46] fold2 ep 019 tr=0.2763 va=0.6604 val_AccPaper=0.7980
[17:10:47] fold2 ep 020 tr=0.2711 va=0.6579 val_AccPaper=0.7881
[17:10:49] fold2 ep 021 tr=0.2653 va=0.6744 val_AccPaper=0.7881
[17:10:51] fold2 ep 022 tr=0.2604 va=0.6753 val_AccPaper=0.7848
[17:10:52] fold2 ep 023 tr=0.2470 va=0.6524 val_AccPaper=0.7914
[17:10:54] fold2 ep 024 tr=0.2540 va=0.6558 val_AccPaper=0.7848
[17:10:55] fold2 ep 025 tr=0.2515 va=0.7456 val_AccPaper=0.7748
[17:10:57] fold2 ep 026 tr=0.2574 va=0.7136 val_AccPaper=0.7815
[17:10:59] fold2 ep 027 tr=0.2490 va=0.6980 val_AccPaper=0.7947
[17:11:00] fold2 ep 028 tr=0.2436 va=0.6792 val_AccPaper=0.7881
[17:11:02] fold2 ep 029 tr=0.2423 va=0.7439 val_AccPaper=0.7980
[17:11:02]   early stop @ ep 29
[17:11:04] [S2] three fold3 ft_tr=20105 ft_va=5042 eval=24553
[17:11:06] fold3 ep 001 tr=0.7077 va=0.6947 val_AccPaper=0.7152
[17:11:08] fold3 ep 002 tr=0.5419 va=0.6439 val_AccPaper=0.7483
[17:11:09] fold3 ep 003 tr=0.4820 va=0.6154 val_AccPaper=0.7848
[17:11:11] fold3 ep 004 tr=0.4430 va=0.5956 val_AccPaper=0.7682
[17:11:13] fold3 ep 005 tr=0.4107 va=0.6122 val_AccPaper=0.7550
[17:11:14] fold3 ep 006 tr=0.3857 va=0.6086 val_AccPaper=0.7649
[17:11:16] fold3 ep 007 tr=0.3726 va=0.6153 val_AccPaper=0.7748
[17:11:17] fold3 ep 008 tr=0.3556 va=0.5956 val_AccPaper=0.7781
[17:11:19] fold3 ep 009 tr=0.3526 va=0.6152 val_AccPaper=0.7748
[17:11:21] fold3 ep 010 tr=0.3278 va=0.6511 val_AccPaper=0.7781
[17:11:22] fold3 ep 011 tr=0.3151 va=0.6327 val_AccPaper=0.7616
[17:11:24] fold3 ep 012 tr=0.3106 va=0.6188 val_AccPaper=0.7815
[17:11:26] fold3 ep 013 tr=0.3131 va=0.6637 val_AccPaper=0.7649
[17:11:27] fold3 ep 014 tr=0.3091 va=0.6480 val_AccPaper=0.7517
[17:11:29] fold3 ep 015 tr=0.2933 va=0.6637 val_AccPaper=0.7848
[17:11:31] fold3 ep 016 tr=0.2857 va=0.6710 val_AccPaper=0.7748
[17:11:32] fold3 ep 017 tr=0.2801 va=0.6694 val_AccPaper=0.7649
[17:11:34] fold3 ep 018 tr=0.2734 va=0.6829 val_AccPaper=0.7682
[17:11:36] fold3 ep 019 tr=0.2790 va=0.6984 val_AccPaper=0.7815
[17:11:37] fold3 ep 020 tr=0.2614 va=0.6798 val_AccPaper=0.7748
[17:11:39] fold3 ep 021 tr=0.2605 va=0.7076 val_AccPaper=0.7748
[17:11:41] fold3 ep 022 tr=0.2585 va=0.7185 val_AccPaper=0.7583
[17:11:42] fold3 ep 023 tr=0.2550 va=0.6909 val_AccPaper=0.7848
[17:11:42]   early stop @ ep 23
[17:11:45] [S2] three fold4 ft_tr=20105 ft_va=5042 eval=24553
[17:11:47] fold4 ep 001 tr=0.7059 va=0.6952 val_AccPaper=0.7185
[17:11:48] fold4 ep 002 tr=0.5469 va=0.6774 val_AccPaper=0.7185
[17:11:50] fold4 ep 003 tr=0.4851 va=0.6427 val_AccPaper=0.7384
[17:11:52] fold4 ep 004 tr=0.4414 va=0.6251 val_AccPaper=0.7715
[17:11:54] fold4 ep 005 tr=0.4105 va=0.6184 val_AccPaper=0.7781
[17:11:56] fold4 ep 006 tr=0.3800 va=0.6080 val_AccPaper=0.7781
[17:11:57] fold4 ep 007 tr=0.3668 va=0.6072 val_AccPaper=0.7748
[17:11:59] fold4 ep 008 tr=0.3475 va=0.6104 val_AccPaper=0.7848
[17:12:01] fold4 ep 009 tr=0.3458 va=0.6239 val_AccPaper=0.7781
[17:12:03] fold4 ep 010 tr=0.3286 va=0.6111 val_AccPaper=0.7947
[17:12:04] fold4 ep 011 tr=0.3077 va=0.6073 val_AccPaper=0.7980
[17:12:06] fold4 ep 012 tr=0.3040 va=0.6351 val_AccPaper=0.7914
[17:12:08] fold4 ep 013 tr=0.2964 va=0.6286 val_AccPaper=0.7881
[17:12:10] fold4 ep 014 tr=0.2935 va=0.6387 val_AccPaper=0.7947
[17:12:11] fold4 ep 015 tr=0.2787 va=0.6533 val_AccPaper=0.7848
[17:12:13] fold4 ep 016 tr=0.2738 va=0.6440 val_AccPaper=0.7914
[17:12:15] fold4 ep 017 tr=0.2764 va=0.6397 val_AccPaper=0.7914
[17:12:16] fold4 ep 018 tr=0.2651 va=0.6847 val_AccPaper=0.7881
[17:12:18] fold4 ep 019 tr=0.2620 va=0.6441 val_AccPaper=0.7748
[17:12:20] fold4 ep 020 tr=0.2546 va=0.7017 val_AccPaper=0.7616
[17:12:22] fold4 ep 021 tr=0.2549 va=0.6674 val_AccPaper=0.7748
[17:12:24] fold4 ep 022 tr=0.2478 va=0.6633 val_AccPaper=0.7815
[17:12:25] fold4 ep 023 tr=0.2430 va=0.6755 val_AccPaper=0.7980
[17:12:27] fold4 ep 024 tr=0.2418 va=0.7029 val_AccPaper=0.7781
[17:12:29] fold4 ep 025 tr=0.2351 va=0.6882 val_AccPaper=0.7550
[17:12:30] fold4 ep 026 tr=0.2390 va=0.6877 val_AccPaper=0.7848
[17:12:32] fold4 ep 027 tr=0.2394 va=0.7307 val_AccPaper=0.7715
[17:12:34] fold4 ep 028 tr=0.2371 va=0.7161 val_AccPaper=0.7848
[17:12:35] fold4 ep 029 tr=0.2243 va=0.7146 val_AccPaper=0.7781
[17:12:37] fold4 ep 030 tr=0.2255 va=0.7269 val_AccPaper=0.7815
[17:12:39] fold4 ep 031 tr=0.2250 va=0.7324 val_AccPaper=0.7947
[17:12:39]   early stop @ ep 31
[17:12:41] === S20 cues=704 train=352 eval=352 ===
[17:12:42] [S20] task fold0 ft_tr=8034 ft_va=2110 eval=10646
[17:12:42] fold0 ep 001 tr=0.4903 va=0.4660 val_AccPaper=0.8214
[17:12:43] fold0 ep 002 tr=0.3490 va=0.4089 val_AccPaper=0.8643
[17:12:44] fold0 ep 003 tr=0.2871 va=0.3949 val_AccPaper=0.8429
[17:12:44] fold0 ep 004 tr=0.2663 va=0.3886 val_AccPaper=0.8429
[17:12:45] fold0 ep 005 tr=0.2432 va=0.4207 val_AccPaper=0.8571
[17:12:46] fold0 ep 006 tr=0.2137 va=0.4004 val_AccPaper=0.8929
[17:12:46] fold0 ep 007 tr=0.2061 va=0.3914 val_AccPaper=0.8786
[17:12:47] fold0 ep 008 tr=0.1905 va=0.4288 val_AccPaper=0.8786
[17:12:48] fold0 ep 009 tr=0.1782 va=0.4097 val_AccPaper=0.8929
[17:12:48] fold0 ep 010 tr=0.1694 va=0.4376 val_AccPaper=0.8714
[17:12:49] fold0 ep 011 tr=0.1627 va=0.4544 val_AccPaper=0.8643
[17:12:50] fold0 ep 012 tr=0.1521 va=0.4449 val_AccPaper=0.8786
[17:12:50] fold0 ep 013 tr=0.1468 va=0.4389 val_AccPaper=0.8714
[17:12:51] fold0 ep 014 tr=0.1369 va=0.4658 val_AccPaper=0.8857
[17:12:52] fold0 ep 015 tr=0.1244 va=0.4904 val_AccPaper=0.8571
[17:12:52] fold0 ep 016 tr=0.1191 va=0.5053 val_AccPaper=0.8714
[17:12:53] fold0 ep 017 tr=0.1203 va=0.4732 val_AccPaper=0.8429
[17:12:54] fold0 ep 018 tr=0.1094 va=0.5513 val_AccPaper=0.8643
[17:12:54] fold0 ep 019 tr=0.1154 va=0.4684 val_AccPaper=0.8643
[17:12:55] fold0 ep 020 tr=0.1054 va=0.4882 val_AccPaper=0.8500
[17:12:55] fold0 ep 021 tr=0.1059 va=0.5103 val_AccPaper=0.8500
[17:12:56] fold0 ep 022 tr=0.0981 va=0.4915 val_AccPaper=0.8643
[17:12:57] fold0 ep 023 tr=0.0933 va=0.5115 val_AccPaper=0.8500
[17:12:57] fold0 ep 024 tr=0.0901 va=0.5563 val_AccPaper=0.8429
[17:12:58] fold0 ep 025 tr=0.0890 va=0.5241 val_AccPaper=0.8643
[17:12:59] fold0 ep 026 tr=0.0894 va=0.4980 val_AccPaper=0.8571
[17:12:59]   early stop @ ep 26
[17:13:00] [S20] task fold1 ft_tr=8034 ft_va=2110 eval=10646
[17:13:00] fold1 ep 001 tr=0.4993 va=0.4240 val_AccPaper=0.8286
[17:13:01] fold1 ep 002 tr=0.3490 va=0.4545 val_AccPaper=0.8643
[17:13:02] fold1 ep 003 tr=0.3028 va=0.3625 val_AccPaper=0.8714
[17:13:02] fold1 ep 004 tr=0.2716 va=0.3753 val_AccPaper=0.8714
[17:13:03] fold1 ep 005 tr=0.2480 va=0.3973 val_AccPaper=0.8857
[17:13:04] fold1 ep 006 tr=0.2246 va=0.3812 val_AccPaper=0.8786
[17:13:04] fold1 ep 007 tr=0.2116 va=0.4410 val_AccPaper=0.8714
[17:13:05] fold1 ep 008 tr=0.1959 va=0.4195 val_AccPaper=0.8714
[17:13:05] fold1 ep 009 tr=0.1825 va=0.4419 val_AccPaper=0.8786
[17:13:06] fold1 ep 010 tr=0.1635 va=0.3812 val_AccPaper=0.8929
[17:13:07] fold1 ep 011 tr=0.1770 va=0.4101 val_AccPaper=0.9000
[17:13:07] fold1 ep 012 tr=0.1540 va=0.4119 val_AccPaper=0.8857
[17:13:08] fold1 ep 013 tr=0.1494 va=0.4419 val_AccPaper=0.8643
[17:13:09] fold1 ep 014 tr=0.1497 va=0.4277 val_AccPaper=0.8786
[17:13:09] fold1 ep 015 tr=0.1378 va=0.4435 val_AccPaper=0.9000
[17:13:10] fold1 ep 016 tr=0.1342 va=0.4679 val_AccPaper=0.8643
[17:13:11] fold1 ep 017 tr=0.1282 va=0.4942 val_AccPaper=0.8714
[17:13:11] fold1 ep 018 tr=0.1181 va=0.4411 val_AccPaper=0.9000
[17:13:12] fold1 ep 019 tr=0.1152 va=0.4739 val_AccPaper=0.8786
[17:13:13] fold1 ep 020 tr=0.1057 va=0.4882 val_AccPaper=0.8929
[17:13:13] fold1 ep 021 tr=0.1134 va=0.4718 val_AccPaper=0.9000
[17:13:14] fold1 ep 022 tr=0.1083 va=0.4582 val_AccPaper=0.8786
[17:13:15] fold1 ep 023 tr=0.1047 va=0.4920 val_AccPaper=0.8857
[17:13:15] fold1 ep 024 tr=0.1104 va=0.5192 val_AccPaper=0.8786
[17:13:16] fold1 ep 025 tr=0.1048 va=0.4964 val_AccPaper=0.8643
[17:13:16] fold1 ep 026 tr=0.0974 va=0.4815 val_AccPaper=0.8929
[17:13:17] fold1 ep 027 tr=0.0934 va=0.5177 val_AccPaper=0.8857
[17:13:18] fold1 ep 028 tr=0.0851 va=0.5677 val_AccPaper=0.8643
[17:13:18] fold1 ep 029 tr=0.0876 va=0.5495 val_AccPaper=0.8786
[17:13:19] fold1 ep 030 tr=0.0826 va=0.5241 val_AccPaper=0.9000
[17:13:20] fold1 ep 031 tr=0.0900 va=0.5406 val_AccPaper=0.8786
[17:13:20]   early stop @ ep 31
[17:13:21] [S20] task fold2 ft_tr=8034 ft_va=2110 eval=10646
[17:13:21] fold2 ep 001 tr=0.4939 va=0.4406 val_AccPaper=0.8357
[17:13:22] fold2 ep 002 tr=0.3383 va=0.4196 val_AccPaper=0.8357
[17:13:23] fold2 ep 003 tr=0.2807 va=0.4187 val_AccPaper=0.8643
[17:13:23] fold2 ep 004 tr=0.2458 va=0.4872 val_AccPaper=0.8357
[17:13:24] fold2 ep 005 tr=0.2340 va=0.4259 val_AccPaper=0.8571
[17:13:25] fold2 ep 006 tr=0.2094 va=0.4618 val_AccPaper=0.8571
[17:13:25] fold2 ep 007 tr=0.1894 va=0.4609 val_AccPaper=0.8714
[17:13:26] fold2 ep 008 tr=0.1836 va=0.4437 val_AccPaper=0.8714
[17:13:27] fold2 ep 009 tr=0.1614 va=0.4833 val_AccPaper=0.8571
[17:13:27] fold2 ep 010 tr=0.1625 va=0.4801 val_AccPaper=0.8571
[17:13:28] fold2 ep 011 tr=0.1550 va=0.4726 val_AccPaper=0.8643
[17:13:29] fold2 ep 012 tr=0.1418 va=0.4766 val_AccPaper=0.8643
[17:13:29] fold2 ep 013 tr=0.1351 va=0.4701 val_AccPaper=0.8786
[17:13:30] fold2 ep 014 tr=0.1262 va=0.4761 val_AccPaper=0.8714
[17:13:30] fold2 ep 015 tr=0.1292 va=0.4980 val_AccPaper=0.8714
[17:13:31] fold2 ep 016 tr=0.1145 va=0.5105 val_AccPaper=0.8786
[17:13:32] fold2 ep 017 tr=0.1075 va=0.5371 val_AccPaper=0.8500
[17:13:32] fold2 ep 018 tr=0.1071 va=0.5493 val_AccPaper=0.8500
[17:13:33] fold2 ep 019 tr=0.1051 va=0.5623 val_AccPaper=0.8643
[17:13:34] fold2 ep 020 tr=0.0972 va=0.5630 val_AccPaper=0.8714
[17:13:34] fold2 ep 021 tr=0.0913 va=0.5330 val_AccPaper=0.8857
[17:13:35] fold2 ep 022 tr=0.0920 va=0.5316 val_AccPaper=0.8786
[17:13:36] fold2 ep 023 tr=0.0896 va=0.5912 val_AccPaper=0.8429
[17:13:36] fold2 ep 024 tr=0.0858 va=0.5465 val_AccPaper=0.8643
[17:13:37] fold2 ep 025 tr=0.0837 va=0.5820 val_AccPaper=0.8429
[17:13:38] fold2 ep 026 tr=0.0907 va=0.6267 val_AccPaper=0.8571
[17:13:38] fold2 ep 027 tr=0.0918 va=0.6007 val_AccPaper=0.8500
[17:13:39] fold2 ep 028 tr=0.0820 va=0.5750 val_AccPaper=0.8714
[17:13:40] fold2 ep 029 tr=0.0815 va=0.6625 val_AccPaper=0.8286
[17:13:40] fold2 ep 030 tr=0.0756 va=0.6670 val_AccPaper=0.8429
[17:13:41] fold2 ep 031 tr=0.0758 va=0.6251 val_AccPaper=0.8571
[17:13:42] fold2 ep 032 tr=0.0762 va=0.6658 val_AccPaper=0.8500
[17:13:42] fold2 ep 033 tr=0.0819 va=0.6100 val_AccPaper=0.8714
[17:13:43] fold2 ep 034 tr=0.0774 va=0.5811 val_AccPaper=0.8786
[17:13:44] fold2 ep 035 tr=0.0635 va=0.6302 val_AccPaper=0.8643
[17:13:44] fold2 ep 036 tr=0.0681 va=0.6324 val_AccPaper=0.8571
[17:13:45] fold2 ep 037 tr=0.0689 va=0.6338 val_AccPaper=0.8357
[17:13:46] fold2 ep 038 tr=0.0610 va=0.6648 val_AccPaper=0.8643
[17:13:46] fold2 ep 039 tr=0.0649 va=0.6804 val_AccPaper=0.8429
[17:13:47] fold2 ep 040 tr=0.0650 va=0.6703 val_AccPaper=0.8500
[17:13:47] fold2 ep 041 tr=0.0673 va=0.7059 val_AccPaper=0.8714
[17:13:47]   early stop @ ep 41
[17:13:48] [S20] task fold3 ft_tr=8034 ft_va=2110 eval=10646
[17:13:49] fold3 ep 001 tr=0.4996 va=0.3816 val_AccPaper=0.8643
[17:13:50] fold3 ep 002 tr=0.3509 va=0.4034 val_AccPaper=0.9000
[17:13:50] fold3 ep 003 tr=0.2949 va=0.3444 val_AccPaper=0.8857
[17:13:51] fold3 ep 004 tr=0.2667 va=0.3954 val_AccPaper=0.8786
[17:13:52] fold3 ep 005 tr=0.2382 va=0.3564 val_AccPaper=0.8929
[17:13:52] fold3 ep 006 tr=0.2226 va=0.3587 val_AccPaper=0.8571
[17:13:53] fold3 ep 007 tr=0.2066 va=0.3955 val_AccPaper=0.8857
[17:13:54] fold3 ep 008 tr=0.1904 va=0.4097 val_AccPaper=0.8571
[17:13:54] fold3 ep 009 tr=0.1761 va=0.3856 val_AccPaper=0.8857
[17:13:55] fold3 ep 010 tr=0.1627 va=0.3660 val_AccPaper=0.9000
[17:13:56] fold3 ep 011 tr=0.1592 va=0.3913 val_AccPaper=0.8786
[17:13:56] fold3 ep 012 tr=0.1417 va=0.4039 val_AccPaper=0.8857
[17:13:57] fold3 ep 013 tr=0.1517 va=0.3951 val_AccPaper=0.9000
[17:13:57] fold3 ep 014 tr=0.1441 va=0.4476 val_AccPaper=0.8214
[17:13:58] fold3 ep 015 tr=0.1403 va=0.4068 val_AccPaper=0.9000
[17:13:59] fold3 ep 016 tr=0.1258 va=0.4198 val_AccPaper=0.9000
[17:13:59] fold3 ep 017 tr=0.1314 va=0.4108 val_AccPaper=0.8929
[17:14:00] fold3 ep 018 tr=0.1174 va=0.4254 val_AccPaper=0.9071
[17:14:01] fold3 ep 019 tr=0.1182 va=0.4260 val_AccPaper=0.8714
[17:14:01] fold3 ep 020 tr=0.1108 va=0.4400 val_AccPaper=0.8857
[17:14:02] fold3 ep 021 tr=0.1034 va=0.4727 val_AccPaper=0.8571
[17:14:03] fold3 ep 022 tr=0.0984 va=0.4516 val_AccPaper=0.8571
[17:14:03] fold3 ep 023 tr=0.0955 va=0.4629 val_AccPaper=0.8929
[17:14:04] fold3 ep 024 tr=0.0991 va=0.4404 val_AccPaper=0.8857
[17:14:05] fold3 ep 025 tr=0.0877 va=0.4411 val_AccPaper=0.8643
[17:14:05] fold3 ep 026 tr=0.0970 va=0.4856 val_AccPaper=0.8786
[17:14:06] fold3 ep 027 tr=0.0902 va=0.5046 val_AccPaper=0.8500
[17:14:07] fold3 ep 028 tr=0.0909 va=0.4707 val_AccPaper=0.8857
[17:14:07] fold3 ep 029 tr=0.0831 va=0.4812 val_AccPaper=0.8857
[17:14:08] fold3 ep 030 tr=0.0811 va=0.5357 val_AccPaper=0.8429
[17:14:08] fold3 ep 031 tr=0.0860 va=0.5152 val_AccPaper=0.8643
[17:14:09] fold3 ep 032 tr=0.0802 va=0.5372 val_AccPaper=0.8571
[17:14:10] fold3 ep 033 tr=0.0821 va=0.5069 val_AccPaper=0.8571
[17:14:10] fold3 ep 034 tr=0.0754 va=0.5677 val_AccPaper=0.8571
[17:14:11] fold3 ep 035 tr=0.0748 va=0.5197 val_AccPaper=0.8357
[17:14:12] fold3 ep 036 tr=0.0665 va=0.5342 val_AccPaper=0.8571
[17:14:12] fold3 ep 037 tr=0.0790 va=0.5654 val_AccPaper=0.8429
[17:14:13] fold3 ep 038 tr=0.0809 va=0.5705 val_AccPaper=0.8643
[17:14:13]   early stop @ ep 38
[17:14:14] [S20] task fold4 ft_tr=8034 ft_va=2110 eval=10646
[17:14:15] fold4 ep 001 tr=0.5252 va=0.4233 val_AccPaper=0.8571
[17:14:15] fold4 ep 002 tr=0.3534 va=0.4003 val_AccPaper=0.8786
[17:14:16] fold4 ep 003 tr=0.2913 va=0.3776 val_AccPaper=0.8643
[17:14:16] fold4 ep 004 tr=0.2680 va=0.4054 val_AccPaper=0.8500
[17:14:17] fold4 ep 005 tr=0.2365 va=0.3651 val_AccPaper=0.8929
[17:14:18] fold4 ep 006 tr=0.2249 va=0.3867 val_AccPaper=0.8786
[17:14:18] fold4 ep 007 tr=0.2010 va=0.3682 val_AccPaper=0.9000
[17:14:19] fold4 ep 008 tr=0.1927 va=0.3620 val_AccPaper=0.8786
[17:14:20] fold4 ep 009 tr=0.1742 va=0.3557 val_AccPaper=0.8929
[17:14:20] fold4 ep 010 tr=0.1652 va=0.3768 val_AccPaper=0.8714
[17:14:21] fold4 ep 011 tr=0.1673 va=0.3805 val_AccPaper=0.8786
[17:14:22] fold4 ep 012 tr=0.1507 va=0.3662 val_AccPaper=0.8857
[17:14:22] fold4 ep 013 tr=0.1459 va=0.4083 val_AccPaper=0.8857
[17:14:23] fold4 ep 014 tr=0.1379 va=0.4045 val_AccPaper=0.8857
[17:14:24] fold4 ep 015 tr=0.1308 va=0.3950 val_AccPaper=0.8714
[17:14:24] fold4 ep 016 tr=0.1299 va=0.4288 val_AccPaper=0.8500
[17:14:25] fold4 ep 017 tr=0.1261 va=0.3944 val_AccPaper=0.8714
[17:14:26] fold4 ep 018 tr=0.1234 va=0.4093 val_AccPaper=0.8643
[17:14:26] fold4 ep 019 tr=0.1116 va=0.4122 val_AccPaper=0.8714
[17:14:27] fold4 ep 020 tr=0.1098 va=0.4331 val_AccPaper=0.8500
[17:14:28] fold4 ep 021 tr=0.1075 va=0.4321 val_AccPaper=0.8786
[17:14:28] fold4 ep 022 tr=0.1009 va=0.4102 val_AccPaper=0.8786
[17:14:29] fold4 ep 023 tr=0.0982 va=0.4560 val_AccPaper=0.8571
[17:14:29] fold4 ep 024 tr=0.1027 va=0.4063 val_AccPaper=0.8786
[17:14:30] fold4 ep 025 tr=0.0989 va=0.4236 val_AccPaper=0.8857
[17:14:31] fold4 ep 026 tr=0.0898 va=0.4353 val_AccPaper=0.8643
[17:14:31] fold4 ep 027 tr=0.0945 va=0.4381 val_AccPaper=0.8786
[17:14:31]   early stop @ ep 27
[17:14:32] [S20] three fold0 ft_tr=8034 ft_va=2110 eval=10646
[17:14:33] fold0 ep 001 tr=0.7276 va=0.7146 val_AccPaper=0.6857
[17:14:34] fold0 ep 002 tr=0.5238 va=0.6964 val_AccPaper=0.7286
[17:14:34] fold0 ep 003 tr=0.4460 va=0.6792 val_AccPaper=0.7214
[17:14:35] fold0 ep 004 tr=0.3841 va=0.6373 val_AccPaper=0.7786
[17:14:36] fold0 ep 005 tr=0.3553 va=0.6277 val_AccPaper=0.7786
[17:14:36] fold0 ep 006 tr=0.3275 va=0.6341 val_AccPaper=0.7714
[17:14:37] fold0 ep 007 tr=0.2975 va=0.6685 val_AccPaper=0.7857
[17:14:38] fold0 ep 008 tr=0.2820 va=0.6224 val_AccPaper=0.8000
[17:14:38] fold0 ep 009 tr=0.2606 va=0.6397 val_AccPaper=0.8071
[17:14:39] fold0 ep 010 tr=0.2491 va=0.6572 val_AccPaper=0.7929
[17:14:40] fold0 ep 011 tr=0.2277 va=0.6531 val_AccPaper=0.7857
[17:14:40] fold0 ep 012 tr=0.2207 va=0.6983 val_AccPaper=0.7643
[17:14:41] fold0 ep 013 tr=0.2145 va=0.6626 val_AccPaper=0.7929
[17:14:41] fold0 ep 014 tr=0.2103 va=0.6497 val_AccPaper=0.8143
[17:14:42] fold0 ep 015 tr=0.1961 va=0.6578 val_AccPaper=0.8000
[17:14:43] fold0 ep 016 tr=0.1791 va=0.7487 val_AccPaper=0.7643
[17:14:43] fold0 ep 017 tr=0.1764 va=0.6983 val_AccPaper=0.7929
[17:14:44] fold0 ep 018 tr=0.1728 va=0.7356 val_AccPaper=0.7857
[17:14:45] fold0 ep 019 tr=0.1687 va=0.7250 val_AccPaper=0.7857
[17:14:45] fold0 ep 020 tr=0.1658 va=0.7787 val_AccPaper=0.7857
[17:14:46] fold0 ep 021 tr=0.1558 va=0.7019 val_AccPaper=0.8000
[17:14:47] fold0 ep 022 tr=0.1537 va=0.7682 val_AccPaper=0.7714
[17:14:47] fold0 ep 023 tr=0.1389 va=0.7679 val_AccPaper=0.7643
[17:14:48] fold0 ep 024 tr=0.1481 va=0.7911 val_AccPaper=0.7643
[17:14:49] fold0 ep 025 tr=0.1397 va=0.7896 val_AccPaper=0.7857
[17:14:49] fold0 ep 026 tr=0.1300 va=0.7992 val_AccPaper=0.7857
[17:14:50] fold0 ep 027 tr=0.1282 va=0.8364 val_AccPaper=0.7714
[17:14:51] fold0 ep 028 tr=0.1282 va=0.8138 val_AccPaper=0.8000
[17:14:51] fold0 ep 029 tr=0.1188 va=0.8624 val_AccPaper=0.7571
[17:14:52] fold0 ep 030 tr=0.1221 va=0.8422 val_AccPaper=0.7857
[17:14:53] fold0 ep 031 tr=0.1165 va=0.8327 val_AccPaper=0.7929
[17:14:53] fold0 ep 032 tr=0.1190 va=0.7950 val_AccPaper=0.8000
[17:14:54] fold0 ep 033 tr=0.1098 va=0.8320 val_AccPaper=0.7786
[17:14:54] fold0 ep 034 tr=0.1117 va=0.8291 val_AccPaper=0.7929
[17:14:54]   early stop @ ep 34
[17:14:55] [S20] three fold1 ft_tr=8034 ft_va=2110 eval=10646
[17:14:56] fold1 ep 001 tr=0.7416 va=0.6653 val_AccPaper=0.7429
[17:14:57] fold1 ep 002 tr=0.5389 va=0.6307 val_AccPaper=0.7357
[17:14:57] fold1 ep 003 tr=0.4732 va=0.6341 val_AccPaper=0.8000
[17:14:58] fold1 ep 004 tr=0.4174 va=0.5874 val_AccPaper=0.8000
[17:14:59] fold1 ep 005 tr=0.3764 va=0.6248 val_AccPaper=0.7643
[17:14:59] fold1 ep 006 tr=0.3472 va=0.6116 val_AccPaper=0.8000
[17:15:00] fold1 ep 007 tr=0.3295 va=0.6179 val_AccPaper=0.7857
[17:15:01] fold1 ep 008 tr=0.3018 va=0.6154 val_AccPaper=0.7929
[17:15:01] fold1 ep 009 tr=0.2821 va=0.6287 val_AccPaper=0.8143
[17:15:02] fold1 ep 010 tr=0.2615 va=0.6457 val_AccPaper=0.8000
[17:15:03] fold1 ep 011 tr=0.2447 va=0.6824 val_AccPaper=0.8214
[17:15:03] fold1 ep 012 tr=0.2483 va=0.6825 val_AccPaper=0.7786
[17:15:04] fold1 ep 013 tr=0.2412 va=0.7320 val_AccPaper=0.8000
[17:15:05] fold1 ep 014 tr=0.2258 va=0.6766 val_AccPaper=0.8000
[17:15:05] fold1 ep 015 tr=0.2187 va=0.6876 val_AccPaper=0.8000
[17:15:06] fold1 ep 016 tr=0.2079 va=0.6661 val_AccPaper=0.8071
[17:15:06] fold1 ep 017 tr=0.1947 va=0.6852 val_AccPaper=0.8071
[17:15:07] fold1 ep 018 tr=0.1932 va=0.7109 val_AccPaper=0.8143
[17:15:08] fold1 ep 019 tr=0.1773 va=0.7547 val_AccPaper=0.7786
[17:15:08] fold1 ep 020 tr=0.1710 va=0.7136 val_AccPaper=0.7929
[17:15:09] fold1 ep 021 tr=0.1689 va=0.7048 val_AccPaper=0.8143
[17:15:10] fold1 ep 022 tr=0.1651 va=0.7671 val_AccPaper=0.7929
[17:15:10] fold1 ep 023 tr=0.1589 va=0.7521 val_AccPaper=0.7786
[17:15:11] fold1 ep 024 tr=0.1533 va=0.7971 val_AccPaper=0.7857
[17:15:12] fold1 ep 025 tr=0.1515 va=0.7799 val_AccPaper=0.7929
[17:15:12] fold1 ep 026 tr=0.1576 va=0.7818 val_AccPaper=0.8143
[17:15:13] fold1 ep 027 tr=0.1416 va=0.8046 val_AccPaper=0.7929
[17:15:14] fold1 ep 028 tr=0.1347 va=0.8294 val_AccPaper=0.7786
[17:15:14] fold1 ep 029 tr=0.1349 va=0.7914 val_AccPaper=0.8500
[17:15:15] fold1 ep 030 tr=0.1267 va=0.8304 val_AccPaper=0.8143
[17:15:16] fold1 ep 031 tr=0.1345 va=0.7809 val_AccPaper=0.8214
[17:15:16] fold1 ep 032 tr=0.1305 va=0.7507 val_AccPaper=0.8357
[17:15:17] fold1 ep 033 tr=0.1227 va=0.8298 val_AccPaper=0.8357
[17:15:18] fold1 ep 034 tr=0.1211 va=0.8399 val_AccPaper=0.8071
[17:15:18] fold1 ep 035 tr=0.1246 va=0.7856 val_AccPaper=0.8000
[17:15:19] fold1 ep 036 tr=0.1197 va=0.8543 val_AccPaper=0.8286
[17:15:20] fold1 ep 037 tr=0.1173 va=0.8711 val_AccPaper=0.8071
[17:15:20] fold1 ep 038 tr=0.1168 va=0.8840 val_AccPaper=0.7786
[17:15:21] fold1 ep 039 tr=0.1062 va=0.8751 val_AccPaper=0.8286
[17:15:22] fold1 ep 040 tr=0.1092 va=0.8836 val_AccPaper=0.8071
[17:15:22] fold1 ep 041 tr=0.1119 va=0.8360 val_AccPaper=0.8286
[17:15:23] fold1 ep 042 tr=0.1045 va=0.8879 val_AccPaper=0.7857
[17:15:24] fold1 ep 043 tr=0.1065 va=0.9014 val_AccPaper=0.8000
[17:15:24] fold1 ep 044 tr=0.1037 va=0.8967 val_AccPaper=0.8000
[17:15:25] fold1 ep 045 tr=0.1049 va=0.8860 val_AccPaper=0.7929
[17:15:26] fold1 ep 046 tr=0.0992 va=0.8943 val_AccPaper=0.7857
[17:15:26] fold1 ep 047 tr=0.1055 va=0.9101 val_AccPaper=0.8143
[17:15:27] fold1 ep 048 tr=0.0970 va=0.8875 val_AccPaper=0.8286
[17:15:28] fold1 ep 049 tr=0.0994 va=0.9168 val_AccPaper=0.8000
[17:15:28]   early stop @ ep 49
[17:15:28] [S20] three fold2 ft_tr=8034 ft_va=2110 eval=10646
[17:15:29] fold2 ep 001 tr=0.7025 va=0.6723 val_AccPaper=0.7143
[17:15:30] fold2 ep 002 tr=0.5171 va=0.6595 val_AccPaper=0.7286
[17:15:30] fold2 ep 003 tr=0.4579 va=0.6142 val_AccPaper=0.7643
[17:15:31] fold2 ep 004 tr=0.4026 va=0.6425 val_AccPaper=0.7714
[17:15:32] fold2 ep 005 tr=0.3693 va=0.6319 val_AccPaper=0.7786
[17:15:32] fold2 ep 006 tr=0.3349 va=0.6628 val_AccPaper=0.7857
[17:15:33] fold2 ep 007 tr=0.3118 va=0.6640 val_AccPaper=0.7714
[17:15:34] fold2 ep 008 tr=0.2959 va=0.6640 val_AccPaper=0.7857
[17:15:34] fold2 ep 009 tr=0.2726 va=0.6713 val_AccPaper=0.7786
[17:15:35] fold2 ep 010 tr=0.2596 va=0.6734 val_AccPaper=0.8143
[17:15:36] fold2 ep 011 tr=0.2415 va=0.6960 val_AccPaper=0.8143
[17:15:36] fold2 ep 012 tr=0.2359 va=0.6638 val_AccPaper=0.8000
[17:15:37] fold2 ep 013 tr=0.2191 va=0.7090 val_AccPaper=0.7857
[17:15:38] fold2 ep 014 tr=0.2165 va=0.7089 val_AccPaper=0.8071
[17:15:38] fold2 ep 015 tr=0.2151 va=0.6903 val_AccPaper=0.7786
[17:15:39] fold2 ep 016 tr=0.1968 va=0.7227 val_AccPaper=0.8071
[17:15:40] fold2 ep 017 tr=0.1871 va=0.7575 val_AccPaper=0.8000
[17:15:40] fold2 ep 018 tr=0.1861 va=0.6892 val_AccPaper=0.8143
[17:15:41] fold2 ep 019 tr=0.1756 va=0.7473 val_AccPaper=0.8000
[17:15:42] fold2 ep 020 tr=0.1636 va=0.7169 val_AccPaper=0.7929
[17:15:42] fold2 ep 021 tr=0.1599 va=0.7337 val_AccPaper=0.8071
[17:15:43] fold2 ep 022 tr=0.1656 va=0.7461 val_AccPaper=0.8000
[17:15:44] fold2 ep 023 tr=0.1629 va=0.7912 val_AccPaper=0.7786
[17:15:44] fold2 ep 024 tr=0.1538 va=0.7949 val_AccPaper=0.7929
[17:15:45] fold2 ep 025 tr=0.1480 va=0.7827 val_AccPaper=0.7929
[17:15:46] fold2 ep 026 tr=0.1404 va=0.7358 val_AccPaper=0.8000
[17:15:46] fold2 ep 027 tr=0.1447 va=0.7514 val_AccPaper=0.7643
[17:15:47] fold2 ep 028 tr=0.1367 va=0.7611 val_AccPaper=0.8071
[17:15:48] fold2 ep 029 tr=0.1315 va=0.7832 val_AccPaper=0.7643
[17:15:48] fold2 ep 030 tr=0.1364 va=0.7519 val_AccPaper=0.8000
[17:15:48]   early stop @ ep 30
[17:15:49] [S20] three fold3 ft_tr=8034 ft_va=2110 eval=10646
[17:15:50] fold3 ep 001 tr=0.7177 va=0.6412 val_AccPaper=0.7786
[17:15:51] fold3 ep 002 tr=0.5357 va=0.5720 val_AccPaper=0.8071
[17:15:51] fold3 ep 003 tr=0.4499 va=0.5695 val_AccPaper=0.8071
[17:15:52] fold3 ep 004 tr=0.4042 va=0.5672 val_AccPaper=0.8214
[17:15:53] fold3 ep 005 tr=0.3717 va=0.5610 val_AccPaper=0.8143
[17:15:53] fold3 ep 006 tr=0.3399 va=0.5782 val_AccPaper=0.8214
[17:15:54] fold3 ep 007 tr=0.3011 va=0.6059 val_AccPaper=0.7857
[17:15:55] fold3 ep 008 tr=0.2968 va=0.6211 val_AccPaper=0.8071
[17:15:55] fold3 ep 009 tr=0.2735 va=0.6110 val_AccPaper=0.8071
[17:15:56] fold3 ep 010 tr=0.2557 va=0.6313 val_AccPaper=0.8143
[17:15:56] fold3 ep 011 tr=0.2429 va=0.6320 val_AccPaper=0.8143
[17:15:57] fold3 ep 012 tr=0.2301 va=0.6275 val_AccPaper=0.8429
[17:15:58] fold3 ep 013 tr=0.2253 va=0.6515 val_AccPaper=0.8000
[17:15:58] fold3 ep 014 tr=0.2088 va=0.6678 val_AccPaper=0.8000
[17:15:59] fold3 ep 015 tr=0.2010 va=0.6604 val_AccPaper=0.7857
[17:16:00] fold3 ep 016 tr=0.1974 va=0.7128 val_AccPaper=0.7786
[17:16:00] fold3 ep 017 tr=0.1907 va=0.7256 val_AccPaper=0.7857
[17:16:01] fold3 ep 018 tr=0.1893 va=0.6797 val_AccPaper=0.7714
[17:16:02] fold3 ep 019 tr=0.1733 va=0.6771 val_AccPaper=0.7714
[17:16:02] fold3 ep 020 tr=0.1753 va=0.7378 val_AccPaper=0.7571
[17:16:03] fold3 ep 021 tr=0.1703 va=0.7536 val_AccPaper=0.7643
[17:16:04] fold3 ep 022 tr=0.1556 va=0.7465 val_AccPaper=0.7714
[17:16:04] fold3 ep 023 tr=0.1539 va=0.7440 val_AccPaper=0.7643
[17:16:05] fold3 ep 024 tr=0.1546 va=0.7747 val_AccPaper=0.7500
[17:16:06] fold3 ep 025 tr=0.1457 va=0.7861 val_AccPaper=0.7786
[17:16:06] fold3 ep 026 tr=0.1429 va=0.7575 val_AccPaper=0.7929
[17:16:07] fold3 ep 027 tr=0.1339 va=0.7881 val_AccPaper=0.7714
[17:16:08] fold3 ep 028 tr=0.1389 va=0.7852 val_AccPaper=0.7786
[17:16:08] fold3 ep 029 tr=0.1311 va=0.7488 val_AccPaper=0.7643
[17:16:09] fold3 ep 030 tr=0.1279 va=0.8067 val_AccPaper=0.7786
[17:16:10] fold3 ep 031 tr=0.1202 va=0.8273 val_AccPaper=0.7786
[17:16:10] fold3 ep 032 tr=0.1252 va=0.8215 val_AccPaper=0.7571
[17:16:10]   early stop @ ep 32
[17:16:11] [S20] three fold4 ft_tr=8034 ft_va=2110 eval=10646
[17:16:12] fold4 ep 001 tr=0.7322 va=0.6635 val_AccPaper=0.7286
[17:16:13] fold4 ep 002 tr=0.5408 va=0.6263 val_AccPaper=0.7857
[17:16:13] fold4 ep 003 tr=0.4695 va=0.6393 val_AccPaper=0.7500
[17:16:14] fold4 ep 004 tr=0.4160 va=0.6310 val_AccPaper=0.8000
[17:16:15] fold4 ep 005 tr=0.3711 va=0.6190 val_AccPaper=0.7857
[17:16:15] fold4 ep 006 tr=0.3425 va=0.6371 val_AccPaper=0.8071
[17:16:16] fold4 ep 007 tr=0.3237 va=0.6158 val_AccPaper=0.8071
[17:16:16] fold4 ep 008 tr=0.2926 va=0.6205 val_AccPaper=0.7643
[17:16:17] fold4 ep 009 tr=0.2802 va=0.6427 val_AccPaper=0.8214
[17:16:18] fold4 ep 010 tr=0.2604 va=0.6446 val_AccPaper=0.7929
[17:16:18] fold4 ep 011 tr=0.2469 va=0.6697 val_AccPaper=0.7929
[17:16:19] fold4 ep 012 tr=0.2319 va=0.6867 val_AccPaper=0.8071
[17:16:20] fold4 ep 013 tr=0.2221 va=0.6946 val_AccPaper=0.8143
[17:16:20] fold4 ep 014 tr=0.2130 va=0.6680 val_AccPaper=0.8000
[17:16:21] fold4 ep 015 tr=0.2069 va=0.6738 val_AccPaper=0.7929
[17:16:22] fold4 ep 016 tr=0.2037 va=0.7071 val_AccPaper=0.8071
[17:16:22] fold4 ep 017 tr=0.1861 va=0.7163 val_AccPaper=0.7786
[17:16:23] fold4 ep 018 tr=0.1754 va=0.7117 val_AccPaper=0.7571
[17:16:24] fold4 ep 019 tr=0.1832 va=0.7064 val_AccPaper=0.7929
[17:16:24] fold4 ep 020 tr=0.1549 va=0.6807 val_AccPaper=0.8071
[17:16:25] fold4 ep 021 tr=0.1645 va=0.7458 val_AccPaper=0.7786
[17:16:26] fold4 ep 022 tr=0.1563 va=0.7421 val_AccPaper=0.8429
[17:16:26] fold4 ep 023 tr=0.1470 va=0.7257 val_AccPaper=0.8143
[17:16:27] fold4 ep 024 tr=0.1406 va=0.7640 val_AccPaper=0.8071
[17:16:28] fold4 ep 025 tr=0.1449 va=0.7530 val_AccPaper=0.8000
[17:16:28] fold4 ep 026 tr=0.1323 va=0.7886 val_AccPaper=0.7571
[17:16:29] fold4 ep 027 tr=0.1419 va=0.7561 val_AccPaper=0.8071
[17:16:30] fold4 ep 028 tr=0.1307 va=0.7852 val_AccPaper=0.7929
[17:16:30] fold4 ep 029 tr=0.1224 va=0.8238 val_AccPaper=0.7929
[17:16:31] fold4 ep 030 tr=0.1177 va=0.7898 val_AccPaper=0.7857
[17:16:32] fold4 ep 031 tr=0.1311 va=0.8053 val_AccPaper=0.8071
[17:16:32] fold4 ep 032 tr=0.1183 va=0.8007 val_AccPaper=0.8000
[17:16:33] fold4 ep 033 tr=0.1105 va=0.8076 val_AccPaper=0.7929
[17:16:34] fold4 ep 034 tr=0.1164 va=0.8509 val_AccPaper=0.8071
[17:16:34] fold4 ep 035 tr=0.1146 va=0.8645 val_AccPaper=0.7857
[17:16:35] fold4 ep 036 tr=0.1108 va=0.8688 val_AccPaper=0.7714
[17:16:35] fold4 ep 037 tr=0.1066 va=0.8350 val_AccPaper=0.7929
[17:16:36] fold4 ep 038 tr=0.1064 va=0.8207 val_AccPaper=0.7929
[17:16:37] fold4 ep 039 tr=0.1029 va=0.9056 val_AccPaper=0.7786
[17:16:37] fold4 ep 040 tr=0.1018 va=0.9024 val_AccPaper=0.7929
[17:16:38] fold4 ep 041 tr=0.0939 va=0.8547 val_AccPaper=0.7929
[17:16:39] fold4 ep 042 tr=0.1013 va=0.8940 val_AccPaper=0.7643
[17:16:39]   early stop @ ep 42
[17:16:41] === S21 cues=859 train=429 eval=430 ===
[17:16:41] [S21] task fold0 ft_tr=11225 ft_va=2875 eval=13843
[17:16:43] fold0 ep 001 tr=0.4699 va=0.4650 val_AccPaper=0.8547
[17:16:44] fold0 ep 002 tr=0.3354 va=0.3935 val_AccPaper=0.8779
[17:16:45] fold0 ep 003 tr=0.2972 va=0.3740 val_AccPaper=0.8779
[17:16:46] fold0 ep 004 tr=0.2680 va=0.4215 val_AccPaper=0.8605
[17:16:46] fold0 ep 005 tr=0.2500 va=0.4212 val_AccPaper=0.8721
[17:16:47] fold0 ep 006 tr=0.2312 va=0.4327 val_AccPaper=0.8895
[17:16:48] fold0 ep 007 tr=0.2152 va=0.3991 val_AccPaper=0.8721
[17:16:49] fold0 ep 008 tr=0.2165 va=0.4383 val_AccPaper=0.8605
[17:16:50] fold0 ep 009 tr=0.1999 va=0.5137 val_AccPaper=0.8663
[17:16:51] fold0 ep 010 tr=0.1847 va=0.4046 val_AccPaper=0.8663
[17:16:52] fold0 ep 011 tr=0.1874 va=0.4230 val_AccPaper=0.9070
[17:16:53] fold0 ep 012 tr=0.1779 va=0.4314 val_AccPaper=0.8372
[17:16:54] fold0 ep 013 tr=0.1674 va=0.4868 val_AccPaper=0.8837
[17:16:54] fold0 ep 014 tr=0.1651 va=0.4477 val_AccPaper=0.8605
[17:16:55] fold0 ep 015 tr=0.1517 va=0.4955 val_AccPaper=0.8779
[17:16:56] fold0 ep 016 tr=0.1512 va=0.4706 val_AccPaper=0.8779
[17:16:57] fold0 ep 017 tr=0.1472 va=0.4460 val_AccPaper=0.8837
[17:16:58] fold0 ep 018 tr=0.1539 va=0.4491 val_AccPaper=0.8547
[17:16:59] fold0 ep 019 tr=0.1400 va=0.5078 val_AccPaper=0.8779
[17:17:00] fold0 ep 020 tr=0.1378 va=0.4911 val_AccPaper=0.8779
[17:17:01] fold0 ep 021 tr=0.1427 va=0.4991 val_AccPaper=0.8488
[17:17:02] fold0 ep 022 tr=0.1326 va=0.5006 val_AccPaper=0.8488
[17:17:03] fold0 ep 023 tr=0.1320 va=0.4885 val_AccPaper=0.8605
[17:17:03] fold0 ep 024 tr=0.1235 va=0.4854 val_AccPaper=0.8721
[17:17:04] fold0 ep 025 tr=0.1279 va=0.5231 val_AccPaper=0.8721
[17:17:05] fold0 ep 026 tr=0.1266 va=0.5237 val_AccPaper=0.8721
[17:17:06] fold0 ep 027 tr=0.1167 va=0.5033 val_AccPaper=0.8547
[17:17:07] fold0 ep 028 tr=0.1158 va=0.5581 val_AccPaper=0.8547
[17:17:08] fold0 ep 029 tr=0.1168 va=0.5398 val_AccPaper=0.8721
[17:17:09] fold0 ep 030 tr=0.1123 va=0.5473 val_AccPaper=0.8547
[17:17:10] fold0 ep 031 tr=0.1128 va=0.5802 val_AccPaper=0.8663
[17:17:10]   early stop @ ep 31
[17:17:11] [S21] task fold1 ft_tr=11225 ft_va=2875 eval=13843
[17:17:12] fold1 ep 001 tr=0.4576 va=0.4287 val_AccPaper=0.8372
[17:17:13] fold1 ep 002 tr=0.3319 va=0.4002 val_AccPaper=0.8663
[17:17:14] fold1 ep 003 tr=0.2925 va=0.3902 val_AccPaper=0.8779
[17:17:15] fold1 ep 004 tr=0.2661 va=0.4021 val_AccPaper=0.8779
[17:17:16] fold1 ep 005 tr=0.2572 va=0.3862 val_AccPaper=0.8779
[17:17:16] fold1 ep 006 tr=0.2349 va=0.3718 val_AccPaper=0.8605
[17:17:17] fold1 ep 007 tr=0.2217 va=0.3827 val_AccPaper=0.8605
[17:17:18] fold1 ep 008 tr=0.2101 va=0.4094 val_AccPaper=0.8779
[17:17:19] fold1 ep 009 tr=0.1993 va=0.4401 val_AccPaper=0.8721
[17:17:20] fold1 ep 010 tr=0.1899 va=0.4435 val_AccPaper=0.8779
[17:17:21] fold1 ep 011 tr=0.1902 va=0.4028 val_AccPaper=0.8779
[17:17:22] fold1 ep 012 tr=0.1830 va=0.4289 val_AccPaper=0.8488
[17:17:23] fold1 ep 013 tr=0.1719 va=0.4136 val_AccPaper=0.8837
[17:17:24] fold1 ep 014 tr=0.1618 va=0.4742 val_AccPaper=0.8779
[17:17:25] fold1 ep 015 tr=0.1611 va=0.4574 val_AccPaper=0.8663
[17:17:25] fold1 ep 016 tr=0.1532 va=0.4327 val_AccPaper=0.8605
[17:17:26] fold1 ep 017 tr=0.1525 va=0.4879 val_AccPaper=0.8547
[17:17:27] fold1 ep 018 tr=0.1554 va=0.4386 val_AccPaper=0.8605
[17:17:28] fold1 ep 019 tr=0.1440 va=0.4790 val_AccPaper=0.8663
[17:17:29] fold1 ep 020 tr=0.1451 va=0.4730 val_AccPaper=0.8430
[17:17:30] fold1 ep 021 tr=0.1428 va=0.4680 val_AccPaper=0.8488
[17:17:31] fold1 ep 022 tr=0.1334 va=0.4922 val_AccPaper=0.8663
[17:17:32] fold1 ep 023 tr=0.1319 va=0.5051 val_AccPaper=0.8488
[17:17:33] fold1 ep 024 tr=0.1329 va=0.4750 val_AccPaper=0.8779
[17:17:34] fold1 ep 025 tr=0.1315 va=0.4983 val_AccPaper=0.8779
[17:17:35] fold1 ep 026 tr=0.1223 va=0.5186 val_AccPaper=0.8663
[17:17:36] fold1 ep 027 tr=0.1215 va=0.5727 val_AccPaper=0.8721
[17:17:36] fold1 ep 028 tr=0.1167 va=0.5237 val_AccPaper=0.8663
[17:17:37] fold1 ep 029 tr=0.1153 va=0.4976 val_AccPaper=0.8605
[17:17:38] fold1 ep 030 tr=0.1171 va=0.4864 val_AccPaper=0.8547
[17:17:39] fold1 ep 031 tr=0.1098 va=0.5196 val_AccPaper=0.8605
[17:17:40] fold1 ep 032 tr=0.1194 va=0.5456 val_AccPaper=0.8547
[17:17:41] fold1 ep 033 tr=0.1122 va=0.5394 val_AccPaper=0.8488
[17:17:41]   early stop @ ep 33
[17:17:43] [S21] task fold2 ft_tr=11225 ft_va=2875 eval=13843
[17:17:44] fold2 ep 001 tr=0.4783 va=0.4498 val_AccPaper=0.8372
[17:17:45] fold2 ep 002 tr=0.3356 va=0.4229 val_AccPaper=0.8605
[17:17:45] fold2 ep 003 tr=0.2927 va=0.4088 val_AccPaper=0.8895
[17:17:46] fold2 ep 004 tr=0.2670 va=0.4063 val_AccPaper=0.8779
[17:17:47] fold2 ep 005 tr=0.2457 va=0.3981 val_AccPaper=0.8953
[17:17:48] fold2 ep 006 tr=0.2376 va=0.4085 val_AccPaper=0.8721
[17:17:49] fold2 ep 007 tr=0.2152 va=0.4173 val_AccPaper=0.8547
[17:17:50] fold2 ep 008 tr=0.2114 va=0.4194 val_AccPaper=0.8895
[17:17:51] fold2 ep 009 tr=0.2106 va=0.4330 val_AccPaper=0.8837
[17:17:52] fold2 ep 010 tr=0.1931 va=0.3939 val_AccPaper=0.8895
[17:17:53] fold2 ep 011 tr=0.1927 va=0.4076 val_AccPaper=0.8779
[17:17:54] fold2 ep 012 tr=0.1796 va=0.3980 val_AccPaper=0.8895
[17:17:55] fold2 ep 013 tr=0.1737 va=0.4053 val_AccPaper=0.8837
[17:17:56] fold2 ep 014 tr=0.1667 va=0.4538 val_AccPaper=0.8779
[17:17:57] fold2 ep 015 tr=0.1619 va=0.4351 val_AccPaper=0.8779
[17:17:58] fold2 ep 016 tr=0.1477 va=0.4575 val_AccPaper=0.8779
[17:17:59] fold2 ep 017 tr=0.1556 va=0.4793 val_AccPaper=0.8837
[17:18:00] fold2 ep 018 tr=0.1521 va=0.4594 val_AccPaper=0.8721
[17:18:01] fold2 ep 019 tr=0.1382 va=0.4712 val_AccPaper=0.8837
[17:18:02] fold2 ep 020 tr=0.1385 va=0.4717 val_AccPaper=0.8663
[17:18:03] fold2 ep 021 tr=0.1359 va=0.4455 val_AccPaper=0.8605
[17:18:04] fold2 ep 022 tr=0.1409 va=0.4515 val_AccPaper=0.8779
[17:18:05] fold2 ep 023 tr=0.1289 va=0.4844 val_AccPaper=0.9186
[17:18:06] fold2 ep 024 tr=0.1265 va=0.4634 val_AccPaper=0.8895
[17:18:07] fold2 ep 025 tr=0.1255 va=0.5134 val_AccPaper=0.8779
[17:18:08] fold2 ep 026 tr=0.1331 va=0.5304 val_AccPaper=0.8895
[17:18:09] fold2 ep 027 tr=0.1232 va=0.4861 val_AccPaper=0.8721
[17:18:10] fold2 ep 028 tr=0.1208 va=0.5205 val_AccPaper=0.8779
[17:18:11] fold2 ep 029 tr=0.1154 va=0.4854 val_AccPaper=0.8663
[17:18:12] fold2 ep 030 tr=0.1213 va=0.4894 val_AccPaper=0.8605
[17:18:13] fold2 ep 031 tr=0.1123 va=0.4902 val_AccPaper=0.8721
[17:18:14] fold2 ep 032 tr=0.1169 va=0.5021 val_AccPaper=0.8779
[17:18:15] fold2 ep 033 tr=0.1077 va=0.5438 val_AccPaper=0.8721
[17:18:16] fold2 ep 034 tr=0.1120 va=0.4966 val_AccPaper=0.8895
[17:18:17] fold2 ep 035 tr=0.1161 va=0.4896 val_AccPaper=0.8837
[17:18:18] fold2 ep 036 tr=0.1098 va=0.5736 val_AccPaper=0.8779
[17:18:19] fold2 ep 037 tr=0.1049 va=0.5083 val_AccPaper=0.8779
[17:18:20] fold2 ep 038 tr=0.1054 va=0.5419 val_AccPaper=0.8779
[17:18:21] fold2 ep 039 tr=0.1022 va=0.5555 val_AccPaper=0.8663
[17:18:22] fold2 ep 040 tr=0.1041 va=0.5373 val_AccPaper=0.8837
[17:18:23] fold2 ep 041 tr=0.1041 va=0.5560 val_AccPaper=0.8837
[17:18:24] fold2 ep 042 tr=0.0954 va=0.5561 val_AccPaper=0.8721
[17:18:24] fold2 ep 043 tr=0.1039 va=0.5482 val_AccPaper=0.8837
[17:18:24]   early stop @ ep 43
[17:18:26] [S21] task fold3 ft_tr=11225 ft_va=2875 eval=13843
[17:18:27] fold3 ep 001 tr=0.4768 va=0.4475 val_AccPaper=0.8372
[17:18:28] fold3 ep 002 tr=0.3411 va=0.4582 val_AccPaper=0.8488
[17:18:28] fold3 ep 003 tr=0.3034 va=0.4038 val_AccPaper=0.8547
[17:18:29] fold3 ep 004 tr=0.2780 va=0.3957 val_AccPaper=0.8605
[17:18:31] fold3 ep 005 tr=0.2563 va=0.4301 val_AccPaper=0.8663
[17:18:31] fold3 ep 006 tr=0.2454 va=0.4415 val_AccPaper=0.8605
[17:18:32] fold3 ep 007 tr=0.2263 va=0.4176 val_AccPaper=0.8721
[17:18:33] fold3 ep 008 tr=0.2164 va=0.4554 val_AccPaper=0.8721
[17:18:34] fold3 ep 009 tr=0.1990 va=0.4319 val_AccPaper=0.8605
[17:18:35] fold3 ep 010 tr=0.1963 va=0.4988 val_AccPaper=0.8314
[17:18:36] fold3 ep 011 tr=0.1961 va=0.4741 val_AccPaper=0.8547
[17:18:37] fold3 ep 012 tr=0.1725 va=0.4202 val_AccPaper=0.8779
[17:18:38] fold3 ep 013 tr=0.1695 va=0.4681 val_AccPaper=0.8663
[17:18:39] fold3 ep 014 tr=0.1734 va=0.4576 val_AccPaper=0.8721
[17:18:40] fold3 ep 015 tr=0.1679 va=0.4748 val_AccPaper=0.8488
[17:18:41] fold3 ep 016 tr=0.1580 va=0.4669 val_AccPaper=0.8663
[17:18:42] fold3 ep 017 tr=0.1596 va=0.5459 val_AccPaper=0.8488
[17:18:43] fold3 ep 018 tr=0.1456 va=0.4616 val_AccPaper=0.8488
[17:18:43] fold3 ep 019 tr=0.1365 va=0.4996 val_AccPaper=0.8721
[17:18:44] fold3 ep 020 tr=0.1412 va=0.4926 val_AccPaper=0.8663
[17:18:45] fold3 ep 021 tr=0.1340 va=0.4931 val_AccPaper=0.8663
[17:18:46] fold3 ep 022 tr=0.1267 va=0.5490 val_AccPaper=0.8314
[17:18:47] fold3 ep 023 tr=0.1287 va=0.5689 val_AccPaper=0.8605
[17:18:48] fold3 ep 024 tr=0.1401 va=0.5732 val_AccPaper=0.8314
[17:18:49] fold3 ep 025 tr=0.1278 va=0.5137 val_AccPaper=0.8721
[17:18:50] fold3 ep 026 tr=0.1269 va=0.4843 val_AccPaper=0.8663
[17:18:51] fold3 ep 027 tr=0.1279 va=0.5131 val_AccPaper=0.8779
[17:18:52] fold3 ep 028 tr=0.1169 va=0.6202 val_AccPaper=0.8430
[17:18:53] fold3 ep 029 tr=0.1165 va=0.5261 val_AccPaper=0.8605
[17:18:54] fold3 ep 030 tr=0.1139 va=0.5043 val_AccPaper=0.8721
[17:18:54] fold3 ep 031 tr=0.1198 va=0.5140 val_AccPaper=0.8779
[17:18:55] fold3 ep 032 tr=0.1087 va=0.5530 val_AccPaper=0.8663
[17:18:55]   early stop @ ep 32
[17:18:57] [S21] task fold4 ft_tr=11225 ft_va=2875 eval=13843
[17:18:58] fold4 ep 001 tr=0.4649 va=0.4405 val_AccPaper=0.8488
[17:18:58] fold4 ep 002 tr=0.3500 va=0.3945 val_AccPaper=0.8605
[17:18:59] fold4 ep 003 tr=0.3008 va=0.4009 val_AccPaper=0.8895
[17:19:00] fold4 ep 004 tr=0.2683 va=0.4025 val_AccPaper=0.8895
[17:19:01] fold4 ep 005 tr=0.2518 va=0.4110 val_AccPaper=0.9070
[17:19:02] fold4 ep 006 tr=0.2325 va=0.4171 val_AccPaper=0.9070
[17:19:03] fold4 ep 007 tr=0.2321 va=0.4133 val_AccPaper=0.8837
[17:19:04] fold4 ep 008 tr=0.2083 va=0.4410 val_AccPaper=0.8663
[17:19:05] fold4 ep 009 tr=0.1976 va=0.4623 val_AccPaper=0.8895
[17:19:06] fold4 ep 010 tr=0.1909 va=0.4676 val_AccPaper=0.8837
[17:19:06] fold4 ep 011 tr=0.1928 va=0.4854 val_AccPaper=0.8721
[17:19:07] fold4 ep 012 tr=0.1810 va=0.4594 val_AccPaper=0.8953
[17:19:08] fold4 ep 013 tr=0.1675 va=0.4455 val_AccPaper=0.8953
[17:19:09] fold4 ep 014 tr=0.1676 va=0.4271 val_AccPaper=0.9070
[17:19:10] fold4 ep 015 tr=0.1624 va=0.4810 val_AccPaper=0.8779
[17:19:11] fold4 ep 016 tr=0.1512 va=0.5022 val_AccPaper=0.8779
[17:19:12] fold4 ep 017 tr=0.1540 va=0.4929 val_AccPaper=0.8779
[17:19:13] fold4 ep 018 tr=0.1366 va=0.4980 val_AccPaper=0.8837
[17:19:14] fold4 ep 019 tr=0.1458 va=0.4865 val_AccPaper=0.8605
[17:19:15] fold4 ep 020 tr=0.1365 va=0.4981 val_AccPaper=0.8779
[17:19:15] fold4 ep 021 tr=0.1334 va=0.4975 val_AccPaper=0.8895
[17:19:16] fold4 ep 022 tr=0.1292 va=0.4966 val_AccPaper=0.8547
[17:19:17] fold4 ep 023 tr=0.1343 va=0.5168 val_AccPaper=0.8721
[17:19:18] fold4 ep 024 tr=0.1204 va=0.6007 val_AccPaper=0.8663
[17:19:19] fold4 ep 025 tr=0.1254 va=0.5468 val_AccPaper=0.8779
[17:19:19]   early stop @ ep 25
[17:19:20] [S21] three fold0 ft_tr=11225 ft_va=2875 eval=13843
[17:19:21] fold0 ep 001 tr=0.8991 va=0.8890 val_AccPaper=0.6453
[17:19:22] fold0 ep 002 tr=0.7139 va=0.8744 val_AccPaper=0.6512
[17:19:23] fold0 ep 003 tr=0.6428 va=0.8604 val_AccPaper=0.6628
[17:19:24] fold0 ep 004 tr=0.5920 va=0.8474 val_AccPaper=0.6570
[17:19:25] fold0 ep 005 tr=0.5610 va=0.8594 val_AccPaper=0.6512
[17:19:26] fold0 ep 006 tr=0.5449 va=0.8566 val_AccPaper=0.6570
[17:19:27] fold0 ep 007 tr=0.5018 va=0.8633 val_AccPaper=0.6686
[17:19:28] fold0 ep 008 tr=0.4919 va=0.8753 val_AccPaper=0.6279
[17:19:28] fold0 ep 009 tr=0.4681 va=0.8781 val_AccPaper=0.6802
[17:19:29] fold0 ep 010 tr=0.4535 va=0.8961 val_AccPaper=0.6512
[17:19:30] fold0 ep 011 tr=0.4454 va=0.8504 val_AccPaper=0.6395
[17:19:31] fold0 ep 012 tr=0.4145 va=0.8854 val_AccPaper=0.6686
[17:19:32] fold0 ep 013 tr=0.4190 va=0.9004 val_AccPaper=0.6453
[17:19:33] fold0 ep 014 tr=0.4050 va=0.9428 val_AccPaper=0.7035
[17:19:34] fold0 ep 015 tr=0.3970 va=0.8935 val_AccPaper=0.6686
[17:19:35] fold0 ep 016 tr=0.3922 va=0.9155 val_AccPaper=0.6686
[17:19:36] fold0 ep 017 tr=0.3840 va=0.9437 val_AccPaper=0.6744
[17:19:36] fold0 ep 018 tr=0.3689 va=0.9555 val_AccPaper=0.6686
[17:19:37] fold0 ep 019 tr=0.3685 va=0.9730 val_AccPaper=0.6395
[17:19:38] fold0 ep 020 tr=0.3453 va=1.0031 val_AccPaper=0.6337
[17:19:39] fold0 ep 021 tr=0.3446 va=0.9359 val_AccPaper=0.6512
[17:19:40] fold0 ep 022 tr=0.3280 va=0.9822 val_AccPaper=0.6744
[17:19:41] fold0 ep 023 tr=0.3348 va=0.9709 val_AccPaper=0.6628
[17:19:42] fold0 ep 024 tr=0.3151 va=1.0473 val_AccPaper=0.6395
[17:19:43] fold0 ep 025 tr=0.3312 va=1.0101 val_AccPaper=0.6628
[17:19:44] fold0 ep 026 tr=0.3215 va=1.0283 val_AccPaper=0.6570
[17:19:45] fold0 ep 027 tr=0.3160 va=1.0682 val_AccPaper=0.6395
[17:19:46] fold0 ep 028 tr=0.3117 va=1.0118 val_AccPaper=0.6512
[17:19:46] fold0 ep 029 tr=0.3076 va=1.0981 val_AccPaper=0.6860
[17:19:47] fold0 ep 030 tr=0.3093 va=1.0385 val_AccPaper=0.6395
[17:19:48] fold0 ep 031 tr=0.2980 va=1.1058 val_AccPaper=0.6628
[17:19:49] fold0 ep 032 tr=0.2971 va=1.0629 val_AccPaper=0.6395
[17:19:50] fold0 ep 033 tr=0.2925 va=1.0804 val_AccPaper=0.6570
[17:19:51] fold0 ep 034 tr=0.2849 va=1.0805 val_AccPaper=0.6628
[17:19:51]   early stop @ ep 34
[17:19:52] [S21] three fold1 ft_tr=11225 ft_va=2875 eval=13843
[17:19:53] fold1 ep 001 tr=0.9033 va=0.8652 val_AccPaper=0.6570
[17:19:54] fold1 ep 002 tr=0.7279 va=0.8605 val_AccPaper=0.6512
[17:19:55] fold1 ep 003 tr=0.6666 va=0.8552 val_AccPaper=0.6453
[17:19:56] fold1 ep 004 tr=0.6033 va=0.8709 val_AccPaper=0.6628
[17:19:57] fold1 ep 005 tr=0.5904 va=0.8891 val_AccPaper=0.6744
[17:19:58] fold1 ep 006 tr=0.5565 va=0.8769 val_AccPaper=0.6686
[17:19:59] fold1 ep 007 tr=0.5323 va=0.8889 val_AccPaper=0.6453
[17:20:00] fold1 ep 008 tr=0.5051 va=0.9251 val_AccPaper=0.6047
[17:20:00] fold1 ep 009 tr=0.4873 va=0.8877 val_AccPaper=0.6744
[17:20:01] fold1 ep 010 tr=0.4778 va=0.9008 val_AccPaper=0.6512
[17:20:02] fold1 ep 011 tr=0.4616 va=0.9713 val_AccPaper=0.6686
[17:20:03] fold1 ep 012 tr=0.4471 va=0.9831 val_AccPaper=0.6395
[17:20:04] fold1 ep 013 tr=0.4301 va=0.9567 val_AccPaper=0.6395
[17:20:05] fold1 ep 014 tr=0.4206 va=0.9661 val_AccPaper=0.6570
[17:20:06] fold1 ep 015 tr=0.4029 va=0.9690 val_AccPaper=0.6453
[17:20:07] fold1 ep 016 tr=0.3904 va=0.9263 val_AccPaper=0.6570
[17:20:08] fold1 ep 017 tr=0.3911 va=1.0392 val_AccPaper=0.6570
[17:20:09] fold1 ep 018 tr=0.3898 va=1.0522 val_AccPaper=0.6047
[17:20:10] fold1 ep 019 tr=0.3778 va=1.0428 val_AccPaper=0.6163
[17:20:10] fold1 ep 020 tr=0.3618 va=1.0188 val_AccPaper=0.6686
[17:20:11] fold1 ep 021 tr=0.3585 va=1.0295 val_AccPaper=0.6512
[17:20:12] fold1 ep 022 tr=0.3396 va=1.0088 val_AccPaper=0.6453
[17:20:13] fold1 ep 023 tr=0.3335 va=1.0456 val_AccPaper=0.6512
[17:20:14] fold1 ep 024 tr=0.3394 va=1.0940 val_AccPaper=0.6163
[17:20:15] fold1 ep 025 tr=0.3280 va=1.0915 val_AccPaper=0.5930
[17:20:15]   early stop @ ep 25
[17:20:16] [S21] three fold2 ft_tr=11225 ft_va=2875 eval=13843
[17:20:17] fold2 ep 001 tr=0.8714 va=0.8496 val_AccPaper=0.6221
[17:20:18] fold2 ep 002 tr=0.6874 va=0.8631 val_AccPaper=0.6337
[17:20:19] fold2 ep 003 tr=0.6258 va=0.8599 val_AccPaper=0.6395
[17:20:20] fold2 ep 004 tr=0.5921 va=0.8770 val_AccPaper=0.6453
[17:20:21] fold2 ep 005 tr=0.5706 va=0.8766 val_AccPaper=0.6512
[17:20:22] fold2 ep 006 tr=0.5470 va=0.8678 val_AccPaper=0.6337
[17:20:23] fold2 ep 007 tr=0.5139 va=0.8806 val_AccPaper=0.6395
[17:20:23] fold2 ep 008 tr=0.4989 va=0.9104 val_AccPaper=0.6337
[17:20:24] fold2 ep 009 tr=0.4855 va=0.8930 val_AccPaper=0.6512
[17:20:25] fold2 ep 010 tr=0.4561 va=0.8999 val_AccPaper=0.6628
[17:20:26] fold2 ep 011 tr=0.4415 va=0.9092 val_AccPaper=0.6570
[17:20:27] fold2 ep 012 tr=0.4334 va=0.9216 val_AccPaper=0.6570
[17:20:28] fold2 ep 013 tr=0.4251 va=0.8955 val_AccPaper=0.6570
[17:20:29] fold2 ep 014 tr=0.4065 va=0.9590 val_AccPaper=0.6453
[17:20:30] fold2 ep 015 tr=0.3974 va=0.9275 val_AccPaper=0.6628
[17:20:31] fold2 ep 016 tr=0.3955 va=0.9197 val_AccPaper=0.6744
[17:20:32] fold2 ep 017 tr=0.3698 va=0.9453 val_AccPaper=0.6744
[17:20:33] fold2 ep 018 tr=0.3779 va=0.9342 val_AccPaper=0.6686
[17:20:33] fold2 ep 019 tr=0.3592 va=0.9561 val_AccPaper=0.6570
[17:20:34] fold2 ep 020 tr=0.3514 va=0.9363 val_AccPaper=0.6570
[17:20:35] fold2 ep 021 tr=0.3505 va=0.9666 val_AccPaper=0.6512
[17:20:36] fold2 ep 022 tr=0.3425 va=1.0278 val_AccPaper=0.6453
[17:20:37] fold2 ep 023 tr=0.3379 va=1.0136 val_AccPaper=0.6686
[17:20:38] fold2 ep 024 tr=0.3279 va=1.0183 val_AccPaper=0.6686
[17:20:39] fold2 ep 025 tr=0.3155 va=1.0672 val_AccPaper=0.6802
[17:20:40] fold2 ep 026 tr=0.3186 va=1.0113 val_AccPaper=0.6686
[17:20:41] fold2 ep 027 tr=0.3114 va=1.0567 val_AccPaper=0.6686
[17:20:42] fold2 ep 028 tr=0.3075 va=1.0646 val_AccPaper=0.6337
[17:20:43] fold2 ep 029 tr=0.3194 va=1.0582 val_AccPaper=0.6570
[17:20:43] fold2 ep 030 tr=0.3035 va=1.0692 val_AccPaper=0.6628
[17:20:44] fold2 ep 031 tr=0.2954 va=1.0974 val_AccPaper=0.6628
[17:20:45] fold2 ep 032 tr=0.2928 va=1.0487 val_AccPaper=0.6860
[17:20:46] fold2 ep 033 tr=0.2971 va=1.1573 val_AccPaper=0.6860
[17:20:47] fold2 ep 034 tr=0.2876 va=1.0712 val_AccPaper=0.6919
[17:20:48] fold2 ep 035 tr=0.2834 va=1.1476 val_AccPaper=0.6628
[17:20:49] fold2 ep 036 tr=0.2817 va=1.0786 val_AccPaper=0.6977
[17:20:50] fold2 ep 037 tr=0.2696 va=1.1271 val_AccPaper=0.6977
[17:20:51] fold2 ep 038 tr=0.2742 va=1.1188 val_AccPaper=0.6744
[17:20:52] fold2 ep 039 tr=0.2714 va=1.1452 val_AccPaper=0.6802
[17:20:53] fold2 ep 040 tr=0.2729 va=1.1224 val_AccPaper=0.6395
[17:20:53] fold2 ep 041 tr=0.2741 va=1.1596 val_AccPaper=0.6570
[17:20:54] fold2 ep 042 tr=0.2727 va=1.1549 val_AccPaper=0.6395
[17:20:55] fold2 ep 043 tr=0.2611 va=1.2013 val_AccPaper=0.6860
[17:20:56] fold2 ep 044 tr=0.2558 va=1.1220 val_AccPaper=0.6802
[17:20:57] fold2 ep 045 tr=0.2587 va=1.0872 val_AccPaper=0.6860
[17:20:58] fold2 ep 046 tr=0.2565 va=1.1631 val_AccPaper=0.6570
[17:20:59] fold2 ep 047 tr=0.2615 va=1.1727 val_AccPaper=0.6337
[17:21:00] fold2 ep 048 tr=0.2479 va=1.1520 val_AccPaper=0.6395
[17:21:01] fold2 ep 049 tr=0.2553 va=1.1812 val_AccPaper=0.6395
[17:21:02] fold2 ep 050 tr=0.2572 va=1.2221 val_AccPaper=0.6686
[17:21:02] fold2 ep 051 tr=0.2486 va=1.1955 val_AccPaper=0.6395
[17:21:03] fold2 ep 052 tr=0.2473 va=1.1705 val_AccPaper=0.6279
[17:21:04] fold2 ep 053 tr=0.2511 va=1.1877 val_AccPaper=0.6628
[17:21:05] fold2 ep 054 tr=0.2515 va=1.1474 val_AccPaper=0.6395
[17:21:06] fold2 ep 055 tr=0.2400 va=1.2094 val_AccPaper=0.6570
[17:21:07] fold2 ep 056 tr=0.2484 va=1.2144 val_AccPaper=0.6570
[17:21:07]   early stop @ ep 56
[17:21:08] [S21] three fold3 ft_tr=11225 ft_va=2875 eval=13843
[17:21:09] fold3 ep 001 tr=0.9046 va=0.8474 val_AccPaper=0.6453
[17:21:10] fold3 ep 002 tr=0.7229 va=0.8175 val_AccPaper=0.6686
[17:21:11] fold3 ep 003 tr=0.6468 va=0.8244 val_AccPaper=0.6977
[17:21:12] fold3 ep 004 tr=0.6133 va=0.8070 val_AccPaper=0.6802
[17:21:13] fold3 ep 005 tr=0.5760 va=0.8266 val_AccPaper=0.6744
[17:21:14] fold3 ep 006 tr=0.5442 va=0.8230 val_AccPaper=0.6977
[17:21:15] fold3 ep 007 tr=0.5181 va=0.8190 val_AccPaper=0.6802
[17:21:16] fold3 ep 008 tr=0.4914 va=0.8265 val_AccPaper=0.6860
[17:21:16] fold3 ep 009 tr=0.4775 va=0.8221 val_AccPaper=0.6919
[17:21:17] fold3 ep 010 tr=0.4580 va=0.8636 val_AccPaper=0.6977
[17:21:18] fold3 ep 011 tr=0.4526 va=0.8471 val_AccPaper=0.6977
[17:21:19] fold3 ep 012 tr=0.4252 va=0.8459 val_AccPaper=0.6977
[17:21:20] fold3 ep 013 tr=0.4151 va=0.8885 val_AccPaper=0.6802
[17:21:21] fold3 ep 014 tr=0.4036 va=0.8989 val_AccPaper=0.6744
[17:21:22] fold3 ep 015 tr=0.3946 va=0.9403 val_AccPaper=0.6802
[17:21:23] fold3 ep 016 tr=0.3901 va=0.9367 val_AccPaper=0.6744
[17:21:24] fold3 ep 017 tr=0.3899 va=0.9309 val_AccPaper=0.6802
[17:21:25] fold3 ep 018 tr=0.3739 va=0.9473 val_AccPaper=0.6686
[17:21:26] fold3 ep 019 tr=0.3601 va=0.9834 val_AccPaper=0.6977
[17:21:26] fold3 ep 020 tr=0.3577 va=0.9526 val_AccPaper=0.6919
[17:21:27] fold3 ep 021 tr=0.3495 va=0.9945 val_AccPaper=0.6570
[17:21:28] fold3 ep 022 tr=0.3426 va=1.0060 val_AccPaper=0.6686
[17:21:29] fold3 ep 023 tr=0.3325 va=1.0225 val_AccPaper=0.6628
[17:21:29]   early stop @ ep 23
[17:21:30] [S21] three fold4 ft_tr=11225 ft_va=2875 eval=13843
[17:21:31] fold4 ep 001 tr=0.8905 va=0.8652 val_AccPaper=0.6570
[17:21:32] fold4 ep 002 tr=0.7004 va=0.8593 val_AccPaper=0.6453
[17:21:33] fold4 ep 003 tr=0.6355 va=0.8681 val_AccPaper=0.6628
[17:21:34] fold4 ep 004 tr=0.5776 va=0.8347 val_AccPaper=0.6744
[17:21:35] fold4 ep 005 tr=0.5556 va=0.8156 val_AccPaper=0.6977
[17:21:36] fold4 ep 006 tr=0.5222 va=0.8475 val_AccPaper=0.6744
[17:21:37] fold4 ep 007 tr=0.5101 va=0.8505 val_AccPaper=0.6744
[17:21:38] fold4 ep 008 tr=0.4828 va=0.8730 val_AccPaper=0.6512
[17:21:39] fold4 ep 009 tr=0.4644 va=0.8726 val_AccPaper=0.6744
[17:21:40] fold4 ep 010 tr=0.4488 va=0.8610 val_AccPaper=0.6977
[17:21:40] fold4 ep 011 tr=0.4421 va=0.9029 val_AccPaper=0.6919
[17:21:41] fold4 ep 012 tr=0.4320 va=0.9387 val_AccPaper=0.6860
[17:21:42] fold4 ep 013 tr=0.4193 va=0.9064 val_AccPaper=0.6628
[17:21:43] fold4 ep 014 tr=0.4062 va=0.8978 val_AccPaper=0.6628
[17:21:44] fold4 ep 015 tr=0.3798 va=0.9213 val_AccPaper=0.6628
[17:21:45] fold4 ep 016 tr=0.3868 va=0.9270 val_AccPaper=0.6919
[17:21:46] fold4 ep 017 tr=0.3736 va=0.9833 val_AccPaper=0.6802
[17:21:47] fold4 ep 018 tr=0.3550 va=0.9364 val_AccPaper=0.6860
[17:21:48] fold4 ep 019 tr=0.3488 va=0.9518 val_AccPaper=0.6860
[17:21:49] fold4 ep 020 tr=0.3432 va=0.9805 val_AccPaper=0.6570
[17:21:50] fold4 ep 021 tr=0.3423 va=0.9941 val_AccPaper=0.6337
[17:21:50] fold4 ep 022 tr=0.3251 va=0.9882 val_AccPaper=0.6163
[17:21:51] fold4 ep 023 tr=0.3320 va=0.9672 val_AccPaper=0.6337
[17:21:52] fold4 ep 024 tr=0.3260 va=1.0475 val_AccPaper=0.7326
[17:21:53] fold4 ep 025 tr=0.3066 va=1.0241 val_AccPaper=0.6453
[17:21:54] fold4 ep 026 tr=0.3060 va=1.0378 val_AccPaper=0.6977
[17:21:55] fold4 ep 027 tr=0.3072 va=1.0582 val_AccPaper=0.6512
[17:21:56] fold4 ep 028 tr=0.3041 va=1.0379 val_AccPaper=0.6919
[17:21:57] fold4 ep 029 tr=0.2949 va=1.0658 val_AccPaper=0.7267
[17:21:58] fold4 ep 030 tr=0.2975 va=1.0842 val_AccPaper=0.6628
[17:21:59] fold4 ep 031 tr=0.2839 va=1.0506 val_AccPaper=0.6570
[17:22:00] fold4 ep 032 tr=0.2861 va=1.0526 val_AccPaper=0.6628
[17:22:01] fold4 ep 033 tr=0.2802 va=1.1124 val_AccPaper=0.6744
[17:22:01] fold4 ep 034 tr=0.2807 va=1.1197 val_AccPaper=0.6919
[17:22:02] fold4 ep 035 tr=0.2746 va=1.0967 val_AccPaper=0.6802
[17:22:03] fold4 ep 036 tr=0.2798 va=1.0813 val_AccPaper=0.7151
[17:22:04] fold4 ep 037 tr=0.2697 va=1.0687 val_AccPaper=0.6860
[17:22:05] fold4 ep 038 tr=0.2594 va=1.1550 val_AccPaper=0.6860
[17:22:06] fold4 ep 039 tr=0.2618 va=1.0998 val_AccPaper=0.6686
[17:22:07] fold4 ep 040 tr=0.2550 va=1.1353 val_AccPaper=0.6570
[17:22:08] fold4 ep 041 tr=0.2597 va=1.1344 val_AccPaper=0.6686
[17:22:09] fold4 ep 042 tr=0.2515 va=1.1189 val_AccPaper=0.6919
[17:22:10] fold4 ep 043 tr=0.2577 va=1.1459 val_AccPaper=0.6512
[17:22:11] fold4 ep 044 tr=0.2463 va=1.1650 val_AccPaper=0.6512
[17:22:11]   early stop @ ep 44
[17:22:13] === S22 cues=807 train=403 eval=404 ===
[17:22:13] [S22] task fold0 ft_tr=10681 ft_va=2668 eval=13307
[17:22:14] fold0 ep 001 tr=0.6860 va=0.7274 val_AccPaper=0.6296
[17:22:15] fold0 ep 002 tr=0.5384 va=0.7090 val_AccPaper=0.6667
[17:22:16] fold0 ep 003 tr=0.4888 va=0.7384 val_AccPaper=0.6728
[17:22:17] fold0 ep 004 tr=0.4537 va=0.7135 val_AccPaper=0.6605
[17:22:17] fold0 ep 005 tr=0.4371 va=0.6957 val_AccPaper=0.6420
[17:22:18] fold0 ep 006 tr=0.4108 va=0.7136 val_AccPaper=0.6790
[17:22:19] fold0 ep 007 tr=0.3937 va=0.7512 val_AccPaper=0.6728
[17:22:20] fold0 ep 008 tr=0.3814 va=0.7562 val_AccPaper=0.6852
[17:22:21] fold0 ep 009 tr=0.3692 va=0.7634 val_AccPaper=0.6914
[17:22:22] fold0 ep 010 tr=0.3546 va=0.8109 val_AccPaper=0.6667
[17:22:23] fold0 ep 011 tr=0.3332 va=0.7339 val_AccPaper=0.6605
[17:22:24] fold0 ep 012 tr=0.3250 va=0.7849 val_AccPaper=0.6667
[17:22:24] fold0 ep 013 tr=0.3342 va=0.7362 val_AccPaper=0.6543
[17:22:25] fold0 ep 014 tr=0.3140 va=0.7497 val_AccPaper=0.6667
[17:22:26] fold0 ep 015 tr=0.2996 va=0.7730 val_AccPaper=0.6667
[17:22:27] fold0 ep 016 tr=0.2939 va=0.7816 val_AccPaper=0.6358
[17:22:28] fold0 ep 017 tr=0.2876 va=0.8748 val_AccPaper=0.6481
[17:22:29] fold0 ep 018 tr=0.2839 va=0.8604 val_AccPaper=0.6420
[17:22:30] fold0 ep 019 tr=0.2728 va=0.8592 val_AccPaper=0.6667
[17:22:30] fold0 ep 020 tr=0.2711 va=0.8577 val_AccPaper=0.6852
[17:22:31] fold0 ep 021 tr=0.2643 va=0.8247 val_AccPaper=0.6420
[17:22:32] fold0 ep 022 tr=0.2516 va=0.8862 val_AccPaper=0.6667
[17:22:33] fold0 ep 023 tr=0.2544 va=0.8778 val_AccPaper=0.6420
[17:22:34] fold0 ep 024 tr=0.2482 va=0.9269 val_AccPaper=0.6605
[17:22:35] fold0 ep 025 tr=0.2444 va=0.9302 val_AccPaper=0.6667
[17:22:35] fold0 ep 026 tr=0.2406 va=0.9856 val_AccPaper=0.6358
[17:22:36] fold0 ep 027 tr=0.2273 va=0.9521 val_AccPaper=0.6543
[17:22:37] fold0 ep 028 tr=0.2268 va=0.9616 val_AccPaper=0.6358
[17:22:38] fold0 ep 029 tr=0.2274 va=0.9328 val_AccPaper=0.6543
[17:22:38]   early stop @ ep 29
[17:22:39] [S22] task fold1 ft_tr=10681 ft_va=2668 eval=13307
[17:22:40] fold1 ep 001 tr=0.6665 va=0.6917 val_AccPaper=0.6914
[17:22:41] fold1 ep 002 tr=0.5336 va=0.6655 val_AccPaper=0.7037
[17:22:42] fold1 ep 003 tr=0.4918 va=0.6981 val_AccPaper=0.6975
[17:22:43] fold1 ep 004 tr=0.4576 va=0.7076 val_AccPaper=0.6790
[17:22:43] fold1 ep 005 tr=0.4380 va=0.7075 val_AccPaper=0.6914
[17:22:44] fold1 ep 006 tr=0.4125 va=0.7021 val_AccPaper=0.6914
[17:22:45] fold1 ep 007 tr=0.3963 va=0.7302 val_AccPaper=0.6914
[17:22:46] fold1 ep 008 tr=0.3753 va=0.7642 val_AccPaper=0.6852
[17:22:47] fold1 ep 009 tr=0.3688 va=0.7550 val_AccPaper=0.6481
[17:22:48] fold1 ep 010 tr=0.3611 va=0.7706 val_AccPaper=0.6543
[17:22:49] fold1 ep 011 tr=0.3455 va=0.7878 val_AccPaper=0.6481
[17:22:49] fold1 ep 012 tr=0.3302 va=0.8377 val_AccPaper=0.6975
[17:22:50] fold1 ep 013 tr=0.3269 va=0.8134 val_AccPaper=0.6852
[17:22:51] fold1 ep 014 tr=0.3212 va=0.8142 val_AccPaper=0.6667
[17:22:52] fold1 ep 015 tr=0.3147 va=0.7871 val_AccPaper=0.6728
[17:22:53] fold1 ep 016 tr=0.2957 va=0.8175 val_AccPaper=0.6420
[17:22:54] fold1 ep 017 tr=0.2938 va=0.8689 val_AccPaper=0.6667
[17:22:55] fold1 ep 018 tr=0.2857 va=0.8488 val_AccPaper=0.6728
[17:22:55] fold1 ep 019 tr=0.2896 va=0.8641 val_AccPaper=0.6173
[17:22:56] fold1 ep 020 tr=0.2797 va=0.8743 val_AccPaper=0.6358
[17:22:57] fold1 ep 021 tr=0.2791 va=0.9060 val_AccPaper=0.6481
[17:22:58] fold1 ep 022 tr=0.2713 va=0.9279 val_AccPaper=0.6358
[17:22:58]   early stop @ ep 22
[17:22:59] [S22] task fold2 ft_tr=10681 ft_va=2668 eval=13307
[17:23:00] fold2 ep 001 tr=0.6785 va=0.6985 val_AccPaper=0.6543
[17:23:01] fold2 ep 002 tr=0.5332 va=0.6901 val_AccPaper=0.6790
[17:23:02] fold2 ep 003 tr=0.4824 va=0.7002 val_AccPaper=0.6543
[17:23:03] fold2 ep 004 tr=0.4509 va=0.6919 val_AccPaper=0.6543
[17:23:03] fold2 ep 005 tr=0.4306 va=0.6759 val_AccPaper=0.6605
[17:23:04] fold2 ep 006 tr=0.4071 va=0.6892 val_AccPaper=0.6358
[17:23:05] fold2 ep 007 tr=0.3866 va=0.7322 val_AccPaper=0.6667
[17:23:06] fold2 ep 008 tr=0.3701 va=0.7496 val_AccPaper=0.6667
[17:23:07] fold2 ep 009 tr=0.3590 va=0.7654 val_AccPaper=0.6296
[17:23:08] fold2 ep 010 tr=0.3434 va=0.7680 val_AccPaper=0.6481
[17:23:09] fold2 ep 011 tr=0.3356 va=0.7596 val_AccPaper=0.6543
[17:23:09] fold2 ep 012 tr=0.3235 va=0.7518 val_AccPaper=0.6605
[17:23:10] fold2 ep 013 tr=0.3159 va=0.7797 val_AccPaper=0.6235
[17:23:11] fold2 ep 014 tr=0.3049 va=0.8480 val_AccPaper=0.6358
[17:23:12] fold2 ep 015 tr=0.2873 va=0.8246 val_AccPaper=0.6358
[17:23:13] fold2 ep 016 tr=0.2897 va=0.8423 val_AccPaper=0.6420
[17:23:14] fold2 ep 017 tr=0.2757 va=0.8713 val_AccPaper=0.6235
[17:23:15] fold2 ep 018 tr=0.2810 va=0.8475 val_AccPaper=0.6481
[17:23:15] fold2 ep 019 tr=0.2713 va=0.8716 val_AccPaper=0.6235
[17:23:16] fold2 ep 020 tr=0.2659 va=0.9215 val_AccPaper=0.6420
[17:23:17] fold2 ep 021 tr=0.2562 va=0.9133 val_AccPaper=0.6667
[17:23:18] fold2 ep 022 tr=0.2552 va=0.9492 val_AccPaper=0.6358
[17:23:18]   early stop @ ep 22
[17:23:19] [S22] task fold3 ft_tr=10681 ft_va=2668 eval=13307
[17:23:20] fold3 ep 001 tr=0.6638 va=0.7013 val_AccPaper=0.6420
[17:23:21] fold3 ep 002 tr=0.5530 va=0.7255 val_AccPaper=0.6173
[17:23:22] fold3 ep 003 tr=0.4992 va=0.6973 val_AccPaper=0.6296
[17:23:23] fold3 ep 004 tr=0.4721 va=0.7024 val_AccPaper=0.6420
[17:23:23] fold3 ep 005 tr=0.4458 va=0.7126 val_AccPaper=0.6111
[17:23:24] fold3 ep 006 tr=0.4239 va=0.7152 val_AccPaper=0.6358
[17:23:25] fold3 ep 007 tr=0.4100 va=0.7252 val_AccPaper=0.6543
[17:23:26] fold3 ep 008 tr=0.3828 va=0.7438 val_AccPaper=0.6852
[17:23:27] fold3 ep 009 tr=0.3684 va=0.7638 val_AccPaper=0.6975
[17:23:28] fold3 ep 010 tr=0.3626 va=0.7874 val_AccPaper=0.6667
[17:23:28] fold3 ep 011 tr=0.3415 va=0.7927 val_AccPaper=0.6605
[17:23:29] fold3 ep 012 tr=0.3365 va=0.7919 val_AccPaper=0.6728
[17:23:30] fold3 ep 013 tr=0.3247 va=0.7798 val_AccPaper=0.6790
[17:23:31] fold3 ep 014 tr=0.3161 va=0.8251 val_AccPaper=0.6605
[17:23:32] fold3 ep 015 tr=0.3123 va=0.8313 val_AccPaper=0.6852
[17:23:33] fold3 ep 016 tr=0.2963 va=0.8255 val_AccPaper=0.6543
[17:23:34] fold3 ep 017 tr=0.3019 va=0.7951 val_AccPaper=0.6790
[17:23:35] fold3 ep 018 tr=0.2945 va=0.9293 val_AccPaper=0.5926
[17:23:36] fold3 ep 019 tr=0.2739 va=0.8547 val_AccPaper=0.6790
[17:23:37] fold3 ep 020 tr=0.2692 va=0.9009 val_AccPaper=0.6667
[17:23:38] fold3 ep 021 tr=0.2667 va=0.8523 val_AccPaper=0.7222
[17:23:38] fold3 ep 022 tr=0.2587 va=0.9195 val_AccPaper=0.6667
[17:23:39] fold3 ep 023 tr=0.2541 va=0.9010 val_AccPaper=0.6790
[17:23:40] fold3 ep 024 tr=0.2464 va=0.9710 val_AccPaper=0.6358
[17:23:41] fold3 ep 025 tr=0.2486 va=0.9247 val_AccPaper=0.6914
[17:23:42] fold3 ep 026 tr=0.2364 va=0.9333 val_AccPaper=0.6790
[17:23:43] fold3 ep 027 tr=0.2476 va=0.9466 val_AccPaper=0.6420
[17:23:44] fold3 ep 028 tr=0.2382 va=0.9765 val_AccPaper=0.6667
[17:23:45] fold3 ep 029 tr=0.2356 va=0.9833 val_AccPaper=0.6481
[17:23:46] fold3 ep 030 tr=0.2272 va=1.0282 val_AccPaper=0.6543
[17:23:47] fold3 ep 031 tr=0.2263 va=1.0371 val_AccPaper=0.6481
[17:23:47] fold3 ep 032 tr=0.2273 va=1.0547 val_AccPaper=0.6296
[17:23:48] fold3 ep 033 tr=0.2264 va=1.0557 val_AccPaper=0.6481
[17:23:49] fold3 ep 034 tr=0.2231 va=1.0429 val_AccPaper=0.6914
[17:23:50] fold3 ep 035 tr=0.2106 va=1.1145 val_AccPaper=0.6235
[17:23:51] fold3 ep 036 tr=0.2113 va=1.0935 val_AccPaper=0.6358
[17:23:52] fold3 ep 037 tr=0.2123 va=1.1256 val_AccPaper=0.6296
[17:23:53] fold3 ep 038 tr=0.2056 va=1.0405 val_AccPaper=0.6481
[17:23:54] fold3 ep 039 tr=0.2068 va=1.0714 val_AccPaper=0.6296
[17:23:55] fold3 ep 040 tr=0.2043 va=1.1666 val_AccPaper=0.6358
[17:23:56] fold3 ep 041 tr=0.1957 va=1.1251 val_AccPaper=0.6543
[17:23:56]   early stop @ ep 41
[17:23:57] [S22] task fold4 ft_tr=10681 ft_va=2668 eval=13307
[17:23:58] fold4 ep 001 tr=0.6897 va=0.7138 val_AccPaper=0.6049
[17:23:59] fold4 ep 002 tr=0.5374 va=0.7338 val_AccPaper=0.6049
[17:24:00] fold4 ep 003 tr=0.5026 va=0.7011 val_AccPaper=0.6111
[17:24:01] fold4 ep 004 tr=0.4677 va=0.7186 val_AccPaper=0.6296
[17:24:02] fold4 ep 005 tr=0.4362 va=0.7030 val_AccPaper=0.6235
[17:24:02] fold4 ep 006 tr=0.4140 va=0.7172 val_AccPaper=0.6543
[17:24:03] fold4 ep 007 tr=0.3962 va=0.7040 val_AccPaper=0.6420
[17:24:04] fold4 ep 008 tr=0.3861 va=0.7589 val_AccPaper=0.6605
[17:24:05] fold4 ep 009 tr=0.3803 va=0.7177 val_AccPaper=0.6728
[17:24:06] fold4 ep 010 tr=0.3597 va=0.7767 val_AccPaper=0.6605
[17:24:07] fold4 ep 011 tr=0.3526 va=0.8334 val_AccPaper=0.6358
[17:24:08] fold4 ep 012 tr=0.3366 va=0.7861 val_AccPaper=0.6543
[17:24:09] fold4 ep 013 tr=0.3301 va=0.8051 val_AccPaper=0.6543
[17:24:10] fold4 ep 014 tr=0.3213 va=0.8904 val_AccPaper=0.6296
[17:24:10] fold4 ep 015 tr=0.3132 va=0.8153 val_AccPaper=0.6358
[17:24:11] fold4 ep 016 tr=0.3015 va=0.8692 val_AccPaper=0.6605
[17:24:12] fold4 ep 017 tr=0.3026 va=0.8186 val_AccPaper=0.6543
[17:24:13] fold4 ep 018 tr=0.2858 va=0.9038 val_AccPaper=0.6852
[17:24:14] fold4 ep 019 tr=0.2813 va=0.8762 val_AccPaper=0.6667
[17:24:15] fold4 ep 020 tr=0.2730 va=0.9335 val_AccPaper=0.6605
[17:24:16] fold4 ep 021 tr=0.2715 va=0.9000 val_AccPaper=0.6235
[17:24:17] fold4 ep 022 tr=0.2651 va=0.8871 val_AccPaper=0.6543
[17:24:18] fold4 ep 023 tr=0.2568 va=0.8993 val_AccPaper=0.6543
[17:24:19] fold4 ep 024 tr=0.2534 va=1.0040 val_AccPaper=0.6481
[17:24:20] fold4 ep 025 tr=0.2409 va=0.9515 val_AccPaper=0.6481
[17:24:20] fold4 ep 026 tr=0.2428 va=0.9347 val_AccPaper=0.6667
[17:24:21] fold4 ep 027 tr=0.2324 va=0.9687 val_AccPaper=0.6667
[17:24:22] fold4 ep 028 tr=0.2312 va=1.0280 val_AccPaper=0.6358
[17:24:23] fold4 ep 029 tr=0.2353 va=0.9665 val_AccPaper=0.6296
[17:24:24] fold4 ep 030 tr=0.2370 va=0.9992 val_AccPaper=0.6667
[17:24:25] fold4 ep 031 tr=0.2263 va=1.1182 val_AccPaper=0.6481
[17:24:26] fold4 ep 032 tr=0.2245 va=0.9925 val_AccPaper=0.6605
[17:24:27] fold4 ep 033 tr=0.2144 va=1.0594 val_AccPaper=0.6358
[17:24:28] fold4 ep 034 tr=0.2151 va=1.0485 val_AccPaper=0.6543
[17:24:29] fold4 ep 035 tr=0.2185 va=1.0587 val_AccPaper=0.6481
[17:24:30] fold4 ep 036 tr=0.2103 va=1.0525 val_AccPaper=0.6420
[17:24:31] fold4 ep 037 tr=0.2111 va=1.0356 val_AccPaper=0.6605
[17:24:31] fold4 ep 038 tr=0.2103 va=1.2213 val_AccPaper=0.6543
[17:24:32]   early stop @ ep 38
[17:24:33] [S22] three fold0 ft_tr=10681 ft_va=2668 eval=13307
[17:24:34] fold0 ep 001 tr=1.1367 va=1.1534 val_AccPaper=0.4568
[17:24:34] fold0 ep 002 tr=0.9313 va=1.1306 val_AccPaper=0.4753
[17:24:35] fold0 ep 003 tr=0.8506 va=1.1657 val_AccPaper=0.4877
[17:24:36] fold0 ep 004 tr=0.8003 va=1.1919 val_AccPaper=0.4444
[17:24:37] fold0 ep 005 tr=0.7584 va=1.1697 val_AccPaper=0.4568
[17:24:38] fold0 ep 006 tr=0.7167 va=1.2104 val_AccPaper=0.4753
[17:24:39] fold0 ep 007 tr=0.6952 va=1.2261 val_AccPaper=0.4877
[17:24:40] fold0 ep 008 tr=0.6639 va=1.2323 val_AccPaper=0.4630
[17:24:40] fold0 ep 009 tr=0.6396 va=1.2589 val_AccPaper=0.4568
[17:24:41] fold0 ep 010 tr=0.6277 va=1.2898 val_AccPaper=0.4321
[17:24:42] fold0 ep 011 tr=0.6025 va=1.2849 val_AccPaper=0.4444
[17:24:43] fold0 ep 012 tr=0.5854 va=1.2889 val_AccPaper=0.4630
[17:24:44] fold0 ep 013 tr=0.5736 va=1.3145 val_AccPaper=0.4630
[17:24:45] fold0 ep 014 tr=0.5623 va=1.3212 val_AccPaper=0.4506
[17:24:46] fold0 ep 015 tr=0.5357 va=1.3356 val_AccPaper=0.4383
[17:24:46] fold0 ep 016 tr=0.5258 va=1.3885 val_AccPaper=0.4383
[17:24:47] fold0 ep 017 tr=0.5093 va=1.3970 val_AccPaper=0.4383
[17:24:48] fold0 ep 018 tr=0.4994 va=1.4129 val_AccPaper=0.4506
[17:24:49] fold0 ep 019 tr=0.5044 va=1.4033 val_AccPaper=0.4383
[17:24:50] fold0 ep 020 tr=0.4865 va=1.4598 val_AccPaper=0.4383
[17:24:51] fold0 ep 021 tr=0.4724 va=1.4590 val_AccPaper=0.4383
[17:24:52] fold0 ep 022 tr=0.4652 va=1.4908 val_AccPaper=0.4259
[17:24:52] fold0 ep 023 tr=0.4556 va=1.5258 val_AccPaper=0.4012
[17:24:52]   early stop @ ep 23
[17:24:54] [S22] three fold1 ft_tr=10681 ft_va=2668 eval=13307
[17:24:55] fold1 ep 001 tr=1.0768 va=1.1403 val_AccPaper=0.4444
[17:24:55] fold1 ep 002 tr=0.9339 va=1.1209 val_AccPaper=0.4815
[17:24:56] fold1 ep 003 tr=0.8712 va=1.1341 val_AccPaper=0.4383
[17:24:57] fold1 ep 004 tr=0.8156 va=1.1498 val_AccPaper=0.4444
[17:24:58] fold1 ep 005 tr=0.7669 va=1.1540 val_AccPaper=0.4753
[17:24:59] fold1 ep 006 tr=0.7388 va=1.1984 val_AccPaper=0.4753
[17:25:00] fold1 ep 007 tr=0.7085 va=1.2032 val_AccPaper=0.5123
[17:25:01] fold1 ep 008 tr=0.6793 va=1.2137 val_AccPaper=0.4691
[17:25:01] fold1 ep 009 tr=0.6408 va=1.2564 val_AccPaper=0.4938
[17:25:02] fold1 ep 010 tr=0.6375 va=1.2502 val_AccPaper=0.4815
[17:25:03] fold1 ep 011 tr=0.6030 va=1.2925 val_AccPaper=0.4568
[17:25:04] fold1 ep 012 tr=0.5858 va=1.3024 val_AccPaper=0.4877
[17:25:05] fold1 ep 013 tr=0.5687 va=1.3284 val_AccPaper=0.4877
[17:25:06] fold1 ep 014 tr=0.5586 va=1.3200 val_AccPaper=0.5000
[17:25:07] fold1 ep 015 tr=0.5413 va=1.3320 val_AccPaper=0.4259
[17:25:08] fold1 ep 016 tr=0.5295 va=1.3666 val_AccPaper=0.4815
[17:25:08] fold1 ep 017 tr=0.5200 va=1.3611 val_AccPaper=0.4815
[17:25:09] fold1 ep 018 tr=0.5046 va=1.4305 val_AccPaper=0.4630
[17:25:10] fold1 ep 019 tr=0.4946 va=1.3997 val_AccPaper=0.4568
[17:25:11] fold1 ep 020 tr=0.4903 va=1.4447 val_AccPaper=0.4506
[17:25:12] fold1 ep 021 tr=0.4647 va=1.4865 val_AccPaper=0.4630
[17:25:13] fold1 ep 022 tr=0.4636 va=1.4921 val_AccPaper=0.4568
[17:25:14] fold1 ep 023 tr=0.4518 va=1.5134 val_AccPaper=0.4630
[17:25:14] fold1 ep 024 tr=0.4626 va=1.5124 val_AccPaper=0.4568
[17:25:15] fold1 ep 025 tr=0.4525 va=1.5769 val_AccPaper=0.4630
[17:25:16] fold1 ep 026 tr=0.4447 va=1.5892 val_AccPaper=0.4444
[17:25:17] fold1 ep 027 tr=0.4458 va=1.5689 val_AccPaper=0.4074
[17:25:17]   early stop @ ep 27
[17:25:18] [S22] three fold2 ft_tr=10681 ft_va=2668 eval=13307
[17:25:19] fold2 ep 001 tr=1.0892 va=1.1128 val_AccPaper=0.4630
[17:25:20] fold2 ep 002 tr=0.9174 va=1.1029 val_AccPaper=0.5000
[17:25:21] fold2 ep 003 tr=0.8613 va=1.1022 val_AccPaper=0.5000
[17:25:22] fold2 ep 004 tr=0.8043 va=1.1329 val_AccPaper=0.5062
[17:25:23] fold2 ep 005 tr=0.7677 va=1.1291 val_AccPaper=0.4691
[17:25:23] fold2 ep 006 tr=0.7258 va=1.1603 val_AccPaper=0.4938
[17:25:24] fold2 ep 007 tr=0.7024 va=1.1705 val_AccPaper=0.5062
[17:25:25] fold2 ep 008 tr=0.6854 va=1.1828 val_AccPaper=0.4753
[17:25:26] fold2 ep 009 tr=0.6439 va=1.2162 val_AccPaper=0.4691
[17:25:27] fold2 ep 010 tr=0.6341 va=1.2333 val_AccPaper=0.4938
[17:25:28] fold2 ep 011 tr=0.6211 va=1.2717 val_AccPaper=0.5000
[17:25:29] fold2 ep 012 tr=0.5863 va=1.2758 val_AccPaper=0.4568
[17:25:30] fold2 ep 013 tr=0.5893 va=1.2947 val_AccPaper=0.4506
[17:25:30] fold2 ep 014 tr=0.5647 va=1.3213 val_AccPaper=0.4506
[17:25:31] fold2 ep 015 tr=0.5518 va=1.3426 val_AccPaper=0.4691
[17:25:32] fold2 ep 016 tr=0.5425 va=1.3582 val_AccPaper=0.4753
[17:25:33] fold2 ep 017 tr=0.5163 va=1.3960 val_AccPaper=0.4753
[17:25:34] fold2 ep 018 tr=0.5120 va=1.3964 val_AccPaper=0.5000
[17:25:35] fold2 ep 019 tr=0.5045 va=1.4221 val_AccPaper=0.4753
[17:25:36] fold2 ep 020 tr=0.5011 va=1.4458 val_AccPaper=0.4506
[17:25:37] fold2 ep 021 tr=0.4847 va=1.4585 val_AccPaper=0.4815
[17:25:38] fold2 ep 022 tr=0.4827 va=1.4870 val_AccPaper=0.4753
[17:25:39] fold2 ep 023 tr=0.4776 va=1.5003 val_AccPaper=0.5000
[17:25:39] fold2 ep 024 tr=0.4593 va=1.5177 val_AccPaper=0.4568
[17:25:39]   early stop @ ep 24
[17:25:41] [S22] three fold3 ft_tr=10681 ft_va=2668 eval=13307
[17:25:42] fold3 ep 001 tr=1.0908 va=1.1172 val_AccPaper=0.4877
[17:25:42] fold3 ep 002 tr=0.9256 va=1.1173 val_AccPaper=0.4691
[17:25:43] fold3 ep 003 tr=0.8627 va=1.1297 val_AccPaper=0.4691
[17:25:44] fold3 ep 004 tr=0.8149 va=1.1377 val_AccPaper=0.4630
[17:25:45] fold3 ep 005 tr=0.7750 va=1.1671 val_AccPaper=0.4321
[17:25:46] fold3 ep 006 tr=0.7355 va=1.1700 val_AccPaper=0.4568
[17:25:47] fold3 ep 007 tr=0.7096 va=1.2196 val_AccPaper=0.4691
[17:25:48] fold3 ep 008 tr=0.6857 va=1.2375 val_AccPaper=0.4568
[17:25:49] fold3 ep 009 tr=0.6527 va=1.2287 val_AccPaper=0.4691
[17:25:50] fold3 ep 010 tr=0.6322 va=1.2583 val_AccPaper=0.4568
[17:25:50] fold3 ep 011 tr=0.6175 va=1.3041 val_AccPaper=0.4568
[17:25:51] fold3 ep 012 tr=0.5961 va=1.3646 val_AccPaper=0.4691
[17:25:52] fold3 ep 013 tr=0.5859 va=1.3501 val_AccPaper=0.4012
[17:25:53] fold3 ep 014 tr=0.5769 va=1.3501 val_AccPaper=0.4198
[17:25:54] fold3 ep 015 tr=0.5554 va=1.3589 val_AccPaper=0.4444
[17:25:55] fold3 ep 016 tr=0.5379 va=1.3763 val_AccPaper=0.4753
[17:25:56] fold3 ep 017 tr=0.5340 va=1.4024 val_AccPaper=0.4815
[17:25:57] fold3 ep 018 tr=0.5238 va=1.4069 val_AccPaper=0.4444
[17:25:58] fold3 ep 019 tr=0.5130 va=1.4363 val_AccPaper=0.4630
[17:25:58] fold3 ep 020 tr=0.4984 va=1.4504 val_AccPaper=0.4877
[17:25:59] fold3 ep 021 tr=0.4914 va=1.4683 val_AccPaper=0.5000
[17:26:00] fold3 ep 022 tr=0.4849 va=1.4816 val_AccPaper=0.4321
[17:26:01] fold3 ep 023 tr=0.4730 va=1.5050 val_AccPaper=0.4691
[17:26:02] fold3 ep 024 tr=0.4654 va=1.5397 val_AccPaper=0.4630
[17:26:03] fold3 ep 025 tr=0.4633 va=1.5260 val_AccPaper=0.4630
[17:26:04] fold3 ep 026 tr=0.4486 va=1.5704 val_AccPaper=0.4568
[17:26:05] fold3 ep 027 tr=0.4472 va=1.5693 val_AccPaper=0.4259
[17:26:05] fold3 ep 028 tr=0.4379 va=1.5741 val_AccPaper=0.4198
[17:26:06] fold3 ep 029 tr=0.4328 va=1.6138 val_AccPaper=0.4321
[17:26:07] fold3 ep 030 tr=0.4257 va=1.6654 val_AccPaper=0.4815
[17:26:08] fold3 ep 031 tr=0.4196 va=1.6754 val_AccPaper=0.4753
[17:26:09] fold3 ep 032 tr=0.4107 va=1.6485 val_AccPaper=0.4691
[17:26:10] fold3 ep 033 tr=0.4180 va=1.6123 val_AccPaper=0.4506
[17:26:11] fold3 ep 034 tr=0.4178 va=1.6529 val_AccPaper=0.4938
[17:26:12] fold3 ep 035 tr=0.4117 va=1.6615 val_AccPaper=0.4259
[17:26:13] fold3 ep 036 tr=0.4020 va=1.6905 val_AccPaper=0.4444
[17:26:14] fold3 ep 037 tr=0.4022 va=1.6965 val_AccPaper=0.4259
[17:26:14] fold3 ep 038 tr=0.3842 va=1.7489 val_AccPaper=0.4383
[17:26:15] fold3 ep 039 tr=0.3891 va=1.7380 val_AccPaper=0.4383
[17:26:16] fold3 ep 040 tr=0.3838 va=1.7692 val_AccPaper=0.4259
[17:26:17] fold3 ep 041 tr=0.3760 va=1.7737 val_AccPaper=0.4321
[17:26:17]   early stop @ ep 41
[17:26:18] [S22] three fold4 ft_tr=10681 ft_va=2668 eval=13307
[17:26:19] fold4 ep 001 tr=1.1271 va=1.1414 val_AccPaper=0.4753
[17:26:20] fold4 ep 002 tr=0.9338 va=1.1167 val_AccPaper=0.4938
[17:26:21] fold4 ep 003 tr=0.8705 va=1.1081 val_AccPaper=0.5247
[17:26:22] fold4 ep 004 tr=0.8231 va=1.1311 val_AccPaper=0.5185
[17:26:23] fold4 ep 005 tr=0.7824 va=1.1449 val_AccPaper=0.4383
[17:26:24] fold4 ep 006 tr=0.7437 va=1.1539 val_AccPaper=0.5185
[17:26:25] fold4 ep 007 tr=0.7148 va=1.1725 val_AccPaper=0.4630
[17:26:26] fold4 ep 008 tr=0.6827 va=1.1823 val_AccPaper=0.5185
[17:26:27] fold4 ep 009 tr=0.6678 va=1.2008 val_AccPaper=0.4815
[17:26:27] fold4 ep 010 tr=0.6459 va=1.1891 val_AccPaper=0.4877
[17:26:28] fold4 ep 011 tr=0.6155 va=1.2308 val_AccPaper=0.4568
[17:26:29] fold4 ep 012 tr=0.6075 va=1.2460 val_AccPaper=0.4383
[17:26:30] fold4 ep 013 tr=0.5902 va=1.2562 val_AccPaper=0.4691
[17:26:31] fold4 ep 014 tr=0.5699 va=1.2789 val_AccPaper=0.4383
[17:26:32] fold4 ep 015 tr=0.5528 va=1.3183 val_AccPaper=0.4630
[17:26:33] fold4 ep 016 tr=0.5432 va=1.3095 val_AccPaper=0.4691
[17:26:34] fold4 ep 017 tr=0.5321 va=1.3272 val_AccPaper=0.4815
[17:26:35] fold4 ep 018 tr=0.5160 va=1.3474 val_AccPaper=0.4506
[17:26:36] fold4 ep 019 tr=0.5094 va=1.3822 val_AccPaper=0.4506
[17:26:37] fold4 ep 020 tr=0.4910 va=1.3735 val_AccPaper=0.4321
[17:26:37] fold4 ep 021 tr=0.4891 va=1.4188 val_AccPaper=0.4630
[17:26:38] fold4 ep 022 tr=0.4662 va=1.4215 val_AccPaper=0.4691
[17:26:39] fold4 ep 023 tr=0.4734 va=1.4694 val_AccPaper=0.4321
[17:26:39]   early stop @ ep 23
[17:26:41] === S23 cues=823 train=411 eval=412 ===
[17:26:42] [S23] task fold0 ft_tr=10253 ft_va=2665 eval=13191
[17:26:43] fold0 ep 001 tr=0.5505 va=0.5841 val_AccPaper=0.7378
[17:26:44] fold0 ep 002 tr=0.3869 va=0.5413 val_AccPaper=0.7622
[17:26:45] fold0 ep 003 tr=0.3309 va=0.5464 val_AccPaper=0.7988
[17:26:46] fold0 ep 004 tr=0.2989 va=0.5007 val_AccPaper=0.7988
[17:26:47] fold0 ep 005 tr=0.2780 va=0.4939 val_AccPaper=0.7988
[17:26:47] fold0 ep 006 tr=0.2573 va=0.4805 val_AccPaper=0.8110
[17:26:48] fold0 ep 007 tr=0.2396 va=0.4871 val_AccPaper=0.8049
[17:26:49] fold0 ep 008 tr=0.2203 va=0.5003 val_AccPaper=0.7866
[17:26:50] fold0 ep 009 tr=0.2071 va=0.5255 val_AccPaper=0.7866
[17:26:51] fold0 ep 010 tr=0.1970 va=0.4988 val_AccPaper=0.8110
[17:26:52] fold0 ep 011 tr=0.1843 va=0.5107 val_AccPaper=0.7927
[17:26:52] fold0 ep 012 tr=0.1867 va=0.5174 val_AccPaper=0.7805
[17:26:53] fold0 ep 013 tr=0.1738 va=0.5146 val_AccPaper=0.7927
[17:26:54] fold0 ep 014 tr=0.1673 va=0.5269 val_AccPaper=0.8049
[17:26:55] fold0 ep 015 tr=0.1528 va=0.5842 val_AccPaper=0.7927
[17:26:56] fold0 ep 016 tr=0.1525 va=0.5612 val_AccPaper=0.7988
[17:26:57] fold0 ep 017 tr=0.1404 va=0.5557 val_AccPaper=0.8110
[17:26:57] fold0 ep 018 tr=0.1383 va=0.5682 val_AccPaper=0.8049
[17:26:58] fold0 ep 019 tr=0.1380 va=0.5511 val_AccPaper=0.8110
[17:26:59] fold0 ep 020 tr=0.1259 va=0.5748 val_AccPaper=0.7927
[17:27:00] fold0 ep 021 tr=0.1316 va=0.5900 val_AccPaper=0.8049
[17:27:01] fold0 ep 022 tr=0.1229 va=0.5940 val_AccPaper=0.7988
[17:27:02] fold0 ep 023 tr=0.1233 va=0.5957 val_AccPaper=0.8110
[17:27:03] fold0 ep 024 tr=0.1159 va=0.5798 val_AccPaper=0.7988
[17:27:03] fold0 ep 025 tr=0.1132 va=0.6018 val_AccPaper=0.8171
[17:27:04] fold0 ep 026 tr=0.1152 va=0.6212 val_AccPaper=0.7744
[17:27:05] fold0 ep 027 tr=0.1035 va=0.6029 val_AccPaper=0.7927
[17:27:06] fold0 ep 028 tr=0.1107 va=0.6431 val_AccPaper=0.7866
[17:27:07] fold0 ep 029 tr=0.1081 va=0.6405 val_AccPaper=0.8110
[17:27:08] fold0 ep 030 tr=0.1020 va=0.6425 val_AccPaper=0.8110
[17:27:08] fold0 ep 031 tr=0.0993 va=0.6397 val_AccPaper=0.8049
[17:27:09] fold0 ep 032 tr=0.0967 va=0.5905 val_AccPaper=0.8171
[17:27:10] fold0 ep 033 tr=0.0972 va=0.6550 val_AccPaper=0.8171
[17:27:11] fold0 ep 034 tr=0.1003 va=0.6153 val_AccPaper=0.8049
[17:27:12] fold0 ep 035 tr=0.0916 va=0.6069 val_AccPaper=0.8110
[17:27:13] fold0 ep 036 tr=0.0935 va=0.6107 val_AccPaper=0.7927
[17:27:14] fold0 ep 037 tr=0.0898 va=0.6304 val_AccPaper=0.8110
[17:27:14] fold0 ep 038 tr=0.0957 va=0.6315 val_AccPaper=0.8049
[17:27:15] fold0 ep 039 tr=0.0878 va=0.6773 val_AccPaper=0.7866
[17:27:16] fold0 ep 040 tr=0.0832 va=0.6921 val_AccPaper=0.8110
[17:27:17] fold0 ep 041 tr=0.0846 va=0.6968 val_AccPaper=0.8049
[17:27:18] fold0 ep 042 tr=0.0836 va=0.6324 val_AccPaper=0.7866
[17:27:19] fold0 ep 043 tr=0.0816 va=0.6914 val_AccPaper=0.7744
[17:27:20] fold0 ep 044 tr=0.0782 va=0.7298 val_AccPaper=0.8049
[17:27:20] fold0 ep 045 tr=0.0885 va=0.6865 val_AccPaper=0.7744
[17:27:20]   early stop @ ep 45
[17:27:22] [S23] task fold1 ft_tr=10253 ft_va=2665 eval=13191
[17:27:23] fold1 ep 001 tr=0.5230 va=0.5320 val_AccPaper=0.7561
[17:27:24] fold1 ep 002 tr=0.3852 va=0.5082 val_AccPaper=0.7561
[17:27:24] fold1 ep 003 tr=0.3290 va=0.5149 val_AccPaper=0.7683
[17:27:25] fold1 ep 004 tr=0.3083 va=0.5037 val_AccPaper=0.7866
[17:27:26] fold1 ep 005 tr=0.2717 va=0.5111 val_AccPaper=0.7439
[17:27:27] fold1 ep 006 tr=0.2579 va=0.5033 val_AccPaper=0.7500
[17:27:28] fold1 ep 007 tr=0.2356 va=0.5060 val_AccPaper=0.7744
[17:27:29] fold1 ep 008 tr=0.2276 va=0.4960 val_AccPaper=0.7866
[17:27:29] fold1 ep 009 tr=0.2083 va=0.4973 val_AccPaper=0.7805
[17:27:30] fold1 ep 010 tr=0.2011 va=0.5045 val_AccPaper=0.7866
[17:27:31] fold1 ep 011 tr=0.1949 va=0.5466 val_AccPaper=0.7500
[17:27:32] fold1 ep 012 tr=0.1839 va=0.5118 val_AccPaper=0.7805
[17:27:33] fold1 ep 013 tr=0.1791 va=0.5284 val_AccPaper=0.7622
[17:27:34] fold1 ep 014 tr=0.1752 va=0.5153 val_AccPaper=0.7866
[17:27:35] fold1 ep 015 tr=0.1681 va=0.5236 val_AccPaper=0.7988
[17:27:36] fold1 ep 016 tr=0.1582 va=0.5289 val_AccPaper=0.7927
[17:27:38] fold1 ep 017 tr=0.1598 va=0.5159 val_AccPaper=0.7988
[17:27:39] fold1 ep 018 tr=0.1471 va=0.5713 val_AccPaper=0.7927
[17:27:41] fold1 ep 019 tr=0.1436 va=0.5191 val_AccPaper=0.7927
[17:27:43] fold1 ep 020 tr=0.1428 va=0.5288 val_AccPaper=0.7927
[17:27:45] fold1 ep 021 tr=0.1367 va=0.5260 val_AccPaper=0.8049
[17:27:46] fold1 ep 022 tr=0.1323 va=0.5528 val_AccPaper=0.7866
[17:27:48] fold1 ep 023 tr=0.1295 va=0.5881 val_AccPaper=0.7866
[17:27:50] fold1 ep 024 tr=0.1254 va=0.5102 val_AccPaper=0.8171
[17:27:51] fold1 ep 025 tr=0.1241 va=0.5515 val_AccPaper=0.7927
[17:27:53] fold1 ep 026 tr=0.1182 va=0.5582 val_AccPaper=0.7988
[17:27:55] fold1 ep 027 tr=0.1206 va=0.5564 val_AccPaper=0.7805
[17:27:56] fold1 ep 028 tr=0.1181 va=0.5903 val_AccPaper=0.7927
[17:27:58] fold1 ep 029 tr=0.1139 va=0.5753 val_AccPaper=0.7866
[17:28:00] fold1 ep 030 tr=0.1114 va=0.6032 val_AccPaper=0.8049
[17:28:02] fold1 ep 031 tr=0.1106 va=0.5975 val_AccPaper=0.8049
[17:28:03] fold1 ep 032 tr=0.1118 va=0.5702 val_AccPaper=0.8171
[17:28:05] fold1 ep 033 tr=0.1053 va=0.5705 val_AccPaper=0.8110
[17:28:07] fold1 ep 034 tr=0.1093 va=0.5688 val_AccPaper=0.7988
[17:28:08] fold1 ep 035 tr=0.1041 va=0.6327 val_AccPaper=0.7805
[17:28:10] fold1 ep 036 tr=0.1033 va=0.5871 val_AccPaper=0.7744
[17:28:12] fold1 ep 037 tr=0.0960 va=0.6414 val_AccPaper=0.7866
[17:28:13] fold1 ep 038 tr=0.1013 va=0.5931 val_AccPaper=0.8049
[17:28:15] fold1 ep 039 tr=0.0936 va=0.6164 val_AccPaper=0.8110
[17:28:17] fold1 ep 040 tr=0.0912 va=0.6007 val_AccPaper=0.7927
[17:28:18] fold1 ep 041 tr=0.0931 va=0.6080 val_AccPaper=0.7927
[17:28:20] fold1 ep 042 tr=0.0977 va=0.6755 val_AccPaper=0.7805
[17:28:22] fold1 ep 043 tr=0.0947 va=0.6626 val_AccPaper=0.7988
[17:28:23] fold1 ep 044 tr=0.0972 va=0.6530 val_AccPaper=0.8110
[17:28:23]   early stop @ ep 44
[17:28:25] [S23] task fold2 ft_tr=10253 ft_va=2665 eval=13191
[17:28:27] fold2 ep 001 tr=0.5405 va=0.6106 val_AccPaper=0.7134
[17:28:29] fold2 ep 002 tr=0.3857 va=0.5281 val_AccPaper=0.7866
[17:28:30] fold2 ep 003 tr=0.3272 va=0.5328 val_AccPaper=0.7683
[17:28:32] fold2 ep 004 tr=0.2912 va=0.5165 val_AccPaper=0.7561
[17:28:34] fold2 ep 005 tr=0.2721 va=0.5366 val_AccPaper=0.7744
[17:28:36] fold2 ep 006 tr=0.2512 va=0.4981 val_AccPaper=0.7866
[17:28:37] fold2 ep 007 tr=0.2340 va=0.5052 val_AccPaper=0.7988
[17:28:39] fold2 ep 008 tr=0.2181 va=0.4612 val_AccPaper=0.7927
[17:28:41] fold2 ep 009 tr=0.2073 va=0.5033 val_AccPaper=0.7866
[17:28:42] fold2 ep 010 tr=0.2008 va=0.4709 val_AccPaper=0.7927
[17:28:44] fold2 ep 011 tr=0.1948 va=0.5211 val_AccPaper=0.7683
[17:28:46] fold2 ep 012 tr=0.1747 va=0.4675 val_AccPaper=0.8049
[17:28:47] fold2 ep 013 tr=0.1688 va=0.5072 val_AccPaper=0.7927
[17:28:49] fold2 ep 014 tr=0.1657 va=0.5254 val_AccPaper=0.7927
[17:28:50] fold2 ep 015 tr=0.1630 va=0.5290 val_AccPaper=0.7988
[17:28:52] fold2 ep 016 tr=0.1493 va=0.5098 val_AccPaper=0.7683
[17:28:53] fold2 ep 017 tr=0.1486 va=0.5021 val_AccPaper=0.7622
[17:28:54] fold2 ep 018 tr=0.1466 va=0.5224 val_AccPaper=0.7866
[17:28:54] fold2 ep 019 tr=0.1413 va=0.5393 val_AccPaper=0.7988
[17:28:55] fold2 ep 020 tr=0.1311 va=0.5476 val_AccPaper=0.7988
[17:28:56] fold2 ep 021 tr=0.1340 va=0.5762 val_AccPaper=0.7683
[17:28:57] fold2 ep 022 tr=0.1265 va=0.5415 val_AccPaper=0.7866
[17:28:58] fold2 ep 023 tr=0.1255 va=0.5861 val_AccPaper=0.7744
[17:28:59] fold2 ep 024 tr=0.1203 va=0.5753 val_AccPaper=0.7866
[17:28:59] fold2 ep 025 tr=0.1218 va=0.6008 val_AccPaper=0.7927
[17:29:00] fold2 ep 026 tr=0.1172 va=0.5726 val_AccPaper=0.7683
[17:29:01] fold2 ep 027 tr=0.1124 va=0.5800 val_AccPaper=0.7622
[17:29:02] fold2 ep 028 tr=0.1162 va=0.5894 val_AccPaper=0.7866
[17:29:03] fold2 ep 029 tr=0.1095 va=0.5779 val_AccPaper=0.8049
[17:29:04] fold2 ep 030 tr=0.1091 va=0.6330 val_AccPaper=0.7744
[17:29:04] fold2 ep 031 tr=0.1084 va=0.6425 val_AccPaper=0.7927
[17:29:05] fold2 ep 032 tr=0.1102 va=0.5803 val_AccPaper=0.8049
[17:29:05]   early stop @ ep 32
[17:29:06] [S23] task fold3 ft_tr=10253 ft_va=2665 eval=13191
[17:29:07] fold3 ep 001 tr=0.5199 va=0.5524 val_AccPaper=0.7744
[17:29:08] fold3 ep 002 tr=0.3812 va=0.5510 val_AccPaper=0.7439
[17:29:09] fold3 ep 003 tr=0.3300 va=0.5267 val_AccPaper=0.7500
[17:29:10] fold3 ep 004 tr=0.2999 va=0.5356 val_AccPaper=0.7439
[17:29:11] fold3 ep 005 tr=0.2767 va=0.5122 val_AccPaper=0.7500
[17:29:12] fold3 ep 006 tr=0.2570 va=0.5495 val_AccPaper=0.7195
[17:29:13] fold3 ep 007 tr=0.2284 va=0.5373 val_AccPaper=0.7805
[17:29:13] fold3 ep 008 tr=0.2159 va=0.4898 val_AccPaper=0.7988
[17:29:14] fold3 ep 009 tr=0.2057 va=0.5071 val_AccPaper=0.7622
[17:29:15] fold3 ep 010 tr=0.1901 va=0.4676 val_AccPaper=0.7927
[17:29:16] fold3 ep 011 tr=0.1861 va=0.4793 val_AccPaper=0.7988
[17:29:17] fold3 ep 012 tr=0.1705 va=0.5136 val_AccPaper=0.7805
[17:29:17] fold3 ep 013 tr=0.1678 va=0.4920 val_AccPaper=0.7805
[17:29:18] fold3 ep 014 tr=0.1604 va=0.5234 val_AccPaper=0.7683
[17:29:19] fold3 ep 015 tr=0.1598 va=0.4875 val_AccPaper=0.7988
[17:29:20] fold3 ep 016 tr=0.1534 va=0.5359 val_AccPaper=0.7866
[17:29:21] fold3 ep 017 tr=0.1455 va=0.4932 val_AccPaper=0.7805
[17:29:22] fold3 ep 018 tr=0.1376 va=0.5038 val_AccPaper=0.7805
[17:29:22] fold3 ep 019 tr=0.1412 va=0.5069 val_AccPaper=0.7744
[17:29:23] fold3 ep 020 tr=0.1357 va=0.5256 val_AccPaper=0.7683
[17:29:24] fold3 ep 021 tr=0.1332 va=0.5280 val_AccPaper=0.7683
[17:29:25] fold3 ep 022 tr=0.1256 va=0.5422 val_AccPaper=0.7683
[17:29:26] fold3 ep 023 tr=0.1242 va=0.5507 val_AccPaper=0.7561
[17:29:27] fold3 ep 024 tr=0.1140 va=0.5584 val_AccPaper=0.8049
[17:29:27] fold3 ep 025 tr=0.1191 va=0.5860 val_AccPaper=0.7927
[17:29:28] fold3 ep 026 tr=0.1092 va=0.5958 val_AccPaper=0.7866
[17:29:29] fold3 ep 027 tr=0.1152 va=0.6188 val_AccPaper=0.7744
[17:29:30] fold3 ep 028 tr=0.1077 va=0.5905 val_AccPaper=0.7805
[17:29:31] fold3 ep 029 tr=0.1171 va=0.5798 val_AccPaper=0.7744
[17:29:32] fold3 ep 030 tr=0.1035 va=0.5432 val_AccPaper=0.7988
[17:29:33] fold3 ep 031 tr=0.1071 va=0.5963 val_AccPaper=0.7866
[17:29:34] fold3 ep 032 tr=0.1066 va=0.6065 val_AccPaper=0.7866
[17:29:35] fold3 ep 033 tr=0.1061 va=0.5986 val_AccPaper=0.7927
[17:29:35] fold3 ep 034 tr=0.0983 va=0.6143 val_AccPaper=0.7866
[17:29:36] fold3 ep 035 tr=0.0961 va=0.6194 val_AccPaper=0.8049
[17:29:37] fold3 ep 036 tr=0.1011 va=0.6037 val_AccPaper=0.7988
[17:29:38] fold3 ep 037 tr=0.0962 va=0.5790 val_AccPaper=0.8110
[17:29:39] fold3 ep 038 tr=0.0984 va=0.6189 val_AccPaper=0.7866
[17:29:40] fold3 ep 039 tr=0.0915 va=0.6296 val_AccPaper=0.7988
[17:29:41] fold3 ep 040 tr=0.0981 va=0.5969 val_AccPaper=0.8049
[17:29:41] fold3 ep 041 tr=0.0937 va=0.6606 val_AccPaper=0.8049
[17:29:42] fold3 ep 042 tr=0.0906 va=0.6411 val_AccPaper=0.7927
[17:29:43] fold3 ep 043 tr=0.0866 va=0.6242 val_AccPaper=0.7927
[17:29:44] fold3 ep 044 tr=0.0861 va=0.7185 val_AccPaper=0.7622
[17:29:46] fold3 ep 045 tr=0.0906 va=0.6626 val_AccPaper=0.7988
[17:29:48] fold3 ep 046 tr=0.0816 va=0.6616 val_AccPaper=0.7805
[17:29:50] fold3 ep 047 tr=0.0902 va=0.6455 val_AccPaper=0.8049
[17:29:51] fold3 ep 048 tr=0.0760 va=0.6992 val_AccPaper=0.7866
[17:29:53] fold3 ep 049 tr=0.0800 va=0.6242 val_AccPaper=0.7988
[17:29:55] fold3 ep 050 tr=0.0830 va=0.7085 val_AccPaper=0.7744
[17:29:57] fold3 ep 051 tr=0.0868 va=0.6325 val_AccPaper=0.7927
[17:29:58] fold3 ep 052 tr=0.0710 va=0.6747 val_AccPaper=0.7927
[17:30:00] fold3 ep 053 tr=0.0763 va=0.6298 val_AccPaper=0.7988
[17:30:02] fold3 ep 054 tr=0.0805 va=0.6639 val_AccPaper=0.7988
[17:30:03] fold3 ep 055 tr=0.0707 va=0.6678 val_AccPaper=0.7988
[17:30:05] fold3 ep 056 tr=0.0824 va=0.6721 val_AccPaper=0.7866
[17:30:07] fold3 ep 057 tr=0.0790 va=0.6899 val_AccPaper=0.8049
[17:30:07]   early stop @ ep 57
[17:30:09] [S23] task fold4 ft_tr=10253 ft_va=2665 eval=13191
[17:30:10] fold4 ep 001 tr=0.5168 va=0.5242 val_AccPaper=0.7317
[17:30:12] fold4 ep 002 tr=0.3756 va=0.5152 val_AccPaper=0.7561
[17:30:13] fold4 ep 003 tr=0.3293 va=0.4863 val_AccPaper=0.7500
[17:30:14] fold4 ep 004 tr=0.3100 va=0.5065 val_AccPaper=0.7927
[17:30:15] fold4 ep 005 tr=0.2729 va=0.4733 val_AccPaper=0.7561
[17:30:16] fold4 ep 006 tr=0.2457 va=0.4902 val_AccPaper=0.7744
[17:30:17] fold4 ep 007 tr=0.2377 va=0.4866 val_AccPaper=0.7805
[17:30:18] fold4 ep 008 tr=0.2249 va=0.5029 val_AccPaper=0.7988
[17:30:19] fold4 ep 009 tr=0.2053 va=0.4897 val_AccPaper=0.7866
[17:30:20] fold4 ep 010 tr=0.1965 va=0.5182 val_AccPaper=0.7683
[17:30:21] fold4 ep 011 tr=0.1855 va=0.5114 val_AccPaper=0.7744
[17:30:22] fold4 ep 012 tr=0.1876 va=0.5209 val_AccPaper=0.7744
[17:30:23] fold4 ep 013 tr=0.1682 va=0.5361 val_AccPaper=0.7744
[17:30:24] fold4 ep 014 tr=0.1587 va=0.5069 val_AccPaper=0.7805
[17:30:25] fold4 ep 015 tr=0.1480 va=0.5232 val_AccPaper=0.7744
[17:30:26] fold4 ep 016 tr=0.1515 va=0.5170 val_AccPaper=0.7744
[17:30:26] fold4 ep 017 tr=0.1468 va=0.5332 val_AccPaper=0.7927
[17:30:27] fold4 ep 018 tr=0.1430 va=0.5360 val_AccPaper=0.7683
[17:30:28] fold4 ep 019 tr=0.1288 va=0.5174 val_AccPaper=0.7805
[17:30:29] fold4 ep 020 tr=0.1256 va=0.5133 val_AccPaper=0.7744
[17:30:30] fold4 ep 021 tr=0.1333 va=0.5193 val_AccPaper=0.7927
[17:30:31] fold4 ep 022 tr=0.1210 va=0.5646 val_AccPaper=0.8049
[17:30:32] fold4 ep 023 tr=0.1247 va=0.5408 val_AccPaper=0.8232
[17:30:32] fold4 ep 024 tr=0.1204 va=0.5776 val_AccPaper=0.7927
[17:30:33] fold4 ep 025 tr=0.1130 va=0.5765 val_AccPaper=0.7744
[17:30:34] fold4 ep 026 tr=0.1072 va=0.5628 val_AccPaper=0.7866
[17:30:35] fold4 ep 027 tr=0.1063 va=0.5423 val_AccPaper=0.7805
[17:30:36] fold4 ep 028 tr=0.1096 va=0.5788 val_AccPaper=0.7866
[17:30:37] fold4 ep 029 tr=0.1034 va=0.6309 val_AccPaper=0.7500
[17:30:38] fold4 ep 030 tr=0.0976 va=0.5987 val_AccPaper=0.7805
[17:30:38] fold4 ep 031 tr=0.1009 va=0.6018 val_AccPaper=0.7744
[17:30:39] fold4 ep 032 tr=0.0943 va=0.6338 val_AccPaper=0.7622
[17:30:40] fold4 ep 033 tr=0.0952 va=0.5767 val_AccPaper=0.7805
[17:30:41] fold4 ep 034 tr=0.0915 va=0.6253 val_AccPaper=0.7683
[17:30:42] fold4 ep 035 tr=0.0916 va=0.6279 val_AccPaper=0.7683
[17:30:43] fold4 ep 036 tr=0.0896 va=0.5828 val_AccPaper=0.7500
[17:30:44] fold4 ep 037 tr=0.0945 va=0.6532 val_AccPaper=0.7683
[17:30:45] fold4 ep 038 tr=0.0903 va=0.6167 val_AccPaper=0.7683
[17:30:47] fold4 ep 039 tr=0.0935 va=0.6541 val_AccPaper=0.7744
[17:30:48] fold4 ep 040 tr=0.0881 va=0.6205 val_AccPaper=0.7744
[17:30:50] fold4 ep 041 tr=0.0891 va=0.6568 val_AccPaper=0.7622
[17:30:52] fold4 ep 042 tr=0.0871 va=0.6104 val_AccPaper=0.7683
[17:30:53] fold4 ep 043 tr=0.0887 va=0.6602 val_AccPaper=0.7622
[17:30:53]   early stop @ ep 43
[17:30:55] [S23] three fold0 ft_tr=10253 ft_va=2665 eval=13191
[17:30:57] fold0 ep 001 tr=0.8292 va=0.8890 val_AccPaper=0.6463
[17:30:59] fold0 ep 002 tr=0.6056 va=0.8176 val_AccPaper=0.6707
[17:31:01] fold0 ep 003 tr=0.5077 va=0.7923 val_AccPaper=0.7012
[17:31:02] fold0 ep 004 tr=0.4550 va=0.8054 val_AccPaper=0.7073
[17:31:04] fold0 ep 005 tr=0.4215 va=0.7885 val_AccPaper=0.7317
[17:31:06] fold0 ep 006 tr=0.3788 va=0.7779 val_AccPaper=0.7256
[17:31:07] fold0 ep 007 tr=0.3568 va=0.7942 val_AccPaper=0.7378
[17:31:09] fold0 ep 008 tr=0.3373 va=0.7751 val_AccPaper=0.7561
[17:31:11] fold0 ep 009 tr=0.3190 va=0.8004 val_AccPaper=0.7500
[17:31:12] fold0 ep 010 tr=0.3069 va=0.7985 val_AccPaper=0.7378
[17:31:14] fold0 ep 011 tr=0.2931 va=0.7865 val_AccPaper=0.7500
[17:31:16] fold0 ep 012 tr=0.2758 va=0.7961 val_AccPaper=0.7622
[17:31:18] fold0 ep 013 tr=0.2597 va=0.8162 val_AccPaper=0.7561
[17:31:19] fold0 ep 014 tr=0.2476 va=0.8625 val_AccPaper=0.7256
[17:31:21] fold0 ep 015 tr=0.2368 va=0.8454 val_AccPaper=0.7622
[17:31:23] fold0 ep 016 tr=0.2339 va=0.8695 val_AccPaper=0.7073
[17:31:24] fold0 ep 017 tr=0.2273 va=0.9066 val_AccPaper=0.6890
[17:31:26] fold0 ep 018 tr=0.2088 va=0.8670 val_AccPaper=0.7439
[17:31:28] fold0 ep 019 tr=0.2021 va=0.8752 val_AccPaper=0.7134
[17:31:30] fold0 ep 020 tr=0.1902 va=0.9128 val_AccPaper=0.7134
[17:31:32] fold0 ep 021 tr=0.1935 va=0.8999 val_AccPaper=0.7073
[17:31:33] fold0 ep 022 tr=0.1839 va=0.8710 val_AccPaper=0.7195
[17:31:35] fold0 ep 023 tr=0.1680 va=0.9189 val_AccPaper=0.7256
[17:31:37] fold0 ep 024 tr=0.1754 va=0.9093 val_AccPaper=0.7256
[17:31:39] fold0 ep 025 tr=0.1694 va=0.9742 val_AccPaper=0.7134
[17:31:40] fold0 ep 026 tr=0.1704 va=0.9499 val_AccPaper=0.6951
[17:31:42] fold0 ep 027 tr=0.1663 va=0.9853 val_AccPaper=0.6951
[17:31:44] fold0 ep 028 tr=0.1616 va=0.9802 val_AccPaper=0.7378
[17:31:45] fold0 ep 029 tr=0.1593 va=0.9607 val_AccPaper=0.7134
[17:31:47] fold0 ep 030 tr=0.1489 va=1.0160 val_AccPaper=0.7439
[17:31:49] fold0 ep 031 tr=0.1521 va=0.9760 val_AccPaper=0.7195
[17:31:50] fold0 ep 032 tr=0.1480 va=0.9788 val_AccPaper=0.7073
[17:31:50]   early stop @ ep 32
[17:31:52] [S23] three fold1 ft_tr=10253 ft_va=2665 eval=13191
[17:31:54] fold1 ep 001 tr=0.8228 va=0.8351 val_AccPaper=0.6524
[17:31:55] fold1 ep 002 tr=0.6132 va=0.8272 val_AccPaper=0.6707
[17:31:57] fold1 ep 003 tr=0.5386 va=0.7978 val_AccPaper=0.6951
[17:31:59] fold1 ep 004 tr=0.4878 va=0.8117 val_AccPaper=0.7256
[17:32:01] fold1 ep 005 tr=0.4394 va=0.8257 val_AccPaper=0.6707
[17:32:02] fold1 ep 006 tr=0.4125 va=0.8418 val_AccPaper=0.6707
[17:32:04] fold1 ep 007 tr=0.3766 va=0.8453 val_AccPaper=0.7256
[17:32:06] fold1 ep 008 tr=0.3591 va=0.8270 val_AccPaper=0.6646
[17:32:07] fold1 ep 009 tr=0.3306 va=0.8270 val_AccPaper=0.7012
[17:32:09] fold1 ep 010 tr=0.3115 va=0.8706 val_AccPaper=0.6951
[17:32:11] fold1 ep 011 tr=0.3014 va=0.8714 val_AccPaper=0.7256
[17:32:12] fold1 ep 012 tr=0.2907 va=0.9086 val_AccPaper=0.7012
[17:32:14] fold1 ep 013 tr=0.2735 va=0.8884 val_AccPaper=0.7500
[17:32:16] fold1 ep 014 tr=0.2669 va=0.9029 val_AccPaper=0.7195
[17:32:17] fold1 ep 015 tr=0.2557 va=0.9115 val_AccPaper=0.7378
[17:32:19] fold1 ep 016 tr=0.2468 va=0.9488 val_AccPaper=0.7012
[17:32:21] fold1 ep 017 tr=0.2508 va=0.9445 val_AccPaper=0.7073
[17:32:23] fold1 ep 018 tr=0.2311 va=0.9586 val_AccPaper=0.7134
[17:32:24] fold1 ep 019 tr=0.2247 va=0.9229 val_AccPaper=0.7012
[17:32:26] fold1 ep 020 tr=0.2098 va=0.9822 val_AccPaper=0.7012
[17:32:28] fold1 ep 021 tr=0.2090 va=1.0265 val_AccPaper=0.7195
[17:32:29] fold1 ep 022 tr=0.2043 va=0.9759 val_AccPaper=0.7073
[17:32:31] fold1 ep 023 tr=0.1935 va=0.9768 val_AccPaper=0.7317
[17:32:33] fold1 ep 024 tr=0.2020 va=1.0514 val_AccPaper=0.6951
[17:32:35] fold1 ep 025 tr=0.1928 va=0.9986 val_AccPaper=0.7378
[17:32:37] fold1 ep 026 tr=0.1878 va=1.0333 val_AccPaper=0.7256
[17:32:39] fold1 ep 027 tr=0.1784 va=1.0576 val_AccPaper=0.6890
[17:32:40] fold1 ep 028 tr=0.1729 va=1.0246 val_AccPaper=0.7195
[17:32:42] fold1 ep 029 tr=0.1719 va=1.0305 val_AccPaper=0.7195
[17:32:44] fold1 ep 030 tr=0.1670 va=1.0607 val_AccPaper=0.7256
[17:32:46] fold1 ep 031 tr=0.1675 va=1.0587 val_AccPaper=0.6829
[17:32:48] fold1 ep 032 tr=0.1617 va=1.1238 val_AccPaper=0.7073
[17:32:50] fold1 ep 033 tr=0.1623 va=1.0575 val_AccPaper=0.7073
[17:32:50]   early stop @ ep 33
[17:32:52] [S23] three fold2 ft_tr=10253 ft_va=2665 eval=13191
[17:32:53] fold2 ep 001 tr=0.8034 va=0.8498 val_AccPaper=0.6585
[17:32:55] fold2 ep 002 tr=0.5980 va=0.8188 val_AccPaper=0.7134
[17:32:57] fold2 ep 003 tr=0.5181 va=0.8027 val_AccPaper=0.7012
[17:32:58] fold2 ep 004 tr=0.4659 va=0.7969 val_AccPaper=0.7134
[17:33:00] fold2 ep 005 tr=0.4337 va=0.8079 val_AccPaper=0.7317
[17:33:02] fold2 ep 006 tr=0.4094 va=0.8113 val_AccPaper=0.7256
[17:33:04] fold2 ep 007 tr=0.3827 va=0.8055 val_AccPaper=0.7317
[17:33:06] fold2 ep 008 tr=0.3526 va=0.8129 val_AccPaper=0.7500
[17:33:07] fold2 ep 009 tr=0.3243 va=0.8395 val_AccPaper=0.7439
[17:33:09] fold2 ep 010 tr=0.3179 va=0.8747 val_AccPaper=0.7134
[17:33:11] fold2 ep 011 tr=0.3033 va=0.8534 val_AccPaper=0.7622
[17:33:13] fold2 ep 012 tr=0.2914 va=0.8329 val_AccPaper=0.7378
[17:33:14] fold2 ep 013 tr=0.2761 va=0.8613 val_AccPaper=0.7500
[17:33:16] fold2 ep 014 tr=0.2579 va=0.8856 val_AccPaper=0.7439
[17:33:18] fold2 ep 015 tr=0.2594 va=0.8940 val_AccPaper=0.7256
[17:33:20] fold2 ep 016 tr=0.2385 va=0.9143 val_AccPaper=0.7439
[17:33:22] fold2 ep 017 tr=0.2380 va=0.8947 val_AccPaper=0.7256
[17:33:23] fold2 ep 018 tr=0.2312 va=0.9030 val_AccPaper=0.7378
[17:33:25] fold2 ep 019 tr=0.2149 va=0.9649 val_AccPaper=0.7012
[17:33:27] fold2 ep 020 tr=0.2092 va=0.9418 val_AccPaper=0.7134
[17:33:29] fold2 ep 021 tr=0.2116 va=0.9658 val_AccPaper=0.7195
[17:33:31] fold2 ep 022 tr=0.1944 va=0.9764 val_AccPaper=0.7378
[17:33:32] fold2 ep 023 tr=0.2002 va=1.0208 val_AccPaper=0.7256
[17:33:34] fold2 ep 024 tr=0.1958 va=1.0085 val_AccPaper=0.7256
[17:33:36] fold2 ep 025 tr=0.1898 va=0.9635 val_AccPaper=0.7073
[17:33:38] fold2 ep 026 tr=0.1864 va=0.9652 val_AccPaper=0.7317
[17:33:40] fold2 ep 027 tr=0.1740 va=0.9879 val_AccPaper=0.7256
[17:33:42] fold2 ep 028 tr=0.1729 va=1.0244 val_AccPaper=0.7317
[17:33:43] fold2 ep 029 tr=0.1711 va=1.0209 val_AccPaper=0.7256
[17:33:45] fold2 ep 030 tr=0.1721 va=1.0589 val_AccPaper=0.7256
[17:33:47] fold2 ep 031 tr=0.1689 va=1.0737 val_AccPaper=0.7317
[17:33:47]   early stop @ ep 31
[17:33:49] [S23] three fold3 ft_tr=10253 ft_va=2665 eval=13191
[17:33:51] fold3 ep 001 tr=0.8010 va=0.8451 val_AccPaper=0.6890
[17:33:53] fold3 ep 002 tr=0.6013 va=0.7865 val_AccPaper=0.6707
[17:33:55] fold3 ep 003 tr=0.5214 va=0.7626 val_AccPaper=0.7622
[17:33:56] fold3 ep 004 tr=0.4732 va=0.7766 val_AccPaper=0.7317
[17:33:58] fold3 ep 005 tr=0.4256 va=0.8169 val_AccPaper=0.7256
[17:34:00] fold3 ep 006 tr=0.4029 va=0.7982 val_AccPaper=0.6768
[17:34:02] fold3 ep 007 tr=0.3669 va=0.8051 val_AccPaper=0.7256
[17:34:04] fold3 ep 008 tr=0.3487 va=0.8178 val_AccPaper=0.7134
[17:34:06] fold3 ep 009 tr=0.3348 va=0.8427 val_AccPaper=0.7195
[17:34:07] fold3 ep 010 tr=0.3178 va=0.8513 val_AccPaper=0.6951
[17:34:09] fold3 ep 011 tr=0.3012 va=0.8664 val_AccPaper=0.7134
[17:34:11] fold3 ep 012 tr=0.2856 va=0.8591 val_AccPaper=0.7073
[17:34:13] fold3 ep 013 tr=0.2840 va=0.9008 val_AccPaper=0.6951
[17:34:15] fold3 ep 014 tr=0.2642 va=0.8629 val_AccPaper=0.7317
[17:34:16] fold3 ep 015 tr=0.2594 va=0.9013 val_AccPaper=0.7134
[17:34:18] fold3 ep 016 tr=0.2441 va=0.8889 val_AccPaper=0.7195
[17:34:20] fold3 ep 017 tr=0.2366 va=0.8935 val_AccPaper=0.6829
[17:34:22] fold3 ep 018 tr=0.2313 va=0.8921 val_AccPaper=0.7317
[17:34:24] fold3 ep 019 tr=0.2226 va=0.9413 val_AccPaper=0.7012
[17:34:25] fold3 ep 020 tr=0.2177 va=0.9047 val_AccPaper=0.7439
[17:34:27] fold3 ep 021 tr=0.2036 va=0.9449 val_AccPaper=0.6951
[17:34:29] fold3 ep 022 tr=0.2079 va=0.9245 val_AccPaper=0.7195
[17:34:31] fold3 ep 023 tr=0.2046 va=0.9513 val_AccPaper=0.7012
[17:34:31]   early stop @ ep 23
[17:34:33] [S23] three fold4 ft_tr=10253 ft_va=2665 eval=13191
[17:34:35] fold4 ep 001 tr=0.8352 va=0.8553 val_AccPaper=0.6585
[17:34:37] fold4 ep 002 tr=0.5930 va=0.7844 val_AccPaper=0.7073
[17:34:38] fold4 ep 003 tr=0.5137 va=0.7752 val_AccPaper=0.6890
[17:34:40] fold4 ep 004 tr=0.4476 va=0.7996 val_AccPaper=0.7073
[17:34:42] fold4 ep 005 tr=0.4133 va=0.7513 val_AccPaper=0.7439
[17:34:44] fold4 ep 006 tr=0.3824 va=0.7928 val_AccPaper=0.6951
[17:34:46] fold4 ep 007 tr=0.3661 va=0.7889 val_AccPaper=0.7134
[17:34:48] fold4 ep 008 tr=0.3355 va=0.8336 val_AccPaper=0.7012
[17:34:49] fold4 ep 009 tr=0.3278 va=0.8276 val_AccPaper=0.7073
[17:34:51] fold4 ep 010 tr=0.2981 va=0.8150 val_AccPaper=0.7073
[17:34:53] fold4 ep 011 tr=0.2869 va=0.8612 val_AccPaper=0.7134
[17:34:55] fold4 ep 012 tr=0.2673 va=0.8915 val_AccPaper=0.6829
[17:34:57] fold4 ep 013 tr=0.2653 va=0.8730 val_AccPaper=0.6890
[17:34:58] fold4 ep 014 tr=0.2470 va=0.8695 val_AccPaper=0.6707
[17:35:00] fold4 ep 015 tr=0.2407 va=0.8682 val_AccPaper=0.7256
[17:35:02] fold4 ep 016 tr=0.2327 va=0.8551 val_AccPaper=0.7134
[17:35:04] fold4 ep 017 tr=0.2236 va=0.8984 val_AccPaper=0.7134
[17:35:06] fold4 ep 018 tr=0.2147 va=0.8989 val_AccPaper=0.7195
[17:35:07] fold4 ep 019 tr=0.2153 va=0.8999 val_AccPaper=0.7317
[17:35:09] fold4 ep 020 tr=0.2046 va=0.9075 val_AccPaper=0.7073
[17:35:11] fold4 ep 021 tr=0.2032 va=0.9047 val_AccPaper=0.7012
[17:35:13] fold4 ep 022 tr=0.1862 va=0.9240 val_AccPaper=0.7317
[17:35:15] fold4 ep 023 tr=0.1858 va=0.9556 val_AccPaper=0.6951
[17:35:16] fold4 ep 024 tr=0.1852 va=0.9381 val_AccPaper=0.7317
[17:35:18] fold4 ep 025 tr=0.1829 va=0.9378 val_AccPaper=0.7317
[17:35:18]   early stop @ ep 25
[17:35:23] === S24 cues=1577 train=788 eval=789 ===
[17:35:25] [S24] task fold0 ft_tr=20526 ft_va=5178 eval=26748
[17:35:28] fold0 ep 001 tr=0.3978 va=0.4073 val_AccPaper=0.8734
[17:35:32] fold0 ep 002 tr=0.2727 va=0.3852 val_AccPaper=0.8608
[17:35:35] fold0 ep 003 tr=0.2454 va=0.4072 val_AccPaper=0.8639
[17:35:38] fold0 ep 004 tr=0.2232 va=0.3922 val_AccPaper=0.8449
[17:35:42] fold0 ep 005 tr=0.2063 va=0.4136 val_AccPaper=0.8639
[17:35:45] fold0 ep 006 tr=0.1909 va=0.3992 val_AccPaper=0.8576
[17:35:49] fold0 ep 007 tr=0.1845 va=0.4212 val_AccPaper=0.8639
[17:35:52] fold0 ep 008 tr=0.1786 va=0.4111 val_AccPaper=0.8703
[17:35:55] fold0 ep 009 tr=0.1656 va=0.4165 val_AccPaper=0.8703
[17:35:58] fold0 ep 010 tr=0.1619 va=0.4479 val_AccPaper=0.8576
[17:36:02] fold0 ep 011 tr=0.1610 va=0.4424 val_AccPaper=0.8608
[17:36:05] fold0 ep 012 tr=0.1482 va=0.4253 val_AccPaper=0.8544
[17:36:08] fold0 ep 013 tr=0.1489 va=0.4140 val_AccPaper=0.8671
[17:36:12] fold0 ep 014 tr=0.1432 va=0.4432 val_AccPaper=0.8608
[17:36:15] fold0 ep 015 tr=0.1380 va=0.4355 val_AccPaper=0.8449
[17:36:18] fold0 ep 016 tr=0.1417 va=0.4589 val_AccPaper=0.8608
[17:36:21] fold0 ep 017 tr=0.1290 va=0.4610 val_AccPaper=0.8703
[17:36:25] fold0 ep 018 tr=0.1314 va=0.4757 val_AccPaper=0.8639
[17:36:28] fold0 ep 019 tr=0.1238 va=0.4667 val_AccPaper=0.8608
[17:36:31] fold0 ep 020 tr=0.1226 va=0.4723 val_AccPaper=0.8608
[17:36:34] fold0 ep 021 tr=0.1247 va=0.4683 val_AccPaper=0.8418
[17:36:34]   early stop @ ep 21
[17:36:39] [S24] task fold1 ft_tr=20526 ft_va=5178 eval=26748
[17:36:43] fold1 ep 001 tr=0.3816 va=0.3987 val_AccPaper=0.8481
[17:36:46] fold1 ep 002 tr=0.2711 va=0.3807 val_AccPaper=0.8576
[17:36:49] fold1 ep 003 tr=0.2442 va=0.3770 val_AccPaper=0.8608
[17:36:52] fold1 ep 004 tr=0.2188 va=0.4003 val_AccPaper=0.8671
[17:36:56] fold1 ep 005 tr=0.2087 va=0.3912 val_AccPaper=0.8418
[17:36:59] fold1 ep 006 tr=0.1974 va=0.4229 val_AccPaper=0.8639
[17:37:02] fold1 ep 007 tr=0.1807 va=0.4014 val_AccPaper=0.8544
[17:37:06] fold1 ep 008 tr=0.1724 va=0.4087 val_AccPaper=0.8671
[17:37:09] fold1 ep 009 tr=0.1761 va=0.4210 val_AccPaper=0.8449
[17:37:12] fold1 ep 010 tr=0.1643 va=0.4275 val_AccPaper=0.8544
[17:37:15] fold1 ep 011 tr=0.1571 va=0.4173 val_AccPaper=0.8671
[17:37:19] fold1 ep 012 tr=0.1598 va=0.4314 val_AccPaper=0.8576
[17:37:22] fold1 ep 013 tr=0.1500 va=0.4151 val_AccPaper=0.8576
[17:37:25] fold1 ep 014 tr=0.1401 va=0.4400 val_AccPaper=0.8576
[17:37:29] fold1 ep 015 tr=0.1435 va=0.4569 val_AccPaper=0.8576
[17:37:32] fold1 ep 016 tr=0.1357 va=0.4684 val_AccPaper=0.8671
[17:37:35] fold1 ep 017 tr=0.1377 va=0.4414 val_AccPaper=0.8449
[17:37:39] fold1 ep 018 tr=0.1344 va=0.4661 val_AccPaper=0.8544
[17:37:42] fold1 ep 019 tr=0.1326 va=0.4370 val_AccPaper=0.8608
[17:37:45] fold1 ep 020 tr=0.1293 va=0.4836 val_AccPaper=0.8734
[17:37:49] fold1 ep 021 tr=0.1256 va=0.4846 val_AccPaper=0.8639
[17:37:52] fold1 ep 022 tr=0.1236 va=0.4695 val_AccPaper=0.8639
[17:37:56] fold1 ep 023 tr=0.1207 va=0.4636 val_AccPaper=0.8639
[17:37:59] fold1 ep 024 tr=0.1216 va=0.5109 val_AccPaper=0.8544
[17:38:03] fold1 ep 025 tr=0.1204 va=0.5059 val_AccPaper=0.8639
[17:38:06] fold1 ep 026 tr=0.1145 va=0.4844 val_AccPaper=0.8576
[17:38:10] fold1 ep 027 tr=0.1130 va=0.4899 val_AccPaper=0.8671
[17:38:13] fold1 ep 028 tr=0.1175 va=0.4804 val_AccPaper=0.8639
[17:38:16] fold1 ep 029 tr=0.1151 va=0.5064 val_AccPaper=0.8544
[17:38:20] fold1 ep 030 tr=0.1068 va=0.4990 val_AccPaper=0.8671
[17:38:24] fold1 ep 031 tr=0.1094 va=0.5199 val_AccPaper=0.8703
[17:38:27] fold1 ep 032 tr=0.1077 va=0.4994 val_AccPaper=0.8576
[17:38:30] fold1 ep 033 tr=0.1048 va=0.5341 val_AccPaper=0.8481
[17:38:32] fold1 ep 034 tr=0.1068 va=0.5222 val_AccPaper=0.8608
[17:38:34] fold1 ep 035 tr=0.1048 va=0.5211 val_AccPaper=0.8576
[17:38:36] fold1 ep 036 tr=0.1080 va=0.5412 val_AccPaper=0.8449
[17:38:38] fold1 ep 037 tr=0.1111 va=0.5479 val_AccPaper=0.8576
[17:38:40] fold1 ep 038 tr=0.1019 va=0.5385 val_AccPaper=0.8608
[17:38:41] fold1 ep 039 tr=0.1043 va=0.5669 val_AccPaper=0.8639
[17:38:44] fold1 ep 040 tr=0.1034 va=0.5273 val_AccPaper=0.8449
[17:38:44]   early stop @ ep 40
[17:38:48] [S24] task fold2 ft_tr=20526 ft_va=5178 eval=26748
[17:38:52] fold2 ep 001 tr=0.3927 va=0.3971 val_AccPaper=0.8703
[17:38:56] fold2 ep 002 tr=0.2807 va=0.3645 val_AccPaper=0.8797
[17:38:59] fold2 ep 003 tr=0.2480 va=0.3784 val_AccPaper=0.8734
[17:39:02] fold2 ep 004 tr=0.2246 va=0.3978 val_AccPaper=0.8734
[17:39:06] fold2 ep 005 tr=0.2061 va=0.3967 val_AccPaper=0.8703
[17:39:09] fold2 ep 006 tr=0.1988 va=0.4072 val_AccPaper=0.8639
[17:39:12] fold2 ep 007 tr=0.1889 va=0.4036 val_AccPaper=0.8671
[17:39:15] fold2 ep 008 tr=0.1791 va=0.4143 val_AccPaper=0.8608
[17:39:19] fold2 ep 009 tr=0.1707 va=0.4220 val_AccPaper=0.8608
[17:39:22] fold2 ep 010 tr=0.1654 va=0.4385 val_AccPaper=0.8608
[17:39:25] fold2 ep 011 tr=0.1604 va=0.4170 val_AccPaper=0.8544
[17:39:28] fold2 ep 012 tr=0.1568 va=0.4153 val_AccPaper=0.8639
[17:39:32] fold2 ep 013 tr=0.1455 va=0.4220 val_AccPaper=0.8671
[17:39:35] fold2 ep 014 tr=0.1431 va=0.4666 val_AccPaper=0.8544
[17:39:38] fold2 ep 015 tr=0.1430 va=0.4576 val_AccPaper=0.8734
[17:39:41] fold2 ep 016 tr=0.1344 va=0.4421 val_AccPaper=0.8608
[17:39:45] fold2 ep 017 tr=0.1346 va=0.4387 val_AccPaper=0.8639
[17:39:48] fold2 ep 018 tr=0.1334 va=0.4617 val_AccPaper=0.8576
[17:39:51] fold2 ep 019 tr=0.1271 va=0.4595 val_AccPaper=0.8734
[17:39:54] fold2 ep 020 tr=0.1274 va=0.4734 val_AccPaper=0.8608
[17:39:58] fold2 ep 021 tr=0.1278 va=0.4708 val_AccPaper=0.8671
[17:40:01] fold2 ep 022 tr=0.1264 va=0.4837 val_AccPaper=0.8608
[17:40:01]   early stop @ ep 22
[17:40:05] [S24] task fold3 ft_tr=20526 ft_va=5178 eval=26748
[17:40:09] fold3 ep 001 tr=0.3996 va=0.4343 val_AccPaper=0.8354
[17:40:12] fold3 ep 002 tr=0.2845 va=0.3903 val_AccPaper=0.8544
[17:40:15] fold3 ep 003 tr=0.2417 va=0.4113 val_AccPaper=0.8639
[17:40:19] fold3 ep 004 tr=0.2251 va=0.4057 val_AccPaper=0.8639
[17:40:22] fold3 ep 005 tr=0.2115 va=0.4044 val_AccPaper=0.8766
[17:40:25] fold3 ep 006 tr=0.1966 va=0.4063 val_AccPaper=0.8703
[17:40:28] fold3 ep 007 tr=0.1904 va=0.4149 val_AccPaper=0.8513
[17:40:32] fold3 ep 008 tr=0.1791 va=0.4223 val_AccPaper=0.8639
[17:40:35] fold3 ep 009 tr=0.1699 va=0.4190 val_AccPaper=0.8576
[17:40:38] fold3 ep 010 tr=0.1693 va=0.4472 val_AccPaper=0.8513
[17:40:41] fold3 ep 011 tr=0.1612 va=0.4216 val_AccPaper=0.8639
[17:40:45] fold3 ep 012 tr=0.1559 va=0.4480 val_AccPaper=0.8418
[17:40:48] fold3 ep 013 tr=0.1566 va=0.4419 val_AccPaper=0.8703
[17:40:51] fold3 ep 014 tr=0.1454 va=0.4565 val_AccPaper=0.8386
[17:40:54] fold3 ep 015 tr=0.1461 va=0.4607 val_AccPaper=0.8639
[17:40:58] fold3 ep 016 tr=0.1386 va=0.4622 val_AccPaper=0.8481
[17:41:01] fold3 ep 017 tr=0.1413 va=0.4633 val_AccPaper=0.8576
[17:41:04] fold3 ep 018 tr=0.1385 va=0.4755 val_AccPaper=0.8734
[17:41:07] fold3 ep 019 tr=0.1346 va=0.4810 val_AccPaper=0.8513
[17:41:11] fold3 ep 020 tr=0.1357 va=0.4647 val_AccPaper=0.8513
[17:41:14] fold3 ep 021 tr=0.1295 va=0.4986 val_AccPaper=0.8544
[17:41:17] fold3 ep 022 tr=0.1287 va=0.4979 val_AccPaper=0.8639
[17:41:20] fold3 ep 023 tr=0.1329 va=0.4767 val_AccPaper=0.8608
[17:41:24] fold3 ep 024 tr=0.1245 va=0.4902 val_AccPaper=0.8639
[17:41:27] fold3 ep 025 tr=0.1228 va=0.5143 val_AccPaper=0.8576
[17:41:27]   early stop @ ep 25
[17:41:31] [S24] task fold4 ft_tr=20526 ft_va=5178 eval=26748
[17:41:34] fold4 ep 001 tr=0.4111 va=0.4188 val_AccPaper=0.8418
[17:41:38] fold4 ep 002 tr=0.2864 va=0.3910 val_AccPaper=0.8576
[17:41:41] fold4 ep 003 tr=0.2471 va=0.3945 val_AccPaper=0.8608
[17:41:44] fold4 ep 004 tr=0.2238 va=0.3832 val_AccPaper=0.8671
[17:41:48] fold4 ep 005 tr=0.2071 va=0.3826 val_AccPaper=0.8703
[17:41:51] fold4 ep 006 tr=0.1974 va=0.4194 val_AccPaper=0.8418
[17:41:54] fold4 ep 007 tr=0.1801 va=0.4283 val_AccPaper=0.8386
[17:41:57] fold4 ep 008 tr=0.1724 va=0.4120 val_AccPaper=0.8544
[17:42:01] fold4 ep 009 tr=0.1679 va=0.4330 val_AccPaper=0.8671
[17:42:04] fold4 ep 010 tr=0.1633 va=0.4324 val_AccPaper=0.8544
[17:42:07] fold4 ep 011 tr=0.1597 va=0.4316 val_AccPaper=0.8576
[17:42:10] fold4 ep 012 tr=0.1462 va=0.4565 val_AccPaper=0.8671
[17:42:14] fold4 ep 013 tr=0.1471 va=0.4693 val_AccPaper=0.8608
[17:42:17] fold4 ep 014 tr=0.1442 va=0.4449 val_AccPaper=0.8703
[17:42:20] fold4 ep 015 tr=0.1409 va=0.4597 val_AccPaper=0.8608
[17:42:24] fold4 ep 016 tr=0.1367 va=0.4416 val_AccPaper=0.8544
[17:42:27] fold4 ep 017 tr=0.1347 va=0.4701 val_AccPaper=0.8513
[17:42:30] fold4 ep 018 tr=0.1333 va=0.4839 val_AccPaper=0.8608
[17:42:33] fold4 ep 019 tr=0.1322 va=0.4751 val_AccPaper=0.8513
[17:42:37] fold4 ep 020 tr=0.1254 va=0.4938 val_AccPaper=0.8481
[17:42:40] fold4 ep 021 tr=0.1240 va=0.4855 val_AccPaper=0.8608
[17:42:43] fold4 ep 022 tr=0.1257 va=0.5139 val_AccPaper=0.8608
[17:42:47] fold4 ep 023 tr=0.1217 va=0.4785 val_AccPaper=0.8513
[17:42:50] fold4 ep 024 tr=0.1199 va=0.4954 val_AccPaper=0.8544
[17:42:53] fold4 ep 025 tr=0.1195 va=0.4883 val_AccPaper=0.8544
[17:42:53]   early stop @ ep 25
[17:42:58] [S24] three fold0 ft_tr=20526 ft_va=5178 eval=26748
[17:43:01] fold0 ep 001 tr=0.7698 va=0.7023 val_AccPaper=0.7563
[17:43:04] fold0 ep 002 tr=0.5576 va=0.6536 val_AccPaper=0.7595
[17:43:08] fold0 ep 003 tr=0.4770 va=0.6408 val_AccPaper=0.7785
[17:43:11] fold0 ep 004 tr=0.4331 va=0.6325 val_AccPaper=0.8165
[17:43:14] fold0 ep 005 tr=0.4020 va=0.6207 val_AccPaper=0.8133
[17:43:18] fold0 ep 006 tr=0.3836 va=0.6444 val_AccPaper=0.8006
[17:43:21] fold0 ep 007 tr=0.3659 va=0.6374 val_AccPaper=0.8070
[17:43:24] fold0 ep 008 tr=0.3507 va=0.6136 val_AccPaper=0.8038
[17:43:28] fold0 ep 009 tr=0.3361 va=0.6512 val_AccPaper=0.7753
[17:43:31] fold0 ep 010 tr=0.3243 va=0.6195 val_AccPaper=0.8070
[17:43:34] fold0 ep 011 tr=0.3174 va=0.6407 val_AccPaper=0.8038
[17:43:37] fold0 ep 012 tr=0.3060 va=0.6460 val_AccPaper=0.7975
[17:43:40] fold0 ep 013 tr=0.3013 va=0.6402 val_AccPaper=0.7911
[17:43:44] fold0 ep 014 tr=0.2956 va=0.6861 val_AccPaper=0.7816
[17:43:47] fold0 ep 015 tr=0.2888 va=0.6701 val_AccPaper=0.7848
[17:43:50] fold0 ep 016 tr=0.2819 va=0.6751 val_AccPaper=0.7753
[17:43:54] fold0 ep 017 tr=0.2761 va=0.6697 val_AccPaper=0.8006
[17:43:57] fold0 ep 018 tr=0.2769 va=0.6754 val_AccPaper=0.7848
[17:44:00] fold0 ep 019 tr=0.2683 va=0.6867 val_AccPaper=0.8038
[17:44:04] fold0 ep 020 tr=0.2634 va=0.7009 val_AccPaper=0.7848
[17:44:07] fold0 ep 021 tr=0.2669 va=0.7039 val_AccPaper=0.7848
[17:44:10] fold0 ep 022 tr=0.2527 va=0.7190 val_AccPaper=0.7690
[17:44:14] fold0 ep 023 tr=0.2581 va=0.7064 val_AccPaper=0.7658
[17:44:17] fold0 ep 024 tr=0.2520 va=0.6941 val_AccPaper=0.7816
[17:44:17]   early stop @ ep 24
[17:44:21] [S24] three fold1 ft_tr=20526 ft_va=5178 eval=26748
[17:44:25] fold1 ep 001 tr=0.7566 va=0.7172 val_AccPaper=0.7532
[17:44:28] fold1 ep 002 tr=0.5698 va=0.6364 val_AccPaper=0.7785
[17:44:31] fold1 ep 003 tr=0.4923 va=0.6059 val_AccPaper=0.7785
[17:44:35] fold1 ep 004 tr=0.4549 va=0.6301 val_AccPaper=0.7785
[17:44:38] fold1 ep 005 tr=0.4283 va=0.6327 val_AccPaper=0.7943
[17:44:41] fold1 ep 006 tr=0.4006 va=0.6476 val_AccPaper=0.7753
[17:44:45] fold1 ep 007 tr=0.3805 va=0.6634 val_AccPaper=0.7816
[17:44:48] fold1 ep 008 tr=0.3649 va=0.6471 val_AccPaper=0.7785
[17:44:52] fold1 ep 009 tr=0.3474 va=0.6417 val_AccPaper=0.7880
[17:44:55] fold1 ep 010 tr=0.3361 va=0.6749 val_AccPaper=0.7943
[17:44:58] fold1 ep 011 tr=0.3297 va=0.6803 val_AccPaper=0.7753
[17:45:01] fold1 ep 012 tr=0.3130 va=0.6860 val_AccPaper=0.7943
[17:45:05] fold1 ep 013 tr=0.3116 va=0.6836 val_AccPaper=0.8038
[17:45:08] fold1 ep 014 tr=0.3033 va=0.7142 val_AccPaper=0.7753
[17:45:11] fold1 ep 015 tr=0.2974 va=0.6960 val_AccPaper=0.8006
[17:45:15] fold1 ep 016 tr=0.2883 va=0.6924 val_AccPaper=0.7880
[17:45:18] fold1 ep 017 tr=0.2924 va=0.7183 val_AccPaper=0.7785
[17:45:21] fold1 ep 018 tr=0.2883 va=0.6725 val_AccPaper=0.7816
[17:45:25] fold1 ep 019 tr=0.2812 va=0.7294 val_AccPaper=0.7627
[17:45:28] fold1 ep 020 tr=0.2840 va=0.7538 val_AccPaper=0.7880
[17:45:31] fold1 ep 021 tr=0.2728 va=0.7193 val_AccPaper=0.7911
[17:45:35] fold1 ep 022 tr=0.2649 va=0.7471 val_AccPaper=0.7848
[17:45:38] fold1 ep 023 tr=0.2664 va=0.7472 val_AccPaper=0.7880
[17:45:41] fold1 ep 024 tr=0.2623 va=0.7416 val_AccPaper=0.7848
[17:45:45] fold1 ep 025 tr=0.2609 va=0.7467 val_AccPaper=0.7753
[17:45:48] fold1 ep 026 tr=0.2542 va=0.7424 val_AccPaper=0.7785
[17:45:51] fold1 ep 027 tr=0.2523 va=0.7534 val_AccPaper=0.7975
[17:45:55] fold1 ep 028 tr=0.2537 va=0.7324 val_AccPaper=0.7975
[17:45:58] fold1 ep 029 tr=0.2565 va=0.7214 val_AccPaper=0.8006
[17:46:01] fold1 ep 030 tr=0.2438 va=0.7393 val_AccPaper=0.7848
[17:46:05] fold1 ep 031 tr=0.2394 va=0.7549 val_AccPaper=0.7880
[17:46:08] fold1 ep 032 tr=0.2439 va=0.7565 val_AccPaper=0.7785
[17:46:11] fold1 ep 033 tr=0.2351 va=0.7156 val_AccPaper=0.7975
[17:46:11]   early stop @ ep 33
[17:46:16] [S24] three fold2 ft_tr=20526 ft_va=5178 eval=26748
[17:46:19] fold2 ep 001 tr=0.7619 va=0.7048 val_AccPaper=0.7563
[17:46:22] fold2 ep 002 tr=0.5574 va=0.6460 val_AccPaper=0.7911
[17:46:26] fold2 ep 003 tr=0.4934 va=0.6507 val_AccPaper=0.7595
[17:46:29] fold2 ep 004 tr=0.4556 va=0.6124 val_AccPaper=0.7880
[17:46:33] fold2 ep 005 tr=0.4144 va=0.6351 val_AccPaper=0.7848
[17:46:36] fold2 ep 006 tr=0.4040 va=0.6330 val_AccPaper=0.7785
[17:46:39] fold2 ep 007 tr=0.3820 va=0.6277 val_AccPaper=0.7848
[17:46:42] fold2 ep 008 tr=0.3588 va=0.6812 val_AccPaper=0.7785
[17:46:46] fold2 ep 009 tr=0.3476 va=0.6441 val_AccPaper=0.7658
[17:46:49] fold2 ep 010 tr=0.3460 va=0.6265 val_AccPaper=0.7911
[17:46:52] fold2 ep 011 tr=0.3298 va=0.6422 val_AccPaper=0.7975
[17:46:56] fold2 ep 012 tr=0.3212 va=0.6611 val_AccPaper=0.7848
[17:46:59] fold2 ep 013 tr=0.3123 va=0.6611 val_AccPaper=0.7722
[17:47:02] fold2 ep 014 tr=0.3100 va=0.6312 val_AccPaper=0.8038
[17:47:05] fold2 ep 015 tr=0.3049 va=0.6686 val_AccPaper=0.7848
[17:47:09] fold2 ep 016 tr=0.2982 va=0.6632 val_AccPaper=0.7816
[17:47:12] fold2 ep 017 tr=0.2835 va=0.6680 val_AccPaper=0.8006
[17:47:15] fold2 ep 018 tr=0.2822 va=0.6647 val_AccPaper=0.7753
[17:47:18] fold2 ep 019 tr=0.2784 va=0.6625 val_AccPaper=0.7943
[17:47:22] fold2 ep 020 tr=0.2770 va=0.6805 val_AccPaper=0.7975
[17:47:25] fold2 ep 021 tr=0.2667 va=0.6791 val_AccPaper=0.8070
[17:47:28] fold2 ep 022 tr=0.2660 va=0.6632 val_AccPaper=0.7943
[17:47:31] fold2 ep 023 tr=0.2667 va=0.6936 val_AccPaper=0.7943
[17:47:35] fold2 ep 024 tr=0.2607 va=0.6885 val_AccPaper=0.7911
[17:47:38] fold2 ep 025 tr=0.2581 va=0.6768 val_AccPaper=0.8070
[17:47:41] fold2 ep 026 tr=0.2613 va=0.7036 val_AccPaper=0.8006
[17:47:45] fold2 ep 027 tr=0.2583 va=0.7117 val_AccPaper=0.7785
[17:47:48] fold2 ep 028 tr=0.2517 va=0.7115 val_AccPaper=0.7975
[17:47:51] fold2 ep 029 tr=0.2460 va=0.6926 val_AccPaper=0.8006
[17:47:55] fold2 ep 030 tr=0.2427 va=0.6722 val_AccPaper=0.8038
[17:47:58] fold2 ep 031 tr=0.2424 va=0.7094 val_AccPaper=0.8006
[17:48:01] fold2 ep 032 tr=0.2516 va=0.7258 val_AccPaper=0.8070
[17:48:04] fold2 ep 033 tr=0.2365 va=0.7197 val_AccPaper=0.7911
[17:48:08] fold2 ep 034 tr=0.2342 va=0.7366 val_AccPaper=0.7975
[17:48:11] fold2 ep 035 tr=0.2285 va=0.7246 val_AccPaper=0.8165
[17:48:14] fold2 ep 036 tr=0.2354 va=0.7516 val_AccPaper=0.7816
[17:48:18] fold2 ep 037 tr=0.2371 va=0.7414 val_AccPaper=0.7975
[17:48:21] fold2 ep 038 tr=0.2248 va=0.7418 val_AccPaper=0.8070
[17:48:24] fold2 ep 039 tr=0.2281 va=0.7728 val_AccPaper=0.7975
[17:48:28] fold2 ep 040 tr=0.2292 va=0.7367 val_AccPaper=0.7975
[17:48:31] fold2 ep 041 tr=0.2293 va=0.7557 val_AccPaper=0.8038
[17:48:34] fold2 ep 042 tr=0.2222 va=0.7558 val_AccPaper=0.7975
[17:48:37] fold2 ep 043 tr=0.2188 va=0.7549 val_AccPaper=0.7848
[17:48:41] fold2 ep 044 tr=0.2172 va=0.8026 val_AccPaper=0.7848
[17:48:44] fold2 ep 045 tr=0.2240 va=0.7660 val_AccPaper=0.7911
[17:48:47] fold2 ep 046 tr=0.2194 va=0.7454 val_AccPaper=0.7943
[17:48:51] fold2 ep 047 tr=0.2237 va=0.7881 val_AccPaper=0.7911
[17:48:54] fold2 ep 048 tr=0.2173 va=0.7931 val_AccPaper=0.8006
[17:48:57] fold2 ep 049 tr=0.2084 va=0.7853 val_AccPaper=0.7911
[17:49:01] fold2 ep 050 tr=0.2125 va=0.7889 val_AccPaper=0.7785
[17:49:04] fold2 ep 051 tr=0.2107 va=0.7916 val_AccPaper=0.7880
[17:49:07] fold2 ep 052 tr=0.2122 va=0.7793 val_AccPaper=0.8101
[17:49:11] fold2 ep 053 tr=0.2075 va=0.7951 val_AccPaper=0.7975
[17:49:14] fold2 ep 054 tr=0.2146 va=0.8072 val_AccPaper=0.7975
[17:49:17] fold2 ep 055 tr=0.2116 va=0.7851 val_AccPaper=0.7911
[17:49:17]   early stop @ ep 55
[17:49:21] [S24] three fold3 ft_tr=20526 ft_va=5178 eval=26748
[17:49:23] fold3 ep 001 tr=0.7593 va=0.7134 val_AccPaper=0.7627
[17:49:25] fold3 ep 002 tr=0.5741 va=0.6780 val_AccPaper=0.7722
[17:49:27] fold3 ep 003 tr=0.5002 va=0.6364 val_AccPaper=0.7753
[17:49:29] fold3 ep 004 tr=0.4614 va=0.6354 val_AccPaper=0.7816
[17:49:31] fold3 ep 005 tr=0.4234 va=0.6291 val_AccPaper=0.7753
[17:49:33] fold3 ep 006 tr=0.4032 va=0.6291 val_AccPaper=0.7753
[17:49:35] fold3 ep 007 tr=0.3817 va=0.6153 val_AccPaper=0.8070
[17:49:37] fold3 ep 008 tr=0.3726 va=0.6424 val_AccPaper=0.7880
[17:49:39] fold3 ep 009 tr=0.3522 va=0.6263 val_AccPaper=0.8006
[17:49:41] fold3 ep 010 tr=0.3407 va=0.6324 val_AccPaper=0.8038
[17:49:42] fold3 ep 011 tr=0.3295 va=0.6488 val_AccPaper=0.7943
[17:49:44] fold3 ep 012 tr=0.3268 va=0.6356 val_AccPaper=0.8070
[17:49:46] fold3 ep 013 tr=0.3184 va=0.6757 val_AccPaper=0.7911
[17:49:48] fold3 ep 014 tr=0.3078 va=0.6486 val_AccPaper=0.8038
[17:49:50] fold3 ep 015 tr=0.3011 va=0.6919 val_AccPaper=0.7880
[17:49:52] fold3 ep 016 tr=0.2962 va=0.6495 val_AccPaper=0.8070
[17:49:54] fold3 ep 017 tr=0.2941 va=0.6736 val_AccPaper=0.7911
[17:49:56] fold3 ep 018 tr=0.2901 va=0.6669 val_AccPaper=0.7911
[17:49:57] fold3 ep 019 tr=0.2831 va=0.6959 val_AccPaper=0.7880
[17:49:59] fold3 ep 020 tr=0.2833 va=0.6598 val_AccPaper=0.7911
[17:50:01] fold3 ep 021 tr=0.2749 va=0.6671 val_AccPaper=0.7975
[17:50:03] fold3 ep 022 tr=0.2747 va=0.6893 val_AccPaper=0.7816
[17:50:05] fold3 ep 023 tr=0.2651 va=0.6815 val_AccPaper=0.7880
[17:50:07] fold3 ep 024 tr=0.2610 va=0.6900 val_AccPaper=0.8101
[17:50:09] fold3 ep 025 tr=0.2650 va=0.7273 val_AccPaper=0.8038
[17:50:10] fold3 ep 026 tr=0.2581 va=0.7011 val_AccPaper=0.7816
[17:50:12] fold3 ep 027 tr=0.2541 va=0.6976 val_AccPaper=0.7848
[17:50:14] fold3 ep 028 tr=0.2566 va=0.7233 val_AccPaper=0.7943
[17:50:16] fold3 ep 029 tr=0.2553 va=0.7581 val_AccPaper=0.7753
[17:50:18] fold3 ep 030 tr=0.2556 va=0.7058 val_AccPaper=0.7816
[17:50:20] fold3 ep 031 tr=0.2464 va=0.6949 val_AccPaper=0.7911
[17:50:22] fold3 ep 032 tr=0.2404 va=0.7237 val_AccPaper=0.7848
[17:50:24] fold3 ep 033 tr=0.2397 va=0.7470 val_AccPaper=0.7975
[17:50:26] fold3 ep 034 tr=0.2416 va=0.7589 val_AccPaper=0.7848
[17:50:27] fold3 ep 035 tr=0.2472 va=0.7717 val_AccPaper=0.7563
[17:50:29] fold3 ep 036 tr=0.2449 va=0.7213 val_AccPaper=0.7753
[17:50:31] fold3 ep 037 tr=0.2414 va=0.7672 val_AccPaper=0.7722
[17:50:33] fold3 ep 038 tr=0.2344 va=0.7580 val_AccPaper=0.8038
[17:50:35] fold3 ep 039 tr=0.2308 va=0.7600 val_AccPaper=0.7943
[17:50:37] fold3 ep 040 tr=0.2289 va=0.7766 val_AccPaper=0.7848
[17:50:38] fold3 ep 041 tr=0.2309 va=0.7186 val_AccPaper=0.7816
[17:50:40] fold3 ep 042 tr=0.2288 va=0.7766 val_AccPaper=0.7880
[17:50:43] fold3 ep 043 tr=0.2321 va=0.7494 val_AccPaper=0.7943
[17:50:46] fold3 ep 044 tr=0.2285 va=0.7454 val_AccPaper=0.7880
[17:50:46]   early stop @ ep 44
[17:50:51] [S24] three fold4 ft_tr=20526 ft_va=5178 eval=26748
[17:50:55] fold4 ep 001 tr=0.7757 va=0.7255 val_AccPaper=0.7247
[17:50:58] fold4 ep 002 tr=0.5592 va=0.6450 val_AccPaper=0.7658
[17:51:02] fold4 ep 003 tr=0.4918 va=0.6416 val_AccPaper=0.7722
[17:51:05] fold4 ep 004 tr=0.4507 va=0.6189 val_AccPaper=0.7785
[17:51:09] fold4 ep 005 tr=0.4149 va=0.6033 val_AccPaper=0.8101
[17:51:12] fold4 ep 006 tr=0.3816 va=0.6058 val_AccPaper=0.8165
[17:51:16] fold4 ep 007 tr=0.3802 va=0.6109 val_AccPaper=0.8070
[17:51:19] fold4 ep 008 tr=0.3649 va=0.6327 val_AccPaper=0.7880
[17:51:23] fold4 ep 009 tr=0.3430 va=0.6234 val_AccPaper=0.7880
[17:51:26] fold4 ep 010 tr=0.3375 va=0.6132 val_AccPaper=0.7911
[17:51:30] fold4 ep 011 tr=0.3283 va=0.6250 val_AccPaper=0.8038
[17:51:33] fold4 ep 012 tr=0.3253 va=0.6177 val_AccPaper=0.8006
[17:51:37] fold4 ep 013 tr=0.3076 va=0.6428 val_AccPaper=0.7975
[17:51:40] fold4 ep 014 tr=0.3017 va=0.6593 val_AccPaper=0.7975
[17:51:43] fold4 ep 015 tr=0.2924 va=0.6232 val_AccPaper=0.8101
[17:51:44] fold4 ep 016 tr=0.2927 va=0.6537 val_AccPaper=0.7975
[17:51:46] fold4 ep 017 tr=0.2888 va=0.6699 val_AccPaper=0.8006
[17:51:48] fold4 ep 018 tr=0.2752 va=0.6528 val_AccPaper=0.7943
[17:51:50] fold4 ep 019 tr=0.2697 va=0.6775 val_AccPaper=0.8070
[17:51:52] fold4 ep 020 tr=0.2713 va=0.6996 val_AccPaper=0.7943
[17:51:54] fold4 ep 021 tr=0.2589 va=0.6468 val_AccPaper=0.8006
[17:51:56] fold4 ep 022 tr=0.2632 va=0.7068 val_AccPaper=0.8038
[17:51:58] fold4 ep 023 tr=0.2653 va=0.6762 val_AccPaper=0.8006
[17:52:01] fold4 ep 024 tr=0.2549 va=0.6777 val_AccPaper=0.7880
[17:52:03] fold4 ep 025 tr=0.2479 va=0.7410 val_AccPaper=0.8006
[17:52:05] fold4 ep 026 tr=0.2509 va=0.7009 val_AccPaper=0.8038
[17:52:05]   early stop @ ep 26
[17:52:09] === S25 cues=1363 train=681 eval=682 ===
[17:52:11] [S25] task fold0 ft_tr=17829 ft_va=4678 eval=22365
[17:52:13] fold0 ep 001 tr=0.3998 va=0.4376 val_AccPaper=0.8382
[17:52:15] fold0 ep 002 tr=0.2916 va=0.3789 val_AccPaper=0.8419
[17:52:17] fold0 ep 003 tr=0.2562 va=0.4019 val_AccPaper=0.8529
[17:52:19] fold0 ep 004 tr=0.2280 va=0.3589 val_AccPaper=0.8493
[17:52:21] fold0 ep 005 tr=0.2163 va=0.3688 val_AccPaper=0.8493
[17:52:23] fold0 ep 006 tr=0.1988 va=0.3822 val_AccPaper=0.8640
[17:52:25] fold0 ep 007 tr=0.1932 va=0.3654 val_AccPaper=0.8566
[17:52:27] fold0 ep 008 tr=0.1845 va=0.3639 val_AccPaper=0.8750
[17:52:28] fold0 ep 009 tr=0.1728 va=0.3781 val_AccPaper=0.8713
[17:52:30] fold0 ep 010 tr=0.1640 va=0.3927 val_AccPaper=0.8676
[17:52:32] fold0 ep 011 tr=0.1654 va=0.3712 val_AccPaper=0.8824
[17:52:34] fold0 ep 012 tr=0.1566 va=0.4349 val_AccPaper=0.8640
[17:52:35] fold0 ep 013 tr=0.1487 va=0.3751 val_AccPaper=0.8566
[17:52:37] fold0 ep 014 tr=0.1468 va=0.3886 val_AccPaper=0.8750
[17:52:38] fold0 ep 015 tr=0.1384 va=0.3761 val_AccPaper=0.8640
[17:52:40] fold0 ep 016 tr=0.1428 va=0.3912 val_AccPaper=0.8640
[17:52:42] fold0 ep 017 tr=0.1419 va=0.4021 val_AccPaper=0.8676
[17:52:43] fold0 ep 018 tr=0.1323 va=0.4050 val_AccPaper=0.8750
[17:52:45] fold0 ep 019 tr=0.1297 va=0.4265 val_AccPaper=0.8640
[17:52:47] fold0 ep 020 tr=0.1289 va=0.4136 val_AccPaper=0.8676
[17:52:48] fold0 ep 021 tr=0.1229 va=0.4426 val_AccPaper=0.8676
[17:52:50] fold0 ep 022 tr=0.1234 va=0.4009 val_AccPaper=0.8603
[17:52:52] fold0 ep 023 tr=0.1239 va=0.4350 val_AccPaper=0.8713
[17:52:53] fold0 ep 024 tr=0.1218 va=0.4526 val_AccPaper=0.8750
[17:52:55] fold0 ep 025 tr=0.1152 va=0.4074 val_AccPaper=0.8713
[17:52:57] fold0 ep 026 tr=0.1191 va=0.4605 val_AccPaper=0.8713
[17:52:58] fold0 ep 027 tr=0.1162 va=0.4446 val_AccPaper=0.8640
[17:53:00] fold0 ep 028 tr=0.1107 va=0.4280 val_AccPaper=0.8493
[17:53:01] fold0 ep 029 tr=0.1083 va=0.4410 val_AccPaper=0.8603
[17:53:03] fold0 ep 030 tr=0.1096 va=0.4304 val_AccPaper=0.8603
[17:53:04] fold0 ep 031 tr=0.1073 va=0.4317 val_AccPaper=0.8566
[17:53:04]   early stop @ ep 31
[17:53:07] [S25] task fold1 ft_tr=17829 ft_va=4678 eval=22365
[17:53:09] fold1 ep 001 tr=0.3991 va=0.4195 val_AccPaper=0.8199
[17:53:12] fold1 ep 002 tr=0.2904 va=0.3964 val_AccPaper=0.8309
[17:53:14] fold1 ep 003 tr=0.2537 va=0.4257 val_AccPaper=0.8529
[17:53:17] fold1 ep 004 tr=0.2319 va=0.3937 val_AccPaper=0.8419
[17:53:20] fold1 ep 005 tr=0.2231 va=0.3892 val_AccPaper=0.8603
[17:53:23] fold1 ep 006 tr=0.2085 va=0.3801 val_AccPaper=0.8603
[17:53:26] fold1 ep 007 tr=0.1950 va=0.3765 val_AccPaper=0.8676
[17:53:29] fold1 ep 008 tr=0.1857 va=0.3592 val_AccPaper=0.8713
[17:53:32] fold1 ep 009 tr=0.1828 va=0.3648 val_AccPaper=0.8640
[17:53:35] fold1 ep 010 tr=0.1757 va=0.3731 val_AccPaper=0.8713
[17:53:38] fold1 ep 011 tr=0.1702 va=0.3969 val_AccPaper=0.8787
[17:53:41] fold1 ep 012 tr=0.1633 va=0.3766 val_AccPaper=0.8456
[17:53:43] fold1 ep 013 tr=0.1594 va=0.3856 val_AccPaper=0.8787
[17:53:47] fold1 ep 014 tr=0.1532 va=0.3576 val_AccPaper=0.8676
[17:53:50] fold1 ep 015 tr=0.1490 va=0.3967 val_AccPaper=0.8713
[17:53:53] fold1 ep 016 tr=0.1471 va=0.3737 val_AccPaper=0.8934
[17:53:55] fold1 ep 017 tr=0.1435 va=0.3777 val_AccPaper=0.8603
[17:53:58] fold1 ep 018 tr=0.1364 va=0.4105 val_AccPaper=0.8897
[17:54:01] fold1 ep 019 tr=0.1365 va=0.3695 val_AccPaper=0.8824
[17:54:04] fold1 ep 020 tr=0.1335 va=0.3883 val_AccPaper=0.8787
[17:54:07] fold1 ep 021 tr=0.1298 va=0.4035 val_AccPaper=0.8897
[17:54:10] fold1 ep 022 tr=0.1327 va=0.3817 val_AccPaper=0.8787
[17:54:13] fold1 ep 023 tr=0.1227 va=0.3962 val_AccPaper=0.8750
[17:54:15] fold1 ep 024 tr=0.1261 va=0.3886 val_AccPaper=0.8676
[17:54:18] fold1 ep 025 tr=0.1295 va=0.3830 val_AccPaper=0.8897
[17:54:21] fold1 ep 026 tr=0.1206 va=0.4062 val_AccPaper=0.8566
[17:54:24] fold1 ep 027 tr=0.1224 va=0.4141 val_AccPaper=0.8860
[17:54:27] fold1 ep 028 tr=0.1251 va=0.4227 val_AccPaper=0.8897
[17:54:30] fold1 ep 029 tr=0.1150 va=0.4227 val_AccPaper=0.8713
[17:54:33] fold1 ep 030 tr=0.1178 va=0.4242 val_AccPaper=0.8750
[17:54:35] fold1 ep 031 tr=0.1151 va=0.3967 val_AccPaper=0.8750
[17:54:38] fold1 ep 032 tr=0.1070 va=0.4248 val_AccPaper=0.8860
[17:54:41] fold1 ep 033 tr=0.1128 va=0.4062 val_AccPaper=0.8860
[17:54:44] fold1 ep 034 tr=0.1124 va=0.4358 val_AccPaper=0.8971
[17:54:47] fold1 ep 035 tr=0.1126 va=0.4563 val_AccPaper=0.8860
[17:54:50] fold1 ep 036 tr=0.1060 va=0.4201 val_AccPaper=0.8713
[17:54:53] fold1 ep 037 tr=0.1088 va=0.4073 val_AccPaper=0.8897
[17:54:57] fold1 ep 038 tr=0.1109 va=0.4320 val_AccPaper=0.8787
[17:55:00] fold1 ep 039 tr=0.1045 va=0.4413 val_AccPaper=0.8897
[17:55:01] fold1 ep 040 tr=0.1052 va=0.4270 val_AccPaper=0.8860
[17:55:03] fold1 ep 041 tr=0.1023 va=0.4802 val_AccPaper=0.8750
[17:55:04] fold1 ep 042 tr=0.1081 va=0.4166 val_AccPaper=0.8676
[17:55:06] fold1 ep 043 tr=0.1004 va=0.4381 val_AccPaper=0.8787
[17:55:08] fold1 ep 044 tr=0.1085 va=0.4263 val_AccPaper=0.8713
[17:55:09] fold1 ep 045 tr=0.1026 va=0.4338 val_AccPaper=0.8860
[17:55:11] fold1 ep 046 tr=0.0955 va=0.4627 val_AccPaper=0.8750
[17:55:12] fold1 ep 047 tr=0.1018 va=0.4071 val_AccPaper=0.8640
[17:55:14] fold1 ep 048 tr=0.1003 va=0.4325 val_AccPaper=0.8787
[17:55:16] fold1 ep 049 tr=0.1034 va=0.4186 val_AccPaper=0.8860
[17:55:18] fold1 ep 050 tr=0.1012 va=0.4619 val_AccPaper=0.8787
[17:55:20] fold1 ep 051 tr=0.0943 va=0.4456 val_AccPaper=0.8713
[17:55:23] fold1 ep 052 tr=0.0944 va=0.4552 val_AccPaper=0.8750
[17:55:26] fold1 ep 053 tr=0.0952 va=0.4762 val_AccPaper=0.8713
[17:55:30] fold1 ep 054 tr=0.0937 va=0.4430 val_AccPaper=0.8824
[17:55:30]   early stop @ ep 54
[17:55:33] [S25] task fold2 ft_tr=17829 ft_va=4678 eval=22365
[17:55:36] fold2 ep 001 tr=0.4179 va=0.4091 val_AccPaper=0.8088
[17:55:40] fold2 ep 002 tr=0.2849 va=0.3945 val_AccPaper=0.8162
[17:55:43] fold2 ep 003 tr=0.2538 va=0.3885 val_AccPaper=0.8382
[17:55:46] fold2 ep 004 tr=0.2396 va=0.4227 val_AccPaper=0.8493
[17:55:50] fold2 ep 005 tr=0.2184 va=0.3716 val_AccPaper=0.8529
[17:55:53] fold2 ep 006 tr=0.2060 va=0.4074 val_AccPaper=0.8419
[17:55:56] fold2 ep 007 tr=0.1938 va=0.3968 val_AccPaper=0.8493
[17:55:59] fold2 ep 008 tr=0.1886 va=0.4153 val_AccPaper=0.8456
[17:56:03] fold2 ep 009 tr=0.1829 va=0.3797 val_AccPaper=0.8603
[17:56:06] fold2 ep 010 tr=0.1714 va=0.4084 val_AccPaper=0.8566
[17:56:10] fold2 ep 011 tr=0.1673 va=0.4254 val_AccPaper=0.8603
[17:56:13] fold2 ep 012 tr=0.1652 va=0.4203 val_AccPaper=0.8456
[17:56:17] fold2 ep 013 tr=0.1534 va=0.3665 val_AccPaper=0.8603
[17:56:20] fold2 ep 014 tr=0.1472 va=0.3954 val_AccPaper=0.8713
[17:56:23] fold2 ep 015 tr=0.1444 va=0.3926 val_AccPaper=0.8713
[17:56:26] fold2 ep 016 tr=0.1419 va=0.4375 val_AccPaper=0.8529
[17:56:30] fold2 ep 017 tr=0.1435 va=0.4625 val_AccPaper=0.8493
[17:56:33] fold2 ep 018 tr=0.1313 va=0.4183 val_AccPaper=0.8676
[17:56:36] fold2 ep 019 tr=0.1415 va=0.4272 val_AccPaper=0.8529
[17:56:39] fold2 ep 020 tr=0.1305 va=0.4274 val_AccPaper=0.8382
[17:56:43] fold2 ep 021 tr=0.1275 va=0.4403 val_AccPaper=0.8640
[17:56:46] fold2 ep 022 tr=0.1271 va=0.4244 val_AccPaper=0.8566
[17:56:49] fold2 ep 023 tr=0.1270 va=0.4451 val_AccPaper=0.8493
[17:56:53] fold2 ep 024 tr=0.1248 va=0.4425 val_AccPaper=0.8419
[17:56:56] fold2 ep 025 tr=0.1276 va=0.4496 val_AccPaper=0.8787
[17:56:59] fold2 ep 026 tr=0.1172 va=0.4310 val_AccPaper=0.8382
[17:57:03] fold2 ep 027 tr=0.1210 va=0.4298 val_AccPaper=0.8382
[17:57:06] fold2 ep 028 tr=0.1221 va=0.4311 val_AccPaper=0.8640
[17:57:10] fold2 ep 029 tr=0.1160 va=0.4610 val_AccPaper=0.8603
[17:57:12] fold2 ep 030 tr=0.1112 va=0.4710 val_AccPaper=0.8713
[17:57:13] fold2 ep 031 tr=0.1207 va=0.4862 val_AccPaper=0.8529
[17:57:15] fold2 ep 032 tr=0.1103 va=0.4520 val_AccPaper=0.8529
[17:57:17] fold2 ep 033 tr=0.1099 va=0.4534 val_AccPaper=0.8529
[17:57:19] fold2 ep 034 tr=0.1115 va=0.4539 val_AccPaper=0.8787
[17:57:21] fold2 ep 035 tr=0.1082 va=0.4573 val_AccPaper=0.8787
[17:57:23] fold2 ep 036 tr=0.1098 va=0.4749 val_AccPaper=0.8456
[17:57:24] fold2 ep 037 tr=0.1116 va=0.4673 val_AccPaper=0.8750
[17:57:26] fold2 ep 038 tr=0.1061 va=0.4730 val_AccPaper=0.8493
[17:57:29] fold2 ep 039 tr=0.1074 va=0.4823 val_AccPaper=0.8676
[17:57:31] fold2 ep 040 tr=0.1030 va=0.4763 val_AccPaper=0.8456
[17:57:32] fold2 ep 041 tr=0.1074 va=0.4580 val_AccPaper=0.8493
[17:57:34] fold2 ep 042 tr=0.1012 va=0.4762 val_AccPaper=0.8529
[17:57:36] fold2 ep 043 tr=0.1014 va=0.4815 val_AccPaper=0.8640
[17:57:38] fold2 ep 044 tr=0.0941 va=0.4806 val_AccPaper=0.8824
[17:57:39] fold2 ep 045 tr=0.1076 va=0.4588 val_AccPaper=0.8346
[17:57:41] fold2 ep 046 tr=0.1008 va=0.4728 val_AccPaper=0.8824
[17:57:44] fold2 ep 047 tr=0.0974 va=0.4745 val_AccPaper=0.8713
[17:57:46] fold2 ep 048 tr=0.1015 va=0.4750 val_AccPaper=0.8713
[17:57:47] fold2 ep 049 tr=0.0940 va=0.4593 val_AccPaper=0.8713
[17:57:50] fold2 ep 050 tr=0.0939 va=0.4604 val_AccPaper=0.8640
[17:57:51] fold2 ep 051 tr=0.0990 va=0.4742 val_AccPaper=0.8382
[17:57:53] fold2 ep 052 tr=0.0957 va=0.4549 val_AccPaper=0.8566
[17:57:55] fold2 ep 053 tr=0.0962 va=0.4753 val_AccPaper=0.8676
[17:57:57] fold2 ep 054 tr=0.0901 va=0.4814 val_AccPaper=0.8787
[17:57:59] fold2 ep 055 tr=0.0960 va=0.4989 val_AccPaper=0.8603
[17:58:00] fold2 ep 056 tr=0.0952 va=0.4779 val_AccPaper=0.8529
[17:58:02] fold2 ep 057 tr=0.0875 va=0.5223 val_AccPaper=0.8750
[17:58:04] fold2 ep 058 tr=0.0908 va=0.4735 val_AccPaper=0.8640
[17:58:05] fold2 ep 059 tr=0.0958 va=0.4755 val_AccPaper=0.8713
[17:58:08] fold2 ep 060 tr=0.0908 va=0.4653 val_AccPaper=0.8603
[17:58:10] fold2 ep 061 tr=0.0873 va=0.4973 val_AccPaper=0.8676
[17:58:12] fold2 ep 062 tr=0.0868 va=0.5125 val_AccPaper=0.8787
[17:58:14] fold2 ep 063 tr=0.0875 va=0.4948 val_AccPaper=0.8566
[17:58:16] fold2 ep 064 tr=0.0915 va=0.4774 val_AccPaper=0.8493
[17:58:16]   early stop @ ep 64
[17:58:18] [S25] task fold3 ft_tr=17829 ft_va=4678 eval=22365
[17:58:20] fold3 ep 001 tr=0.4084 va=0.4275 val_AccPaper=0.8199
[17:58:22] fold3 ep 002 tr=0.2973 va=0.3914 val_AccPaper=0.8162
[17:58:24] fold3 ep 003 tr=0.2640 va=0.3983 val_AccPaper=0.8456
[17:58:25] fold3 ep 004 tr=0.2346 va=0.3862 val_AccPaper=0.8603
[17:58:27] fold3 ep 005 tr=0.2169 va=0.3861 val_AccPaper=0.8603
[17:58:29] fold3 ep 006 tr=0.2061 va=0.4062 val_AccPaper=0.8676
[17:58:31] fold3 ep 007 tr=0.1936 va=0.4042 val_AccPaper=0.8713
[17:58:32] fold3 ep 008 tr=0.1850 va=0.4136 val_AccPaper=0.8676
[17:58:34] fold3 ep 009 tr=0.1760 va=0.4183 val_AccPaper=0.8713
[17:58:36] fold3 ep 010 tr=0.1729 va=0.4079 val_AccPaper=0.8713
[17:58:37] fold3 ep 011 tr=0.1595 va=0.4166 val_AccPaper=0.8676
[17:58:39] fold3 ep 012 tr=0.1576 va=0.3921 val_AccPaper=0.8676
[17:58:40] fold3 ep 013 tr=0.1505 va=0.4058 val_AccPaper=0.8529
[17:58:42] fold3 ep 014 tr=0.1484 va=0.3955 val_AccPaper=0.8566
[17:58:44] fold3 ep 015 tr=0.1456 va=0.4096 val_AccPaper=0.8750
[17:58:46] fold3 ep 016 tr=0.1379 va=0.4182 val_AccPaper=0.8750
[17:58:48] fold3 ep 017 tr=0.1394 va=0.4937 val_AccPaper=0.8640
[17:58:50] fold3 ep 018 tr=0.1418 va=0.4232 val_AccPaper=0.8713
[17:58:52] fold3 ep 019 tr=0.1366 va=0.4021 val_AccPaper=0.8713
[17:58:54] fold3 ep 020 tr=0.1308 va=0.4343 val_AccPaper=0.8640
[17:58:56] fold3 ep 021 tr=0.1261 va=0.4252 val_AccPaper=0.8676
[17:58:58] fold3 ep 022 tr=0.1254 va=0.4435 val_AccPaper=0.8713
[17:59:01] fold3 ep 023 tr=0.1173 va=0.4640 val_AccPaper=0.8713
[17:59:03] fold3 ep 024 tr=0.1282 va=0.4206 val_AccPaper=0.8640
[17:59:05] fold3 ep 025 tr=0.1300 va=0.4037 val_AccPaper=0.8676
[17:59:07] fold3 ep 026 tr=0.1183 va=0.4319 val_AccPaper=0.8493
[17:59:09] fold3 ep 027 tr=0.1146 va=0.4772 val_AccPaper=0.8750
[17:59:11] fold3 ep 028 tr=0.1109 va=0.4745 val_AccPaper=0.8713
[17:59:14] fold3 ep 029 tr=0.1173 va=0.4270 val_AccPaper=0.8713
[17:59:16] fold3 ep 030 tr=0.1124 va=0.4768 val_AccPaper=0.8640
[17:59:18] fold3 ep 031 tr=0.1101 va=0.4559 val_AccPaper=0.8713
[17:59:20] fold3 ep 032 tr=0.1117 va=0.5048 val_AccPaper=0.8713
[17:59:23] fold3 ep 033 tr=0.1115 va=0.4954 val_AccPaper=0.8824
[17:59:25] fold3 ep 034 tr=0.1079 va=0.4818 val_AccPaper=0.8713
[17:59:27] fold3 ep 035 tr=0.1113 va=0.4777 val_AccPaper=0.8713
[17:59:29] fold3 ep 036 tr=0.1053 va=0.4675 val_AccPaper=0.8566
[17:59:32] fold3 ep 037 tr=0.1062 va=0.4935 val_AccPaper=0.8676
[17:59:36] fold3 ep 038 tr=0.1024 va=0.5205 val_AccPaper=0.8750
[17:59:40] fold3 ep 039 tr=0.1090 va=0.4793 val_AccPaper=0.8676
[17:59:44] fold3 ep 040 tr=0.1072 va=0.5048 val_AccPaper=0.8787
[17:59:47] fold3 ep 041 tr=0.1006 va=0.5193 val_AccPaper=0.8787
[17:59:50] fold3 ep 042 tr=0.0967 va=0.4748 val_AccPaper=0.8787
[17:59:53] fold3 ep 043 tr=0.1007 va=0.4598 val_AccPaper=0.8603
[17:59:57] fold3 ep 044 tr=0.0985 va=0.5133 val_AccPaper=0.8676
[18:00:00] fold3 ep 045 tr=0.0998 va=0.4838 val_AccPaper=0.8529
[18:00:03] fold3 ep 046 tr=0.0992 va=0.4620 val_AccPaper=0.8713
[18:00:06] fold3 ep 047 tr=0.0970 va=0.4743 val_AccPaper=0.8971
[18:00:09] fold3 ep 048 tr=0.0966 va=0.4648 val_AccPaper=0.8640
[18:00:13] fold3 ep 049 tr=0.0967 va=0.4745 val_AccPaper=0.8713
[18:00:16] fold3 ep 050 tr=0.0917 va=0.4908 val_AccPaper=0.8676
[18:00:19] fold3 ep 051 tr=0.0963 va=0.4604 val_AccPaper=0.8824
[18:00:23] fold3 ep 052 tr=0.0907 va=0.5094 val_AccPaper=0.8713
[18:00:27] fold3 ep 053 tr=0.0937 va=0.4878 val_AccPaper=0.8713
[18:00:31] fold3 ep 054 tr=0.0961 va=0.4838 val_AccPaper=0.8713
[18:00:34] fold3 ep 055 tr=0.0964 va=0.5122 val_AccPaper=0.8824
[18:00:37] fold3 ep 056 tr=0.0883 va=0.4559 val_AccPaper=0.8787
[18:00:40] fold3 ep 057 tr=0.0978 va=0.4545 val_AccPaper=0.8750
[18:00:43] fold3 ep 058 tr=0.0904 va=0.4850 val_AccPaper=0.8860
[18:00:46] fold3 ep 059 tr=0.0862 va=0.4924 val_AccPaper=0.8897
[18:00:49] fold3 ep 060 tr=0.0859 va=0.4742 val_AccPaper=0.8824
[18:00:51] fold3 ep 061 tr=0.0864 va=0.5187 val_AccPaper=0.8787
[18:00:53] fold3 ep 062 tr=0.0879 va=0.5247 val_AccPaper=0.8897
[18:00:55] fold3 ep 063 tr=0.0901 va=0.4703 val_AccPaper=0.9007
[18:00:58] fold3 ep 064 tr=0.0853 va=0.5007 val_AccPaper=0.8750
[18:01:02] fold3 ep 065 tr=0.0915 va=0.5079 val_AccPaper=0.8971
[18:01:05] fold3 ep 066 tr=0.0887 va=0.4825 val_AccPaper=0.8713
[18:01:08] fold3 ep 067 tr=0.0875 va=0.5393 val_AccPaper=0.8787
[18:01:11] fold3 ep 068 tr=0.0828 va=0.4978 val_AccPaper=0.8713
[18:01:14] fold3 ep 069 tr=0.0885 va=0.5100 val_AccPaper=0.8897
[18:01:17] fold3 ep 070 tr=0.0864 va=0.4987 val_AccPaper=0.8897
[18:01:20] fold3 ep 071 tr=0.0833 va=0.4856 val_AccPaper=0.8713
[18:01:24] fold3 ep 072 tr=0.0849 va=0.5004 val_AccPaper=0.8824
[18:01:27] fold3 ep 073 tr=0.0857 va=0.5010 val_AccPaper=0.8971
[18:01:30] fold3 ep 074 tr=0.0867 va=0.5055 val_AccPaper=0.8750
[18:01:33] fold3 ep 075 tr=0.0854 va=0.5293 val_AccPaper=0.8897
[18:01:36] fold3 ep 076 tr=0.0863 va=0.4879 val_AccPaper=0.8713
[18:01:39] fold3 ep 077 tr=0.0826 va=0.5259 val_AccPaper=0.8897
[18:01:42] fold3 ep 078 tr=0.0822 va=0.5499 val_AccPaper=0.8860
[18:01:45] fold3 ep 079 tr=0.0815 va=0.5095 val_AccPaper=0.8824
[18:01:49] fold3 ep 080 tr=0.0782 va=0.4870 val_AccPaper=0.8603
[18:01:52] fold3 ep 081 tr=0.0771 va=0.4853 val_AccPaper=0.8934
[18:01:55] fold3 ep 082 tr=0.0829 va=0.5462 val_AccPaper=0.8897
[18:01:58] fold3 ep 083 tr=0.0811 va=0.5114 val_AccPaper=0.8713
[18:01:58]   early stop @ ep 83
[18:02:02] [S25] task fold4 ft_tr=17829 ft_va=4678 eval=22365
[18:02:05] fold4 ep 001 tr=0.3992 va=0.3943 val_AccPaper=0.7904
[18:02:08] fold4 ep 002 tr=0.2894 va=0.3766 val_AccPaper=0.8382
[18:02:11] fold4 ep 003 tr=0.2540 va=0.3938 val_AccPaper=0.8713
[18:02:14] fold4 ep 004 tr=0.2306 va=0.4009 val_AccPaper=0.8750
[18:02:17] fold4 ep 005 tr=0.2181 va=0.3826 val_AccPaper=0.8750
[18:02:20] fold4 ep 006 tr=0.2001 va=0.3977 val_AccPaper=0.8934
[18:02:23] fold4 ep 007 tr=0.1979 va=0.3601 val_AccPaper=0.8713
[18:02:26] fold4 ep 008 tr=0.1816 va=0.3748 val_AccPaper=0.8787
[18:02:29] fold4 ep 009 tr=0.1780 va=0.3695 val_AccPaper=0.8897
[18:02:32] fold4 ep 010 tr=0.1657 va=0.3974 val_AccPaper=0.8824
[18:02:34] fold4 ep 011 tr=0.1653 va=0.4109 val_AccPaper=0.8860
[18:02:37] fold4 ep 012 tr=0.1612 va=0.3865 val_AccPaper=0.8860
[18:02:40] fold4 ep 013 tr=0.1538 va=0.3955 val_AccPaper=0.8824
[18:02:43] fold4 ep 014 tr=0.1608 va=0.3904 val_AccPaper=0.8713
[18:02:46] fold4 ep 015 tr=0.1447 va=0.4311 val_AccPaper=0.8787
[18:02:49] fold4 ep 016 tr=0.1437 va=0.4415 val_AccPaper=0.8787
[18:02:52] fold4 ep 017 tr=0.1418 va=0.4169 val_AccPaper=0.8860
[18:02:55] fold4 ep 018 tr=0.1402 va=0.3634 val_AccPaper=0.8603
[18:02:58] fold4 ep 019 tr=0.1402 va=0.3960 val_AccPaper=0.8787
[18:03:01] fold4 ep 020 tr=0.1331 va=0.4227 val_AccPaper=0.8713
[18:03:04] fold4 ep 021 tr=0.1332 va=0.4139 val_AccPaper=0.8676
[18:03:07] fold4 ep 022 tr=0.1215 va=0.4108 val_AccPaper=0.8713
[18:03:10] fold4 ep 023 tr=0.1253 va=0.4017 val_AccPaper=0.8971
[18:03:13] fold4 ep 024 tr=0.1299 va=0.4496 val_AccPaper=0.8787
[18:03:16] fold4 ep 025 tr=0.1257 va=0.4253 val_AccPaper=0.8824
[18:03:19] fold4 ep 026 tr=0.1208 va=0.4341 val_AccPaper=0.8824
[18:03:22] fold4 ep 027 tr=0.1162 va=0.4079 val_AccPaper=0.8860
[18:03:25] fold4 ep 028 tr=0.1204 va=0.4834 val_AccPaper=0.8750
[18:03:28] fold4 ep 029 tr=0.1107 va=0.4014 val_AccPaper=0.8934
[18:03:31] fold4 ep 030 tr=0.1162 va=0.4514 val_AccPaper=0.8897
[18:03:34] fold4 ep 031 tr=0.1142 va=0.4344 val_AccPaper=0.8824
[18:03:37] fold4 ep 032 tr=0.1046 va=0.5054 val_AccPaper=0.8640
[18:03:40] fold4 ep 033 tr=0.1092 va=0.4468 val_AccPaper=0.8676
[18:03:43] fold4 ep 034 tr=0.1085 va=0.4355 val_AccPaper=0.8971
[18:03:46] fold4 ep 035 tr=0.1148 va=0.4624 val_AccPaper=0.8860
[18:03:49] fold4 ep 036 tr=0.1073 va=0.4318 val_AccPaper=0.8897
[18:03:52] fold4 ep 037 tr=0.1062 va=0.4583 val_AccPaper=0.8934
[18:03:55] fold4 ep 038 tr=0.1051 va=0.4240 val_AccPaper=0.8787
[18:03:58] fold4 ep 039 tr=0.1098 va=0.4408 val_AccPaper=0.8860
[18:04:01] fold4 ep 040 tr=0.1020 va=0.4140 val_AccPaper=0.8824
[18:04:04] fold4 ep 041 tr=0.0992 va=0.4470 val_AccPaper=0.8787
[18:04:07] fold4 ep 042 tr=0.1027 va=0.4255 val_AccPaper=0.8713
[18:04:10] fold4 ep 043 tr=0.0992 va=0.4390 val_AccPaper=0.8787
[18:04:10]   early stop @ ep 43
[18:04:13] [S25] three fold0 ft_tr=17829 ft_va=4678 eval=22365
[18:04:16] fold0 ep 001 tr=0.7736 va=0.7988 val_AccPaper=0.6838
[18:04:19] fold0 ep 002 tr=0.5967 va=0.7557 val_AccPaper=0.6838
[18:04:22] fold0 ep 003 tr=0.5396 va=0.7316 val_AccPaper=0.6949
[18:04:25] fold0 ep 004 tr=0.5067 va=0.7348 val_AccPaper=0.7059
[18:04:28] fold0 ep 005 tr=0.4722 va=0.7493 val_AccPaper=0.6912
[18:04:31] fold0 ep 006 tr=0.4454 va=0.7470 val_AccPaper=0.7022
[18:04:34] fold0 ep 007 tr=0.4310 va=0.7546 val_AccPaper=0.7279
[18:04:37] fold0 ep 008 tr=0.4072 va=0.7822 val_AccPaper=0.7206
[18:04:40] fold0 ep 009 tr=0.4023 va=0.7812 val_AccPaper=0.7169
[18:04:43] fold0 ep 010 tr=0.3814 va=0.7761 val_AccPaper=0.7316
[18:04:46] fold0 ep 011 tr=0.3776 va=0.8013 val_AccPaper=0.6985
[18:04:49] fold0 ep 012 tr=0.3689 va=0.8003 val_AccPaper=0.6765
[18:04:52] fold0 ep 013 tr=0.3637 va=0.8037 val_AccPaper=0.7096
[18:04:55] fold0 ep 014 tr=0.3434 va=0.8230 val_AccPaper=0.7353
[18:04:58] fold0 ep 015 tr=0.3494 va=0.8690 val_AccPaper=0.7316
[18:05:01] fold0 ep 016 tr=0.3377 va=0.8368 val_AccPaper=0.6912
[18:05:04] fold0 ep 017 tr=0.3366 va=0.8430 val_AccPaper=0.6912
[18:05:07] fold0 ep 018 tr=0.3239 va=0.8363 val_AccPaper=0.7206
[18:05:09] fold0 ep 019 tr=0.3209 va=0.8515 val_AccPaper=0.7132
[18:05:12] fold0 ep 020 tr=0.3202 va=0.8693 val_AccPaper=0.7169
[18:05:15] fold0 ep 021 tr=0.3129 va=0.8898 val_AccPaper=0.6838
[18:05:18] fold0 ep 022 tr=0.3044 va=0.8840 val_AccPaper=0.6949
[18:05:21] fold0 ep 023 tr=0.3054 va=0.9381 val_AccPaper=0.7059
[18:05:24] fold0 ep 024 tr=0.3074 va=0.9354 val_AccPaper=0.6985
[18:05:27] fold0 ep 025 tr=0.2978 va=0.9201 val_AccPaper=0.6838
[18:05:30] fold0 ep 026 tr=0.2994 va=0.9185 val_AccPaper=0.7059
[18:05:33] fold0 ep 027 tr=0.2875 va=0.9368 val_AccPaper=0.6985
[18:05:36] fold0 ep 028 tr=0.2916 va=0.9109 val_AccPaper=0.7132
[18:05:39] fold0 ep 029 tr=0.2927 va=0.9504 val_AccPaper=0.6875
[18:05:42] fold0 ep 030 tr=0.2827 va=0.9649 val_AccPaper=0.6728
[18:05:45] fold0 ep 031 tr=0.2770 va=0.9606 val_AccPaper=0.7059
[18:05:48] fold0 ep 032 tr=0.2791 va=0.9902 val_AccPaper=0.7169
[18:05:51] fold0 ep 033 tr=0.2716 va=0.9786 val_AccPaper=0.7022
[18:05:53] fold0 ep 034 tr=0.2645 va=0.9753 val_AccPaper=0.6765
[18:05:53]   early stop @ ep 34
[18:05:57] [S25] three fold1 ft_tr=17829 ft_va=4678 eval=22365
[18:06:00] fold1 ep 001 tr=0.7534 va=0.7723 val_AccPaper=0.6875
[18:06:03] fold1 ep 002 tr=0.6175 va=0.7560 val_AccPaper=0.6949
[18:06:06] fold1 ep 003 tr=0.5621 va=0.7393 val_AccPaper=0.6838
[18:06:09] fold1 ep 004 tr=0.5215 va=0.7667 val_AccPaper=0.6875
[18:06:12] fold1 ep 005 tr=0.4881 va=0.7339 val_AccPaper=0.7169
[18:06:15] fold1 ep 006 tr=0.4671 va=0.7236 val_AccPaper=0.7096
[18:06:18] fold1 ep 007 tr=0.4393 va=0.7174 val_AccPaper=0.7169
[18:06:21] fold1 ep 008 tr=0.4376 va=0.7479 val_AccPaper=0.7316
[18:06:24] fold1 ep 009 tr=0.4150 va=0.7286 val_AccPaper=0.7243
[18:06:27] fold1 ep 010 tr=0.4047 va=0.7577 val_AccPaper=0.7353
[18:06:30] fold1 ep 011 tr=0.3888 va=0.7645 val_AccPaper=0.7243
[18:06:33] fold1 ep 012 tr=0.3914 va=0.7709 val_AccPaper=0.7316
[18:06:36] fold1 ep 013 tr=0.3754 va=0.7914 val_AccPaper=0.7132
[18:06:39] fold1 ep 014 tr=0.3702 va=0.8205 val_AccPaper=0.7353
[18:06:43] fold1 ep 015 tr=0.3623 va=0.7912 val_AccPaper=0.7243
[18:06:46] fold1 ep 016 tr=0.3570 va=0.8431 val_AccPaper=0.7463
[18:06:49] fold1 ep 017 tr=0.3582 va=0.8358 val_AccPaper=0.7022
[18:06:53] fold1 ep 018 tr=0.3384 va=0.8468 val_AccPaper=0.7206
[18:06:55] fold1 ep 019 tr=0.3468 va=0.8370 val_AccPaper=0.7390
[18:06:58] fold1 ep 020 tr=0.3327 va=0.8343 val_AccPaper=0.7390
[18:07:01] fold1 ep 021 tr=0.3339 va=0.8373 val_AccPaper=0.7426
[18:07:04] fold1 ep 022 tr=0.3267 va=0.8951 val_AccPaper=0.7206
[18:07:07] fold1 ep 023 tr=0.3124 va=0.8680 val_AccPaper=0.7096
[18:07:10] fold1 ep 024 tr=0.3249 va=0.8627 val_AccPaper=0.7279
[18:07:13] fold1 ep 025 tr=0.3126 va=0.8479 val_AccPaper=0.7316
[18:07:16] fold1 ep 026 tr=0.3041 va=0.8791 val_AccPaper=0.7316
[18:07:19] fold1 ep 027 tr=0.2997 va=0.8670 val_AccPaper=0.7353
[18:07:21] fold1 ep 028 tr=0.3044 va=0.9007 val_AccPaper=0.7096
[18:07:24] fold1 ep 029 tr=0.2904 va=0.8755 val_AccPaper=0.7022
[18:07:27] fold1 ep 030 tr=0.2956 va=0.8764 val_AccPaper=0.7096
[18:07:30] fold1 ep 031 tr=0.3027 va=0.8902 val_AccPaper=0.7206
[18:07:33] fold1 ep 032 tr=0.2912 va=0.9302 val_AccPaper=0.7169
[18:07:36] fold1 ep 033 tr=0.2952 va=0.9558 val_AccPaper=0.7022
[18:07:39] fold1 ep 034 tr=0.2876 va=0.8771 val_AccPaper=0.7316
[18:07:42] fold1 ep 035 tr=0.2899 va=0.9552 val_AccPaper=0.6801
[18:07:45] fold1 ep 036 tr=0.2805 va=0.9127 val_AccPaper=0.7353
[18:07:45]   early stop @ ep 36
[18:07:48] [S25] three fold2 ft_tr=17829 ft_va=4678 eval=22365
[18:07:51] fold2 ep 001 tr=0.7761 va=0.7753 val_AccPaper=0.6801
[18:07:54] fold2 ep 002 tr=0.6235 va=0.7344 val_AccPaper=0.6985
[18:07:57] fold2 ep 003 tr=0.5526 va=0.7348 val_AccPaper=0.7132
[18:08:00] fold2 ep 004 tr=0.5153 va=0.7157 val_AccPaper=0.6949
[18:08:03] fold2 ep 005 tr=0.4824 va=0.7306 val_AccPaper=0.7279
[18:08:06] fold2 ep 006 tr=0.4619 va=0.7394 val_AccPaper=0.7206
[18:08:09] fold2 ep 007 tr=0.4340 va=0.7608 val_AccPaper=0.7243
[18:08:12] fold2 ep 008 tr=0.4300 va=0.7480 val_AccPaper=0.7169
[18:08:15] fold2 ep 009 tr=0.4059 va=0.7458 val_AccPaper=0.7279
[18:08:18] fold2 ep 010 tr=0.3936 va=0.7798 val_AccPaper=0.7059
[18:08:19] fold2 ep 011 tr=0.3787 va=0.7791 val_AccPaper=0.6949
[18:08:21] fold2 ep 012 tr=0.3840 va=0.7990 val_AccPaper=0.7206
[18:08:23] fold2 ep 013 tr=0.3767 va=0.8013 val_AccPaper=0.6985
[18:08:26] fold2 ep 014 tr=0.3665 va=0.8188 val_AccPaper=0.7206
[18:08:29] fold2 ep 015 tr=0.3553 va=0.8149 val_AccPaper=0.7169
[18:08:32] fold2 ep 016 tr=0.3462 va=0.8065 val_AccPaper=0.7206
[18:08:35] fold2 ep 017 tr=0.3329 va=0.8243 val_AccPaper=0.7169
[18:08:37] fold2 ep 018 tr=0.3382 va=0.8641 val_AccPaper=0.7096
[18:08:40] fold2 ep 019 tr=0.3319 va=0.8269 val_AccPaper=0.7390
[18:08:43] fold2 ep 020 tr=0.3262 va=0.8697 val_AccPaper=0.7132
[18:08:46] fold2 ep 021 tr=0.3232 va=0.8768 val_AccPaper=0.7279
[18:08:49] fold2 ep 022 tr=0.3145 va=0.8908 val_AccPaper=0.7132
[18:08:50] fold2 ep 023 tr=0.3133 va=0.8852 val_AccPaper=0.6875
[18:08:52] fold2 ep 024 tr=0.3124 va=0.8873 val_AccPaper=0.7206
[18:08:53] fold2 ep 025 tr=0.3120 va=0.8770 val_AccPaper=0.7390
[18:08:55] fold2 ep 026 tr=0.3081 va=0.9075 val_AccPaper=0.7169
[18:08:57] fold2 ep 027 tr=0.3055 va=0.9285 val_AccPaper=0.7059
[18:08:58] fold2 ep 028 tr=0.3031 va=0.9220 val_AccPaper=0.7279
[18:09:00] fold2 ep 029 tr=0.2996 va=0.9092 val_AccPaper=0.7022
[18:09:01] fold2 ep 030 tr=0.2871 va=0.9019 val_AccPaper=0.7132
[18:09:03] fold2 ep 031 tr=0.2958 va=0.9500 val_AccPaper=0.7096
[18:09:04] fold2 ep 032 tr=0.2869 va=0.9327 val_AccPaper=0.6949
[18:09:06] fold2 ep 033 tr=0.2859 va=0.9569 val_AccPaper=0.7132
[18:09:07] fold2 ep 034 tr=0.2813 va=0.9225 val_AccPaper=0.7463
[18:09:09] fold2 ep 035 tr=0.2764 va=0.9434 val_AccPaper=0.6949
[18:09:10] fold2 ep 036 tr=0.2863 va=0.9672 val_AccPaper=0.7132
[18:09:12] fold2 ep 037 tr=0.2721 va=0.9217 val_AccPaper=0.7353
[18:09:13] fold2 ep 038 tr=0.2743 va=0.9734 val_AccPaper=0.7316
[18:09:15] fold2 ep 039 tr=0.2666 va=0.9448 val_AccPaper=0.6985
[18:09:16] fold2 ep 040 tr=0.2755 va=1.0014 val_AccPaper=0.7022
[18:09:18] fold2 ep 041 tr=0.2698 va=1.0020 val_AccPaper=0.7059
[18:09:21] fold2 ep 042 tr=0.2679 va=0.9600 val_AccPaper=0.6912
[18:09:24] fold2 ep 043 tr=0.2692 va=0.9725 val_AccPaper=0.7132
[18:09:27] fold2 ep 044 tr=0.2605 va=0.9849 val_AccPaper=0.7096
[18:09:30] fold2 ep 045 tr=0.2654 va=1.0014 val_AccPaper=0.7059
[18:09:33] fold2 ep 046 tr=0.2629 va=0.9813 val_AccPaper=0.6949
[18:09:36] fold2 ep 047 tr=0.2581 va=1.0349 val_AccPaper=0.6985
[18:09:39] fold2 ep 048 tr=0.2613 va=1.0825 val_AccPaper=0.7059
[18:09:42] fold2 ep 049 tr=0.2551 va=0.9948 val_AccPaper=0.6985
[18:09:46] fold2 ep 050 tr=0.2594 va=1.0493 val_AccPaper=0.7206
[18:09:49] fold2 ep 051 tr=0.2604 va=1.0156 val_AccPaper=0.7169
[18:09:52] fold2 ep 052 tr=0.2542 va=1.0538 val_AccPaper=0.7059
[18:09:55] fold2 ep 053 tr=0.2538 va=1.0874 val_AccPaper=0.7059
[18:09:58] fold2 ep 054 tr=0.2472 va=1.0383 val_AccPaper=0.7279
[18:09:58]   early stop @ ep 54
[18:10:02] [S25] three fold3 ft_tr=17829 ft_va=4678 eval=22365
[18:10:05] fold3 ep 001 tr=0.7587 va=0.7641 val_AccPaper=0.6875
[18:10:08] fold3 ep 002 tr=0.6139 va=0.7256 val_AccPaper=0.7206
[18:10:10] fold3 ep 003 tr=0.5549 va=0.7186 val_AccPaper=0.7206
[18:10:13] fold3 ep 004 tr=0.5222 va=0.7335 val_AccPaper=0.7096
[18:10:16] fold3 ep 005 tr=0.4976 va=0.7489 val_AccPaper=0.7169
[18:10:17] fold3 ep 006 tr=0.4698 va=0.7470 val_AccPaper=0.7059
[18:10:20] fold3 ep 007 tr=0.4509 va=0.7945 val_AccPaper=0.7022
[18:10:24] fold3 ep 008 tr=0.4400 va=0.7579 val_AccPaper=0.7169
[18:10:27] fold3 ep 009 tr=0.4324 va=0.7728 val_AccPaper=0.7096
[18:10:30] fold3 ep 010 tr=0.4108 va=0.7914 val_AccPaper=0.6875
[18:10:33] fold3 ep 011 tr=0.4047 va=0.8253 val_AccPaper=0.7022
[18:10:36] fold3 ep 012 tr=0.3893 va=0.8153 val_AccPaper=0.7059
[18:10:39] fold3 ep 013 tr=0.3758 va=0.8147 val_AccPaper=0.7132
[18:10:42] fold3 ep 014 tr=0.3818 va=0.8507 val_AccPaper=0.7022
[18:10:45] fold3 ep 015 tr=0.3620 va=0.8037 val_AccPaper=0.7022
[18:10:48] fold3 ep 016 tr=0.3605 va=0.8215 val_AccPaper=0.7096
[18:10:50] fold3 ep 017 tr=0.3542 va=0.8567 val_AccPaper=0.7096
[18:10:53] fold3 ep 018 tr=0.3496 va=0.8670 val_AccPaper=0.6728
[18:10:56] fold3 ep 019 tr=0.3447 va=0.8478 val_AccPaper=0.7132
[18:10:59] fold3 ep 020 tr=0.3424 va=0.8594 val_AccPaper=0.6949
[18:11:02] fold3 ep 021 tr=0.3254 va=0.8651 val_AccPaper=0.6949
[18:11:05] fold3 ep 022 tr=0.3279 va=0.8571 val_AccPaper=0.7206
[18:11:05]   early stop @ ep 22
[18:11:09] [S25] three fold4 ft_tr=17829 ft_va=4678 eval=22365
[18:11:12] fold4 ep 001 tr=0.7526 va=0.7846 val_AccPaper=0.6691
[18:11:15] fold4 ep 002 tr=0.6027 va=0.7499 val_AccPaper=0.6912
[18:11:18] fold4 ep 003 tr=0.5398 va=0.7340 val_AccPaper=0.7096
[18:11:20] fold4 ep 004 tr=0.4983 va=0.7371 val_AccPaper=0.7279
[18:11:23] fold4 ep 005 tr=0.4794 va=0.7487 val_AccPaper=0.6949
[18:11:27] fold4 ep 006 tr=0.4522 va=0.7542 val_AccPaper=0.7022
[18:11:30] fold4 ep 007 tr=0.4251 va=0.7503 val_AccPaper=0.7059
[18:11:33] fold4 ep 008 tr=0.4242 va=0.7668 val_AccPaper=0.7316
[18:11:36] fold4 ep 009 tr=0.4066 va=0.7547 val_AccPaper=0.7169
[18:11:39] fold4 ep 010 tr=0.3822 va=0.7616 val_AccPaper=0.7206
[18:11:42] fold4 ep 011 tr=0.3735 va=0.7753 val_AccPaper=0.7426
[18:11:45] fold4 ep 012 tr=0.3689 va=0.7699 val_AccPaper=0.7537
[18:11:48] fold4 ep 013 tr=0.3576 va=0.7789 val_AccPaper=0.7316
[18:11:51] fold4 ep 014 tr=0.3573 va=0.7769 val_AccPaper=0.7243
[18:11:54] fold4 ep 015 tr=0.3535 va=0.7846 val_AccPaper=0.7463
[18:11:57] fold4 ep 016 tr=0.3342 va=0.7793 val_AccPaper=0.7243
[18:12:00] fold4 ep 017 tr=0.3348 va=0.8012 val_AccPaper=0.7390
[18:12:03] fold4 ep 018 tr=0.3280 va=0.8372 val_AccPaper=0.7390
[18:12:06] fold4 ep 019 tr=0.3203 va=0.8124 val_AccPaper=0.7353
[18:12:09] fold4 ep 020 tr=0.3203 va=0.8298 val_AccPaper=0.7316
[18:12:12] fold4 ep 021 tr=0.3096 va=0.8112 val_AccPaper=0.7390
[18:12:15] fold4 ep 022 tr=0.3118 va=0.8372 val_AccPaper=0.7426
[18:12:18] fold4 ep 023 tr=0.3092 va=0.8744 val_AccPaper=0.7426
[18:12:20] fold4 ep 024 tr=0.3056 va=0.8902 val_AccPaper=0.7279
[18:12:23] fold4 ep 025 tr=0.3133 va=0.9293 val_AccPaper=0.7279
[18:12:26] fold4 ep 026 tr=0.2903 va=0.8463 val_AccPaper=0.7500
[18:12:29] fold4 ep 027 tr=0.2922 va=0.8686 val_AccPaper=0.7610
[18:12:32] fold4 ep 028 tr=0.2973 va=0.8800 val_AccPaper=0.7096
[18:12:35] fold4 ep 029 tr=0.2905 va=0.8807 val_AccPaper=0.7426
[18:12:38] fold4 ep 030 tr=0.2891 va=0.9061 val_AccPaper=0.7096
[18:12:41] fold4 ep 031 tr=0.2767 va=0.8867 val_AccPaper=0.7316
[18:12:43] fold4 ep 032 tr=0.2822 va=0.8898 val_AccPaper=0.7463
[18:12:47] fold4 ep 033 tr=0.2731 va=0.8775 val_AccPaper=0.7206
[18:12:50] fold4 ep 034 tr=0.2859 va=0.9140 val_AccPaper=0.7243
[18:12:52] fold4 ep 035 tr=0.2786 va=0.8977 val_AccPaper=0.7132
[18:12:55] fold4 ep 036 tr=0.2765 va=0.9470 val_AccPaper=0.7390
[18:12:58] fold4 ep 037 tr=0.2626 va=0.9429 val_AccPaper=0.7169
[18:13:01] fold4 ep 038 tr=0.2664 va=0.9416 val_AccPaper=0.7316
[18:13:04] fold4 ep 039 tr=0.2708 va=0.9832 val_AccPaper=0.7279
[18:13:07] fold4 ep 040 tr=0.2725 va=0.9240 val_AccPaper=0.7132
[18:13:10] fold4 ep 041 tr=0.2641 va=0.9376 val_AccPaper=0.7426
[18:13:12] fold4 ep 042 tr=0.2617 va=0.9366 val_AccPaper=0.7390
[18:13:15] fold4 ep 043 tr=0.2528 va=1.0014 val_AccPaper=0.7206
[18:13:18] fold4 ep 044 tr=0.2626 va=0.9357 val_AccPaper=0.7096
[18:13:21] fold4 ep 045 tr=0.2681 va=0.9693 val_AccPaper=0.7316
[18:13:24] fold4 ep 046 tr=0.2569 va=0.9506 val_AccPaper=0.7206
[18:13:27] fold4 ep 047 tr=0.2494 va=1.0183 val_AccPaper=0.7243
[18:13:27]   early stop @ ep 47
[18:13:31] === S3 cues=830 train=415 eval=415 ===
[18:13:32] [S3] task fold0 ft_tr=10638 ft_va=2751 eval=13579
[18:13:34] fold0 ep 001 tr=0.4202 va=0.4051 val_AccPaper=0.8373
[18:13:35] fold0 ep 002 tr=0.2741 va=0.3746 val_AccPaper=0.8434
[18:13:37] fold0 ep 003 tr=0.2291 va=0.3497 val_AccPaper=0.8554
[18:13:39] fold0 ep 004 tr=0.2052 va=0.3542 val_AccPaper=0.8675
[18:13:41] fold0 ep 005 tr=0.1849 va=0.3611 val_AccPaper=0.8675
[18:13:42] fold0 ep 006 tr=0.1779 va=0.3612 val_AccPaper=0.8675
[18:13:44] fold0 ep 007 tr=0.1591 va=0.3823 val_AccPaper=0.8373
[18:13:46] fold0 ep 008 tr=0.1455 va=0.3971 val_AccPaper=0.8675
[18:13:48] fold0 ep 009 tr=0.1338 va=0.4022 val_AccPaper=0.8554
[18:13:49] fold0 ep 010 tr=0.1253 va=0.4256 val_AccPaper=0.8675
[18:13:51] fold0 ep 011 tr=0.1183 va=0.4040 val_AccPaper=0.8675
[18:13:53] fold0 ep 012 tr=0.1095 va=0.3927 val_AccPaper=0.8855
[18:13:54] fold0 ep 013 tr=0.1035 va=0.4333 val_AccPaper=0.8614
[18:13:56] fold0 ep 014 tr=0.0954 va=0.4116 val_AccPaper=0.8675
[18:13:58] fold0 ep 015 tr=0.1054 va=0.4040 val_AccPaper=0.8795
[18:14:00] fold0 ep 016 tr=0.0939 va=0.4430 val_AccPaper=0.8855
[18:14:01] fold0 ep 017 tr=0.0888 va=0.4653 val_AccPaper=0.8735
[18:14:03] fold0 ep 018 tr=0.0878 va=0.4510 val_AccPaper=0.8735
[18:14:05] fold0 ep 019 tr=0.0802 va=0.4465 val_AccPaper=0.8735
[18:14:06] fold0 ep 020 tr=0.0817 va=0.4818 val_AccPaper=0.8795
[18:14:08] fold0 ep 021 tr=0.0778 va=0.4439 val_AccPaper=0.8976
[18:14:10] fold0 ep 022 tr=0.0762 va=0.4849 val_AccPaper=0.8675
[18:14:11] fold0 ep 023 tr=0.0767 va=0.4803 val_AccPaper=0.8735
[18:14:13] fold0 ep 024 tr=0.0725 va=0.4944 val_AccPaper=0.8735
[18:14:15] fold0 ep 025 tr=0.0728 va=0.4802 val_AccPaper=0.8675
[18:14:17] fold0 ep 026 tr=0.0612 va=0.4715 val_AccPaper=0.8795
[18:14:18] fold0 ep 027 tr=0.0643 va=0.5012 val_AccPaper=0.8675
[18:14:20] fold0 ep 028 tr=0.0677 va=0.4769 val_AccPaper=0.8795
[18:14:22] fold0 ep 029 tr=0.0614 va=0.4936 val_AccPaper=0.8855
[18:14:23] fold0 ep 030 tr=0.0654 va=0.5106 val_AccPaper=0.8795
[18:14:25] fold0 ep 031 tr=0.0604 va=0.4531 val_AccPaper=0.8976
[18:14:27] fold0 ep 032 tr=0.0596 va=0.4855 val_AccPaper=0.8795
[18:14:29] fold0 ep 033 tr=0.0600 va=0.4699 val_AccPaper=0.8795
[18:14:30] fold0 ep 034 tr=0.0569 va=0.5147 val_AccPaper=0.8795
[18:14:32] fold0 ep 035 tr=0.0524 va=0.5029 val_AccPaper=0.8855
[18:14:34] fold0 ep 036 tr=0.0538 va=0.5072 val_AccPaper=0.8795
[18:14:35] fold0 ep 037 tr=0.0563 va=0.5709 val_AccPaper=0.8916
[18:14:37] fold0 ep 038 tr=0.0514 va=0.5518 val_AccPaper=0.8675
[18:14:39] fold0 ep 039 tr=0.0539 va=0.5661 val_AccPaper=0.8735
[18:14:41] fold0 ep 040 tr=0.0493 va=0.5865 val_AccPaper=0.8675
[18:14:42] fold0 ep 041 tr=0.0423 va=0.5486 val_AccPaper=0.8735
[18:14:42]   early stop @ ep 41
[18:14:44] [S3] task fold1 ft_tr=10638 ft_va=2751 eval=13579
[18:14:46] fold1 ep 001 tr=0.4109 va=0.4035 val_AccPaper=0.8554
[18:14:48] fold1 ep 002 tr=0.2702 va=0.3561 val_AccPaper=0.8614
[18:14:50] fold1 ep 003 tr=0.2284 va=0.3612 val_AccPaper=0.8735
[18:14:51] fold1 ep 004 tr=0.2030 va=0.3405 val_AccPaper=0.8614
[18:14:53] fold1 ep 005 tr=0.1793 va=0.3835 val_AccPaper=0.8675
[18:14:55] fold1 ep 006 tr=0.1625 va=0.3643 val_AccPaper=0.8916
[18:14:57] fold1 ep 007 tr=0.1525 va=0.3519 val_AccPaper=0.8855
[18:14:58] fold1 ep 008 tr=0.1428 va=0.3703 val_AccPaper=0.8735
[18:15:00] fold1 ep 009 tr=0.1251 va=0.3432 val_AccPaper=0.8916
[18:15:02] fold1 ep 010 tr=0.1213 va=0.3360 val_AccPaper=0.8976
[18:15:03] fold1 ep 011 tr=0.1133 va=0.3583 val_AccPaper=0.8976
[18:15:05] fold1 ep 012 tr=0.1070 va=0.3623 val_AccPaper=0.8976
[18:15:07] fold1 ep 013 tr=0.0991 va=0.3828 val_AccPaper=0.8916
[18:15:09] fold1 ep 014 tr=0.0924 va=0.3563 val_AccPaper=0.9036
[18:15:10] fold1 ep 015 tr=0.0880 va=0.3862 val_AccPaper=0.9096
[18:15:12] fold1 ep 016 tr=0.0900 va=0.3620 val_AccPaper=0.9036
[18:15:14] fold1 ep 017 tr=0.0848 va=0.4025 val_AccPaper=0.9096
[18:15:15] fold1 ep 018 tr=0.0799 va=0.3867 val_AccPaper=0.8916
[18:15:17] fold1 ep 019 tr=0.0741 va=0.3680 val_AccPaper=0.9036
[18:15:19] fold1 ep 020 tr=0.0716 va=0.3989 val_AccPaper=0.8855
[18:15:20] fold1 ep 021 tr=0.0689 va=0.4259 val_AccPaper=0.8976
[18:15:22] fold1 ep 022 tr=0.0696 va=0.4093 val_AccPaper=0.8855
[18:15:24] fold1 ep 023 tr=0.0639 va=0.4465 val_AccPaper=0.8735
[18:15:26] fold1 ep 024 tr=0.0655 va=0.4161 val_AccPaper=0.8916
[18:15:27] fold1 ep 025 tr=0.0636 va=0.4298 val_AccPaper=0.8855
[18:15:29] fold1 ep 026 tr=0.0676 va=0.4616 val_AccPaper=0.8855
[18:15:31] fold1 ep 027 tr=0.0656 va=0.4804 val_AccPaper=0.8855
[18:15:33] fold1 ep 028 tr=0.0615 va=0.4235 val_AccPaper=0.8675
[18:15:34] fold1 ep 029 tr=0.0585 va=0.4514 val_AccPaper=0.8976
[18:15:36] fold1 ep 030 tr=0.0630 va=0.4651 val_AccPaper=0.8916
[18:15:38] fold1 ep 031 tr=0.0567 va=0.4757 val_AccPaper=0.8916
[18:15:40] fold1 ep 032 tr=0.0501 va=0.4648 val_AccPaper=0.8735
[18:15:42] fold1 ep 033 tr=0.0542 va=0.5112 val_AccPaper=0.8735
[18:15:44] fold1 ep 034 tr=0.0582 va=0.4879 val_AccPaper=0.8795
[18:15:46] fold1 ep 035 tr=0.0533 va=0.4587 val_AccPaper=0.8855
[18:15:46]   early stop @ ep 35
[18:15:48] [S3] task fold2 ft_tr=10638 ft_va=2751 eval=13579
[18:15:50] fold2 ep 001 tr=0.4169 va=0.3789 val_AccPaper=0.8614
[18:15:51] fold2 ep 002 tr=0.2684 va=0.3622 val_AccPaper=0.8614
[18:15:53] fold2 ep 003 tr=0.2273 va=0.3269 val_AccPaper=0.8675
[18:15:55] fold2 ep 004 tr=0.1892 va=0.3631 val_AccPaper=0.8675
[18:15:57] fold2 ep 005 tr=0.1843 va=0.3635 val_AccPaper=0.8735
[18:15:59] fold2 ep 006 tr=0.1577 va=0.3513 val_AccPaper=0.8614
[18:16:01] fold2 ep 007 tr=0.1478 va=0.3603 val_AccPaper=0.8675
[18:16:02] fold2 ep 008 tr=0.1340 va=0.3640 val_AccPaper=0.8735
[18:16:04] fold2 ep 009 tr=0.1302 va=0.3689 val_AccPaper=0.8675
[18:16:06] fold2 ep 010 tr=0.1191 va=0.3990 val_AccPaper=0.8916
[18:16:08] fold2 ep 011 tr=0.1156 va=0.4031 val_AccPaper=0.8795
[18:16:10] fold2 ep 012 tr=0.1034 va=0.4017 val_AccPaper=0.8735
[18:16:11] fold2 ep 013 tr=0.1044 va=0.3964 val_AccPaper=0.8735
[18:16:13] fold2 ep 014 tr=0.1042 va=0.4203 val_AccPaper=0.9096
[18:16:15] fold2 ep 015 tr=0.0978 va=0.4057 val_AccPaper=0.8855
[18:16:17] fold2 ep 016 tr=0.0983 va=0.4122 val_AccPaper=0.9036
[18:16:18] fold2 ep 017 tr=0.0944 va=0.4096 val_AccPaper=0.8795
[18:16:20] fold2 ep 018 tr=0.0822 va=0.4327 val_AccPaper=0.8735
[18:16:22] fold2 ep 019 tr=0.0820 va=0.4405 val_AccPaper=0.8976
[18:16:24] fold2 ep 020 tr=0.0807 va=0.4474 val_AccPaper=0.8554
[18:16:25] fold2 ep 021 tr=0.0809 va=0.4458 val_AccPaper=0.8916
[18:16:27] fold2 ep 022 tr=0.0756 va=0.4436 val_AccPaper=0.8855
[18:16:29] fold2 ep 023 tr=0.0782 va=0.4513 val_AccPaper=0.8795
[18:16:31] fold2 ep 024 tr=0.0701 va=0.4592 val_AccPaper=0.8855
[18:16:32] fold2 ep 025 tr=0.0673 va=0.4549 val_AccPaper=0.8795
[18:16:34] fold2 ep 026 tr=0.0689 va=0.4622 val_AccPaper=0.8795
[18:16:36] fold2 ep 027 tr=0.0666 va=0.4551 val_AccPaper=0.8916
[18:16:37] fold2 ep 028 tr=0.0669 va=0.5209 val_AccPaper=0.9096
[18:16:39] fold2 ep 029 tr=0.0643 va=0.4867 val_AccPaper=0.8735
[18:16:41] fold2 ep 030 tr=0.0630 va=0.4815 val_AccPaper=0.8795
[18:16:43] fold2 ep 031 tr=0.0665 va=0.4666 val_AccPaper=0.8675
[18:16:44] fold2 ep 032 tr=0.0580 va=0.5002 val_AccPaper=0.8795
[18:16:46] fold2 ep 033 tr=0.0588 va=0.5547 val_AccPaper=0.8855
[18:16:48] fold2 ep 034 tr=0.0566 va=0.5491 val_AccPaper=0.8735
[18:16:48]   early stop @ ep 34
[18:16:50] [S3] task fold3 ft_tr=10638 ft_va=2751 eval=13579
[18:16:51] fold3 ep 001 tr=0.4014 va=0.4323 val_AccPaper=0.8494
[18:16:53] fold3 ep 002 tr=0.2758 va=0.3881 val_AccPaper=0.8494
[18:16:55] fold3 ep 003 tr=0.2265 va=0.3677 val_AccPaper=0.8554
[18:16:57] fold3 ep 004 tr=0.2035 va=0.3837 val_AccPaper=0.8494
[18:16:58] fold3 ep 005 tr=0.1731 va=0.3756 val_AccPaper=0.8976
[18:17:00] fold3 ep 006 tr=0.1624 va=0.3813 val_AccPaper=0.8675
[18:17:02] fold3 ep 007 tr=0.1514 va=0.3607 val_AccPaper=0.8855
[18:17:04] fold3 ep 008 tr=0.1436 va=0.3633 val_AccPaper=0.8855
[18:17:05] fold3 ep 009 tr=0.1315 va=0.3882 val_AccPaper=0.8735
[18:17:07] fold3 ep 010 tr=0.1152 va=0.4065 val_AccPaper=0.8675
[18:17:09] fold3 ep 011 tr=0.1112 va=0.3730 val_AccPaper=0.8735
[18:17:11] fold3 ep 012 tr=0.1057 va=0.4269 val_AccPaper=0.8795
[18:17:12] fold3 ep 013 tr=0.0969 va=0.4091 val_AccPaper=0.8735
[18:17:14] fold3 ep 014 tr=0.0982 va=0.3939 val_AccPaper=0.8614
[18:17:16] fold3 ep 015 tr=0.0978 va=0.4091 val_AccPaper=0.8614
[18:17:17] fold3 ep 016 tr=0.0888 va=0.4380 val_AccPaper=0.8795
[18:17:19] fold3 ep 017 tr=0.0858 va=0.4507 val_AccPaper=0.8675
[18:17:21] fold3 ep 018 tr=0.0779 va=0.4404 val_AccPaper=0.8614
[18:17:23] fold3 ep 019 tr=0.0786 va=0.4596 val_AccPaper=0.8735
[18:17:24] fold3 ep 020 tr=0.0742 va=0.4387 val_AccPaper=0.8494
[18:17:26] fold3 ep 021 tr=0.0717 va=0.4706 val_AccPaper=0.8795
[18:17:28] fold3 ep 022 tr=0.0718 va=0.4793 val_AccPaper=0.8675
[18:17:30] fold3 ep 023 tr=0.0698 va=0.4959 val_AccPaper=0.8614
[18:17:31] fold3 ep 024 tr=0.0649 va=0.4658 val_AccPaper=0.8614
[18:17:33] fold3 ep 025 tr=0.0634 va=0.4979 val_AccPaper=0.8614
[18:17:33]   early stop @ ep 25
[18:17:35] [S3] task fold4 ft_tr=10638 ft_va=2751 eval=13579
[18:17:37] fold4 ep 001 tr=0.4030 va=0.4219 val_AccPaper=0.8012
[18:17:39] fold4 ep 002 tr=0.2614 va=0.3661 val_AccPaper=0.8434
[18:17:40] fold4 ep 003 tr=0.2198 va=0.4012 val_AccPaper=0.8434
[18:17:42] fold4 ep 004 tr=0.2004 va=0.3928 val_AccPaper=0.8373
[18:17:44] fold4 ep 005 tr=0.1791 va=0.3772 val_AccPaper=0.8675
[18:17:46] fold4 ep 006 tr=0.1604 va=0.3736 val_AccPaper=0.8494
[18:17:48] fold4 ep 007 tr=0.1501 va=0.3775 val_AccPaper=0.8494
[18:17:50] fold4 ep 008 tr=0.1371 va=0.3802 val_AccPaper=0.8434
[18:17:51] fold4 ep 009 tr=0.1380 va=0.3517 val_AccPaper=0.8916
[18:17:53] fold4 ep 010 tr=0.1234 va=0.3496 val_AccPaper=0.8614
[18:17:55] fold4 ep 011 tr=0.1203 va=0.3828 val_AccPaper=0.8795
[18:17:57] fold4 ep 012 tr=0.1092 va=0.4024 val_AccPaper=0.8554
[18:17:59] fold4 ep 013 tr=0.1037 va=0.3907 val_AccPaper=0.8614
[18:18:01] fold4 ep 014 tr=0.1033 va=0.3712 val_AccPaper=0.8554
[18:18:02] fold4 ep 015 tr=0.0952 va=0.3763 val_AccPaper=0.8675
[18:18:04] fold4 ep 016 tr=0.0879 va=0.3782 val_AccPaper=0.8494
[18:18:06] fold4 ep 017 tr=0.0869 va=0.4535 val_AccPaper=0.8614
[18:18:07] fold4 ep 018 tr=0.0847 va=0.3664 val_AccPaper=0.8675
[18:18:09] fold4 ep 019 tr=0.0797 va=0.3925 val_AccPaper=0.8976
[18:18:11] fold4 ep 020 tr=0.0782 va=0.4055 val_AccPaper=0.8614
[18:18:13] fold4 ep 021 tr=0.0737 va=0.4232 val_AccPaper=0.8614
[18:18:15] fold4 ep 022 tr=0.0706 va=0.4147 val_AccPaper=0.8494
[18:18:16] fold4 ep 023 tr=0.0716 va=0.4661 val_AccPaper=0.8675
[18:18:18] fold4 ep 024 tr=0.0664 va=0.4407 val_AccPaper=0.8554
[18:18:20] fold4 ep 025 tr=0.0628 va=0.4232 val_AccPaper=0.8554
[18:18:22] fold4 ep 026 tr=0.0668 va=0.4563 val_AccPaper=0.8855
[18:18:23] fold4 ep 027 tr=0.0698 va=0.4595 val_AccPaper=0.8795
[18:18:25] fold4 ep 028 tr=0.0690 va=0.4485 val_AccPaper=0.8554
[18:18:27] fold4 ep 029 tr=0.0594 va=0.4875 val_AccPaper=0.8735
[18:18:28] fold4 ep 030 tr=0.0572 va=0.4509 val_AccPaper=0.8434
[18:18:30] fold4 ep 031 tr=0.0629 va=0.4391 val_AccPaper=0.8735
[18:18:32] fold4 ep 032 tr=0.0583 va=0.4226 val_AccPaper=0.8675
[18:18:34] fold4 ep 033 tr=0.0568 va=0.4627 val_AccPaper=0.8494
[18:18:35] fold4 ep 034 tr=0.0553 va=0.4561 val_AccPaper=0.8554
[18:18:37] fold4 ep 035 tr=0.0610 va=0.4319 val_AccPaper=0.8554
[18:18:39] fold4 ep 036 tr=0.0572 va=0.5026 val_AccPaper=0.8494
[18:18:41] fold4 ep 037 tr=0.0530 va=0.4980 val_AccPaper=0.8614
[18:18:42] fold4 ep 038 tr=0.0509 va=0.4625 val_AccPaper=0.8494
[18:18:44] fold4 ep 039 tr=0.0474 va=0.5061 val_AccPaper=0.8614
[18:18:44]   early stop @ ep 39
[18:18:46] [S3] three fold0 ft_tr=10638 ft_va=2751 eval=13579
[18:18:48] fold0 ep 001 tr=0.8772 va=0.8602 val_AccPaper=0.6265
[18:18:50] fold0 ep 002 tr=0.6510 va=0.8158 val_AccPaper=0.6566
[18:18:51] fold0 ep 003 tr=0.5657 va=0.8008 val_AccPaper=0.6867
[18:18:53] fold0 ep 004 tr=0.5218 va=0.8061 val_AccPaper=0.6687
[18:18:55] fold0 ep 005 tr=0.4812 va=0.8110 val_AccPaper=0.7108
[18:18:57] fold0 ep 006 tr=0.4517 va=0.8054 val_AccPaper=0.6928
[18:18:59] fold0 ep 007 tr=0.4246 va=0.8272 val_AccPaper=0.7048
[18:19:00] fold0 ep 008 tr=0.3998 va=0.8308 val_AccPaper=0.7349
[18:19:02] fold0 ep 009 tr=0.3649 va=0.8709 val_AccPaper=0.7169
[18:19:04] fold0 ep 010 tr=0.3510 va=0.8865 val_AccPaper=0.6988
[18:19:06] fold0 ep 011 tr=0.3400 va=0.8710 val_AccPaper=0.7410
[18:19:08] fold0 ep 012 tr=0.3287 va=0.8712 val_AccPaper=0.7289
[18:19:09] fold0 ep 013 tr=0.3184 va=0.8846 val_AccPaper=0.7410
[18:19:11] fold0 ep 014 tr=0.3016 va=0.8883 val_AccPaper=0.7289
[18:19:13] fold0 ep 015 tr=0.2995 va=0.9079 val_AccPaper=0.7349
[18:19:15] fold0 ep 016 tr=0.2818 va=0.9304 val_AccPaper=0.7590
[18:19:17] fold0 ep 017 tr=0.2759 va=0.9687 val_AccPaper=0.7108
[18:19:18] fold0 ep 018 tr=0.2757 va=0.9290 val_AccPaper=0.7410
[18:19:20] fold0 ep 019 tr=0.2587 va=0.9483 val_AccPaper=0.7470
[18:19:22] fold0 ep 020 tr=0.2621 va=0.9577 val_AccPaper=0.7289
[18:19:24] fold0 ep 021 tr=0.2508 va=0.9838 val_AccPaper=0.7530
[18:19:25] fold0 ep 022 tr=0.2451 va=1.0030 val_AccPaper=0.7289
[18:19:27] fold0 ep 023 tr=0.2372 va=0.9923 val_AccPaper=0.7169
[18:19:29] fold0 ep 024 tr=0.2324 va=0.9760 val_AccPaper=0.7048
[18:19:30] fold0 ep 025 tr=0.2285 va=1.0291 val_AccPaper=0.7289
[18:19:32] fold0 ep 026 tr=0.2296 va=0.9706 val_AccPaper=0.7470
[18:19:34] fold0 ep 027 tr=0.2174 va=1.0391 val_AccPaper=0.7229
[18:19:36] fold0 ep 028 tr=0.2192 va=1.0210 val_AccPaper=0.7169
[18:19:38] fold0 ep 029 tr=0.2157 va=1.0399 val_AccPaper=0.7169
[18:19:39] fold0 ep 030 tr=0.2040 va=1.1002 val_AccPaper=0.7108
[18:19:41] fold0 ep 031 tr=0.2094 va=1.0541 val_AccPaper=0.6807
[18:19:43] fold0 ep 032 tr=0.2004 va=1.0557 val_AccPaper=0.7169
[18:19:45] fold0 ep 033 tr=0.2004 va=1.1223 val_AccPaper=0.7229
[18:19:47] fold0 ep 034 tr=0.2034 va=1.0976 val_AccPaper=0.6867
[18:19:49] fold0 ep 035 tr=0.1960 va=1.1091 val_AccPaper=0.7349
[18:19:50] fold0 ep 036 tr=0.1895 va=1.1528 val_AccPaper=0.7108
[18:19:50]   early stop @ ep 36
[18:19:53] [S3] three fold1 ft_tr=10638 ft_va=2751 eval=13579
[18:19:54] fold1 ep 001 tr=0.8474 va=0.8815 val_AccPaper=0.6145
[18:19:56] fold1 ep 002 tr=0.6504 va=0.8517 val_AccPaper=0.6506
[18:19:58] fold1 ep 003 tr=0.5865 va=0.8312 val_AccPaper=0.6566
[18:20:00] fold1 ep 004 tr=0.5287 va=0.8107 val_AccPaper=0.6627
[18:20:02] fold1 ep 005 tr=0.4851 va=0.8330 val_AccPaper=0.6867
[18:20:03] fold1 ep 006 tr=0.4631 va=0.8280 val_AccPaper=0.6928
[18:20:05] fold1 ep 007 tr=0.4263 va=0.8255 val_AccPaper=0.6807
[18:20:07] fold1 ep 008 tr=0.4112 va=0.8635 val_AccPaper=0.6988
[18:20:09] fold1 ep 009 tr=0.3921 va=0.8262 val_AccPaper=0.7048
[18:20:11] fold1 ep 010 tr=0.3664 va=0.8840 val_AccPaper=0.7169
[18:20:13] fold1 ep 011 tr=0.3556 va=0.8875 val_AccPaper=0.7229
[18:20:14] fold1 ep 012 tr=0.3446 va=0.8893 val_AccPaper=0.7169
[18:20:16] fold1 ep 013 tr=0.3308 va=0.8768 val_AccPaper=0.7169
[18:20:18] fold1 ep 014 tr=0.3123 va=0.8932 val_AccPaper=0.7108
[18:20:20] fold1 ep 015 tr=0.3016 va=0.9705 val_AccPaper=0.6928
[18:20:22] fold1 ep 016 tr=0.3079 va=0.9286 val_AccPaper=0.6687
[18:20:24] fold1 ep 017 tr=0.2916 va=0.9270 val_AccPaper=0.7169
[18:20:25] fold1 ep 018 tr=0.2906 va=0.9367 val_AccPaper=0.7048
[18:20:27] fold1 ep 019 tr=0.2806 va=0.9739 val_AccPaper=0.7229
[18:20:29] fold1 ep 020 tr=0.2709 va=0.9575 val_AccPaper=0.6928
[18:20:31] fold1 ep 021 tr=0.2668 va=1.0062 val_AccPaper=0.6988
[18:20:33] fold1 ep 022 tr=0.2553 va=1.0079 val_AccPaper=0.7169
[18:20:35] fold1 ep 023 tr=0.2519 va=0.9849 val_AccPaper=0.7108
[18:20:37] fold1 ep 024 tr=0.2448 va=0.9425 val_AccPaper=0.7108
[18:20:39] fold1 ep 025 tr=0.2405 va=0.9939 val_AccPaper=0.7108
[18:20:41] fold1 ep 026 tr=0.2406 va=0.9720 val_AccPaper=0.7289
[18:20:42] fold1 ep 027 tr=0.2333 va=0.9919 val_AccPaper=0.6867
[18:20:44] fold1 ep 028 tr=0.2338 va=1.0292 val_AccPaper=0.6988
[18:20:46] fold1 ep 029 tr=0.2215 va=1.0373 val_AccPaper=0.7048
[18:20:48] fold1 ep 030 tr=0.2206 va=1.0570 val_AccPaper=0.6988
[18:20:50] fold1 ep 031 tr=0.2224 va=1.0124 val_AccPaper=0.6988
[18:20:52] fold1 ep 032 tr=0.2182 va=1.0785 val_AccPaper=0.7169
[18:20:54] fold1 ep 033 tr=0.2057 va=1.0562 val_AccPaper=0.7048
[18:20:55] fold1 ep 034 tr=0.2134 va=1.0608 val_AccPaper=0.6988
[18:20:57] fold1 ep 035 tr=0.2074 va=1.0888 val_AccPaper=0.7289
[18:20:59] fold1 ep 036 tr=0.2062 va=1.1269 val_AccPaper=0.6807
[18:21:01] fold1 ep 037 tr=0.2050 va=1.1097 val_AccPaper=0.6867
[18:21:03] fold1 ep 038 tr=0.1978 va=1.1322 val_AccPaper=0.7349
[18:21:04] fold1 ep 039 tr=0.1913 va=1.0918 val_AccPaper=0.7289
[18:21:06] fold1 ep 040 tr=0.1954 va=1.1279 val_AccPaper=0.7289
[18:21:08] fold1 ep 041 tr=0.1882 va=1.1066 val_AccPaper=0.7289
[18:21:10] fold1 ep 042 tr=0.1860 va=1.1212 val_AccPaper=0.7229
[18:21:12] fold1 ep 043 tr=0.2010 va=1.1369 val_AccPaper=0.7229
[18:21:14] fold1 ep 044 tr=0.1867 va=1.1145 val_AccPaper=0.6867
[18:21:15] fold1 ep 045 tr=0.1838 va=1.1827 val_AccPaper=0.6988
[18:21:17] fold1 ep 046 tr=0.1820 va=1.1318 val_AccPaper=0.7229
[18:21:19] fold1 ep 047 tr=0.1837 va=1.1877 val_AccPaper=0.6988
[18:21:20] fold1 ep 048 tr=0.1917 va=1.1703 val_AccPaper=0.7048
[18:21:22] fold1 ep 049 tr=0.1798 va=1.0862 val_AccPaper=0.7108
[18:21:24] fold1 ep 050 tr=0.1761 va=1.2344 val_AccPaper=0.6988
[18:21:26] fold1 ep 051 tr=0.1755 va=1.2141 val_AccPaper=0.7108
[18:21:27] fold1 ep 052 tr=0.1728 va=1.2140 val_AccPaper=0.7229
[18:21:29] fold1 ep 053 tr=0.1711 va=1.2488 val_AccPaper=0.6807
[18:21:31] fold1 ep 054 tr=0.1659 va=1.1333 val_AccPaper=0.7349
[18:21:32] fold1 ep 055 tr=0.1672 va=1.1731 val_AccPaper=0.7048
[18:21:34] fold1 ep 056 tr=0.1631 va=1.1909 val_AccPaper=0.7108
[18:21:36] fold1 ep 057 tr=0.1633 va=1.1602 val_AccPaper=0.7410
[18:21:38] fold1 ep 058 tr=0.1634 va=1.2033 val_AccPaper=0.7229
[18:21:39] fold1 ep 059 tr=0.1617 va=1.1779 val_AccPaper=0.6988
[18:21:41] fold1 ep 060 tr=0.1585 va=1.2645 val_AccPaper=0.6988
[18:21:43] fold1 ep 061 tr=0.1668 va=1.2117 val_AccPaper=0.7048
[18:21:44] fold1 ep 062 tr=0.1570 va=1.2115 val_AccPaper=0.7169
[18:21:46] fold1 ep 063 tr=0.1599 va=1.2001 val_AccPaper=0.7289
[18:21:48] fold1 ep 064 tr=0.1575 va=1.1934 val_AccPaper=0.6867
[18:21:50] fold1 ep 065 tr=0.1592 va=1.2576 val_AccPaper=0.6928
[18:21:51] fold1 ep 066 tr=0.1482 va=1.2251 val_AccPaper=0.7289
[18:21:53] fold1 ep 067 tr=0.1516 va=1.2516 val_AccPaper=0.7108
[18:21:55] fold1 ep 068 tr=0.1629 va=1.2611 val_AccPaper=0.7048
[18:21:56] fold1 ep 069 tr=0.1491 va=1.2456 val_AccPaper=0.7229
[18:21:58] fold1 ep 070 tr=0.1501 va=1.2926 val_AccPaper=0.7169
[18:22:00] fold1 ep 071 tr=0.1503 va=1.2716 val_AccPaper=0.7048
[18:22:02] fold1 ep 072 tr=0.1533 va=1.3108 val_AccPaper=0.6988
[18:22:03] fold1 ep 073 tr=0.1383 va=1.2619 val_AccPaper=0.7229
[18:22:05] fold1 ep 074 tr=0.1468 va=1.2908 val_AccPaper=0.7048
[18:22:07] fold1 ep 075 tr=0.1425 va=1.2375 val_AccPaper=0.6988
[18:22:08] fold1 ep 076 tr=0.1398 va=1.3169 val_AccPaper=0.6867
[18:22:10] fold1 ep 077 tr=0.1416 va=1.2508 val_AccPaper=0.7229
[18:22:10]   early stop @ ep 77
[18:22:12] [S3] three fold2 ft_tr=10638 ft_va=2751 eval=13579
[18:22:14] fold2 ep 001 tr=0.8344 va=0.8010 val_AccPaper=0.6506
[18:22:16] fold2 ep 002 tr=0.6347 va=0.8072 val_AccPaper=0.6627
[18:22:17] fold2 ep 003 tr=0.5699 va=0.8305 val_AccPaper=0.6325
[18:22:19] fold2 ep 004 tr=0.5158 va=0.8033 val_AccPaper=0.7048
[18:22:21] fold2 ep 005 tr=0.4705 va=0.8257 val_AccPaper=0.6867
[18:22:22] fold2 ep 006 tr=0.4412 va=0.8315 val_AccPaper=0.6687
[18:22:24] fold2 ep 007 tr=0.4168 va=0.8078 val_AccPaper=0.6867
[18:22:26] fold2 ep 008 tr=0.3925 va=0.8155 val_AccPaper=0.6687
[18:22:28] fold2 ep 009 tr=0.3721 va=0.8405 val_AccPaper=0.7048
[18:22:29] fold2 ep 010 tr=0.3664 va=0.8565 val_AccPaper=0.6807
[18:22:31] fold2 ep 011 tr=0.3443 va=0.8659 val_AccPaper=0.6928
[18:22:33] fold2 ep 012 tr=0.3230 va=0.8713 val_AccPaper=0.6928
[18:22:34] fold2 ep 013 tr=0.3214 va=0.8968 val_AccPaper=0.7048
[18:22:36] fold2 ep 014 tr=0.3111 va=0.8837 val_AccPaper=0.6928
[18:22:38] fold2 ep 015 tr=0.2938 va=0.9127 val_AccPaper=0.7108
[18:22:40] fold2 ep 016 tr=0.2847 va=0.9360 val_AccPaper=0.7108
[18:22:41] fold2 ep 017 tr=0.2818 va=0.9712 val_AccPaper=0.6867
[18:22:43] fold2 ep 018 tr=0.2734 va=0.9554 val_AccPaper=0.6807
[18:22:45] fold2 ep 019 tr=0.2665 va=0.9969 val_AccPaper=0.6988
[18:22:46] fold2 ep 020 tr=0.2607 va=0.9639 val_AccPaper=0.6807
[18:22:48] fold2 ep 021 tr=0.2482 va=1.0135 val_AccPaper=0.6807
[18:22:50] fold2 ep 022 tr=0.2475 va=0.9965 val_AccPaper=0.7108
[18:22:52] fold2 ep 023 tr=0.2455 va=1.0299 val_AccPaper=0.6747
[18:22:53] fold2 ep 024 tr=0.2341 va=1.0636 val_AccPaper=0.6867
[18:22:55] fold2 ep 025 tr=0.2230 va=1.0854 val_AccPaper=0.6747
[18:22:57] fold2 ep 026 tr=0.2298 va=1.0955 val_AccPaper=0.6988
[18:22:59] fold2 ep 027 tr=0.2317 va=1.1176 val_AccPaper=0.6747
[18:23:01] fold2 ep 028 tr=0.2189 va=1.0783 val_AccPaper=0.6747
[18:23:03] fold2 ep 029 tr=0.2166 va=1.1651 val_AccPaper=0.6988
[18:23:05] fold2 ep 030 tr=0.2174 va=1.1089 val_AccPaper=0.6747
[18:23:06] fold2 ep 031 tr=0.2100 va=1.0922 val_AccPaper=0.6867
[18:23:08] fold2 ep 032 tr=0.2204 va=1.1370 val_AccPaper=0.6807
[18:23:10] fold2 ep 033 tr=0.1994 va=1.1665 val_AccPaper=0.6747
[18:23:12] fold2 ep 034 tr=0.2089 va=1.1277 val_AccPaper=0.6988
[18:23:14] fold2 ep 035 tr=0.1999 va=1.1449 val_AccPaper=0.6807
[18:23:14]   early stop @ ep 35
[18:23:16] [S3] three fold3 ft_tr=10638 ft_va=2751 eval=13579
[18:23:17] fold3 ep 001 tr=0.8337 va=0.8800 val_AccPaper=0.5783
[18:23:19] fold3 ep 002 tr=0.6477 va=0.8178 val_AccPaper=0.6084
[18:23:21] fold3 ep 003 tr=0.5857 va=0.7891 val_AccPaper=0.6627
[18:23:23] fold3 ep 004 tr=0.5316 va=0.7915 val_AccPaper=0.7048
[18:23:24] fold3 ep 005 tr=0.4851 va=0.7986 val_AccPaper=0.6988
[18:23:26] fold3 ep 006 tr=0.4579 va=0.8054 val_AccPaper=0.7169
[18:23:28] fold3 ep 007 tr=0.4300 va=0.7893 val_AccPaper=0.7229
[18:23:30] fold3 ep 008 tr=0.3980 va=0.8139 val_AccPaper=0.7048
[18:23:32] fold3 ep 009 tr=0.3792 va=0.8154 val_AccPaper=0.7289
[18:23:33] fold3 ep 010 tr=0.3737 va=0.7940 val_AccPaper=0.7530
[18:23:35] fold3 ep 011 tr=0.3580 va=0.8425 val_AccPaper=0.7349
[18:23:37] fold3 ep 012 tr=0.3398 va=0.8407 val_AccPaper=0.7349
[18:23:39] fold3 ep 013 tr=0.3250 va=0.8604 val_AccPaper=0.6988
[18:23:40] fold3 ep 014 tr=0.3185 va=0.8768 val_AccPaper=0.7169
[18:23:42] fold3 ep 015 tr=0.3090 va=0.8917 val_AccPaper=0.7289
[18:23:44] fold3 ep 016 tr=0.2931 va=0.9006 val_AccPaper=0.7229
[18:23:45] fold3 ep 017 tr=0.2881 va=0.9294 val_AccPaper=0.7349
[18:23:47] fold3 ep 018 tr=0.2743 va=0.9260 val_AccPaper=0.7349
[18:23:49] fold3 ep 019 tr=0.2696 va=0.9125 val_AccPaper=0.7229
[18:23:51] fold3 ep 020 tr=0.2706 va=0.9143 val_AccPaper=0.7289
[18:23:53] fold3 ep 021 tr=0.2564 va=0.9229 val_AccPaper=0.7229
[18:23:54] fold3 ep 022 tr=0.2494 va=0.9697 val_AccPaper=0.7410
[18:23:56] fold3 ep 023 tr=0.2477 va=0.9426 val_AccPaper=0.7289
[18:23:58] fold3 ep 024 tr=0.2454 va=0.9938 val_AccPaper=0.7470
[18:24:00] fold3 ep 025 tr=0.2338 va=1.0050 val_AccPaper=0.7108
[18:24:02] fold3 ep 026 tr=0.2355 va=1.0334 val_AccPaper=0.7229
[18:24:03] fold3 ep 027 tr=0.2203 va=1.0274 val_AccPaper=0.6988
[18:24:05] fold3 ep 028 tr=0.2249 va=1.0427 val_AccPaper=0.7410
[18:24:07] fold3 ep 029 tr=0.2173 va=1.0555 val_AccPaper=0.7229
[18:24:09] fold3 ep 030 tr=0.2224 va=1.0370 val_AccPaper=0.7410
[18:24:09]   early stop @ ep 30
[18:24:11] [S3] three fold4 ft_tr=10638 ft_va=2751 eval=13579
[18:24:13] fold4 ep 001 tr=0.8525 va=0.8810 val_AccPaper=0.6024
[18:24:15] fold4 ep 002 tr=0.6442 va=0.8528 val_AccPaper=0.6446
[18:24:16] fold4 ep 003 tr=0.5717 va=0.8123 val_AccPaper=0.6747
[18:24:18] fold4 ep 004 tr=0.5199 va=0.8235 val_AccPaper=0.6627
[18:24:20] fold4 ep 005 tr=0.4850 va=0.8144 val_AccPaper=0.6988
[18:24:22] fold4 ep 006 tr=0.4414 va=0.8185 val_AccPaper=0.6928
[18:24:24] fold4 ep 007 tr=0.4089 va=0.8346 val_AccPaper=0.6988
[18:24:26] fold4 ep 008 tr=0.3907 va=0.8262 val_AccPaper=0.6928
[18:24:27] fold4 ep 009 tr=0.3612 va=0.8584 val_AccPaper=0.7349
[18:24:29] fold4 ep 010 tr=0.3430 va=0.8594 val_AccPaper=0.6988
[18:24:31] fold4 ep 011 tr=0.3378 va=0.8563 val_AccPaper=0.7229
[18:24:33] fold4 ep 012 tr=0.3255 va=0.8818 val_AccPaper=0.6988
[18:24:35] fold4 ep 013 tr=0.3091 va=0.8740 val_AccPaper=0.6988
[18:24:37] fold4 ep 014 tr=0.2921 va=0.9127 val_AccPaper=0.7108
[18:24:39] fold4 ep 015 tr=0.2946 va=0.9266 val_AccPaper=0.6928
[18:24:40] fold4 ep 016 tr=0.2821 va=0.9153 val_AccPaper=0.7048
[18:24:42] fold4 ep 017 tr=0.2689 va=0.9460 val_AccPaper=0.7048
[18:24:44] fold4 ep 018 tr=0.2705 va=0.9640 val_AccPaper=0.7048
[18:24:46] fold4 ep 019 tr=0.2514 va=0.9433 val_AccPaper=0.7048
[18:24:48] fold4 ep 020 tr=0.2587 va=0.9642 val_AccPaper=0.7169
[18:24:50] fold4 ep 021 tr=0.2390 va=1.0069 val_AccPaper=0.6867
[18:24:52] fold4 ep 022 tr=0.2430 va=0.9919 val_AccPaper=0.7229
[18:24:53] fold4 ep 023 tr=0.2335 va=0.9785 val_AccPaper=0.7229
[18:24:55] fold4 ep 024 tr=0.2332 va=1.0244 val_AccPaper=0.7048
[18:24:57] fold4 ep 025 tr=0.2389 va=1.0129 val_AccPaper=0.7229
[18:24:59] fold4 ep 026 tr=0.2241 va=1.0451 val_AccPaper=0.7048
[18:25:01] fold4 ep 027 tr=0.2251 va=1.0548 val_AccPaper=0.7169
[18:25:03] fold4 ep 028 tr=0.2136 va=1.0539 val_AccPaper=0.7169
[18:25:04] fold4 ep 029 tr=0.2076 va=1.0578 val_AccPaper=0.6988
[18:25:04]   early stop @ ep 29
[18:25:08] === S4 cues=969 train=484 eval=485 ===
[18:25:09] [S4] task fold0 ft_tr=12101 ft_va=3109 eval=14586
[18:25:11] fold0 ep 001 tr=0.5776 va=0.4897 val_AccPaper=0.7938
[18:25:13] fold0 ep 002 tr=0.4250 va=0.4725 val_AccPaper=0.8402
[18:25:15] fold0 ep 003 tr=0.3767 va=0.4504 val_AccPaper=0.7990
[18:25:17] fold0 ep 004 tr=0.3412 va=0.4581 val_AccPaper=0.7887
[18:25:19] fold0 ep 005 tr=0.3135 va=0.4630 val_AccPaper=0.8093
[18:25:21] fold0 ep 006 tr=0.2942 va=0.4677 val_AccPaper=0.8144
[18:25:23] fold0 ep 007 tr=0.2801 va=0.4773 val_AccPaper=0.8041
[18:25:26] fold0 ep 008 tr=0.2684 va=0.4564 val_AccPaper=0.8247
[18:25:27] fold0 ep 009 tr=0.2439 va=0.4829 val_AccPaper=0.8093
[18:25:29] fold0 ep 010 tr=0.2436 va=0.4557 val_AccPaper=0.8093
[18:25:32] fold0 ep 011 tr=0.2330 va=0.4735 val_AccPaper=0.8041
[18:25:34] fold0 ep 012 tr=0.2158 va=0.4957 val_AccPaper=0.8093
[18:25:36] fold0 ep 013 tr=0.2154 va=0.4757 val_AccPaper=0.8196
[18:25:38] fold0 ep 014 tr=0.2155 va=0.4749 val_AccPaper=0.8247
[18:25:40] fold0 ep 015 tr=0.2045 va=0.5134 val_AccPaper=0.8402
[18:25:42] fold0 ep 016 tr=0.1993 va=0.5170 val_AccPaper=0.8299
[18:25:44] fold0 ep 017 tr=0.1873 va=0.5146 val_AccPaper=0.8093
[18:25:46] fold0 ep 018 tr=0.1898 va=0.5016 val_AccPaper=0.8247
[18:25:49] fold0 ep 019 tr=0.1810 va=0.5276 val_AccPaper=0.8041
[18:25:51] fold0 ep 020 tr=0.1840 va=0.5454 val_AccPaper=0.8041
[18:25:53] fold0 ep 021 tr=0.1714 va=0.5296 val_AccPaper=0.8247
[18:25:55] fold0 ep 022 tr=0.1767 va=0.5410 val_AccPaper=0.8093
[18:25:55]   early stop @ ep 22
[18:25:57] [S4] task fold1 ft_tr=12101 ft_va=3109 eval=14586
[18:25:59] fold1 ep 001 tr=0.5674 va=0.4560 val_AccPaper=0.7784
[18:26:01] fold1 ep 002 tr=0.4202 va=0.4775 val_AccPaper=0.8093
[18:26:03] fold1 ep 003 tr=0.3674 va=0.4581 val_AccPaper=0.8299
[18:26:05] fold1 ep 004 tr=0.3286 va=0.4499 val_AccPaper=0.8402
[18:26:07] fold1 ep 005 tr=0.3077 va=0.4416 val_AccPaper=0.8196
[18:26:09] fold1 ep 006 tr=0.2894 va=0.5018 val_AccPaper=0.8299
[18:26:12] fold1 ep 007 tr=0.2793 va=0.4679 val_AccPaper=0.8196
[18:26:14] fold1 ep 008 tr=0.2594 va=0.4945 val_AccPaper=0.8402
[18:26:16] fold1 ep 009 tr=0.2434 va=0.4816 val_AccPaper=0.8247
[18:26:18] fold1 ep 010 tr=0.2364 va=0.4940 val_AccPaper=0.8041
[18:26:20] fold1 ep 011 tr=0.2221 va=0.5112 val_AccPaper=0.8247
[18:26:22] fold1 ep 012 tr=0.2082 va=0.5211 val_AccPaper=0.7784
[18:26:24] fold1 ep 013 tr=0.2134 va=0.5467 val_AccPaper=0.8144
[18:26:26] fold1 ep 014 tr=0.2041 va=0.4951 val_AccPaper=0.7990
[18:26:28] fold1 ep 015 tr=0.1989 va=0.5121 val_AccPaper=0.7990
[18:26:30] fold1 ep 016 tr=0.1875 va=0.5432 val_AccPaper=0.7887
[18:26:32] fold1 ep 017 tr=0.1850 va=0.5539 val_AccPaper=0.7938
[18:26:34] fold1 ep 018 tr=0.1815 va=0.5566 val_AccPaper=0.8041
[18:26:37] fold1 ep 019 tr=0.1789 va=0.5702 val_AccPaper=0.7938
[18:26:39] fold1 ep 020 tr=0.1699 va=0.5731 val_AccPaper=0.7887
[18:26:41] fold1 ep 021 tr=0.1709 va=0.5715 val_AccPaper=0.8093
[18:26:43] fold1 ep 022 tr=0.1707 va=0.5866 val_AccPaper=0.7990
[18:26:45] fold1 ep 023 tr=0.1693 va=0.5819 val_AccPaper=0.8041
[18:26:47] fold1 ep 024 tr=0.1708 va=0.5798 val_AccPaper=0.7938
[18:26:47]   early stop @ ep 24
[18:26:50] [S4] task fold2 ft_tr=12101 ft_va=3109 eval=14586
[18:26:52] fold2 ep 001 tr=0.5751 va=0.5430 val_AccPaper=0.7423
[18:26:54] fold2 ep 002 tr=0.4100 va=0.5356 val_AccPaper=0.7835
[18:26:56] fold2 ep 003 tr=0.3573 va=0.5012 val_AccPaper=0.7680
[18:26:58] fold2 ep 004 tr=0.3224 va=0.5098 val_AccPaper=0.7732
[18:27:00] fold2 ep 005 tr=0.3049 va=0.4861 val_AccPaper=0.7887
[18:27:02] fold2 ep 006 tr=0.2882 va=0.5079 val_AccPaper=0.7938
[18:27:05] fold2 ep 007 tr=0.2691 va=0.5338 val_AccPaper=0.8041
[18:27:07] fold2 ep 008 tr=0.2553 va=0.4936 val_AccPaper=0.7887
[18:27:09] fold2 ep 009 tr=0.2394 va=0.4914 val_AccPaper=0.7938
[18:27:11] fold2 ep 010 tr=0.2476 va=0.5172 val_AccPaper=0.8144
[18:27:13] fold2 ep 011 tr=0.2248 va=0.5267 val_AccPaper=0.7938
[18:27:15] fold2 ep 012 tr=0.2199 va=0.5486 val_AccPaper=0.7938
[18:27:17] fold2 ep 013 tr=0.2119 va=0.5208 val_AccPaper=0.8196
[18:27:19] fold2 ep 014 tr=0.2022 va=0.5463 val_AccPaper=0.8144
[18:27:22] fold2 ep 015 tr=0.2030 va=0.5568 val_AccPaper=0.8093
[18:27:24] fold2 ep 016 tr=0.1903 va=0.5637 val_AccPaper=0.8093
[18:27:26] fold2 ep 017 tr=0.1808 va=0.5560 val_AccPaper=0.8196
[18:27:28] fold2 ep 018 tr=0.1829 va=0.5407 val_AccPaper=0.8196
[18:27:30] fold2 ep 019 tr=0.1804 va=0.5596 val_AccPaper=0.8041
[18:27:32] fold2 ep 020 tr=0.1714 va=0.5571 val_AccPaper=0.8247
[18:27:34] fold2 ep 021 tr=0.1698 va=0.5988 val_AccPaper=0.8247
[18:27:35] fold2 ep 022 tr=0.1711 va=0.5734 val_AccPaper=0.8144
[18:27:37] fold2 ep 023 tr=0.1613 va=0.5863 val_AccPaper=0.8093
[18:27:39] fold2 ep 024 tr=0.1615 va=0.6151 val_AccPaper=0.8093
[18:27:41] fold2 ep 025 tr=0.1587 va=0.5879 val_AccPaper=0.8144
[18:27:43] fold2 ep 026 tr=0.1589 va=0.5696 val_AccPaper=0.8196
[18:27:45] fold2 ep 027 tr=0.1554 va=0.6126 val_AccPaper=0.8144
[18:27:47] fold2 ep 028 tr=0.1518 va=0.6740 val_AccPaper=0.8093
[18:27:49] fold2 ep 029 tr=0.1554 va=0.6218 val_AccPaper=0.8041
[18:27:51] fold2 ep 030 tr=0.1485 va=0.6282 val_AccPaper=0.7990
[18:27:53] fold2 ep 031 tr=0.1444 va=0.6104 val_AccPaper=0.8144
[18:27:55] fold2 ep 032 tr=0.1397 va=0.6527 val_AccPaper=0.8144
[18:27:57] fold2 ep 033 tr=0.1470 va=0.6471 val_AccPaper=0.8144
[18:27:58] fold2 ep 034 tr=0.1421 va=0.6332 val_AccPaper=0.8247
[18:27:59] fold2 ep 035 tr=0.1387 va=0.6653 val_AccPaper=0.8144
[18:28:00] fold2 ep 036 tr=0.1391 va=0.6508 val_AccPaper=0.8196
[18:28:01] fold2 ep 037 tr=0.1336 va=0.6346 val_AccPaper=0.7938
[18:28:02] fold2 ep 038 tr=0.1378 va=0.6647 val_AccPaper=0.8041
[18:28:03] fold2 ep 039 tr=0.1307 va=0.6817 val_AccPaper=0.8041
[18:28:04] fold2 ep 040 tr=0.1329 va=0.6879 val_AccPaper=0.8144
[18:28:04]   early stop @ ep 40
[18:28:06] [S4] task fold3 ft_tr=12101 ft_va=3109 eval=14586
[18:28:07] fold3 ep 001 tr=0.5560 va=0.5214 val_AccPaper=0.8093
[18:28:08] fold3 ep 002 tr=0.4058 va=0.4930 val_AccPaper=0.7732
[18:28:09] fold3 ep 003 tr=0.3694 va=0.4878 val_AccPaper=0.7835
[18:28:10] fold3 ep 004 tr=0.3327 va=0.5034 val_AccPaper=0.7990
[18:28:11] fold3 ep 005 tr=0.3075 va=0.5095 val_AccPaper=0.8041
[18:28:12] fold3 ep 006 tr=0.2871 va=0.5244 val_AccPaper=0.8041
[18:28:13] fold3 ep 007 tr=0.2757 va=0.4998 val_AccPaper=0.8093
[18:28:14] fold3 ep 008 tr=0.2615 va=0.4883 val_AccPaper=0.7938
[18:28:15] fold3 ep 009 tr=0.2526 va=0.5023 val_AccPaper=0.7577
[18:28:16] fold3 ep 010 tr=0.2403 va=0.5474 val_AccPaper=0.7990
[18:28:17] fold3 ep 011 tr=0.2231 va=0.5078 val_AccPaper=0.7990
[18:28:18] fold3 ep 012 tr=0.2237 va=0.5228 val_AccPaper=0.7784
[18:28:20] fold3 ep 013 tr=0.2141 va=0.5155 val_AccPaper=0.7938
[18:28:21] fold3 ep 014 tr=0.2110 va=0.5594 val_AccPaper=0.8144
[18:28:22] fold3 ep 015 tr=0.2044 va=0.5409 val_AccPaper=0.7990
[18:28:24] fold3 ep 016 tr=0.1979 va=0.5304 val_AccPaper=0.8196
[18:28:26] fold3 ep 017 tr=0.1888 va=0.5691 val_AccPaper=0.7835
[18:28:28] fold3 ep 018 tr=0.1847 va=0.5547 val_AccPaper=0.8041
[18:28:31] fold3 ep 019 tr=0.1773 va=0.5396 val_AccPaper=0.7990
[18:28:33] fold3 ep 020 tr=0.1824 va=0.5902 val_AccPaper=0.7784
[18:28:35] fold3 ep 021 tr=0.1822 va=0.5535 val_AccPaper=0.8041
[18:28:36] fold3 ep 022 tr=0.1722 va=0.5601 val_AccPaper=0.7835
[18:28:38] fold3 ep 023 tr=0.1722 va=0.5755 val_AccPaper=0.7784
[18:28:40] fold3 ep 024 tr=0.1707 va=0.5662 val_AccPaper=0.7887
[18:28:42] fold3 ep 025 tr=0.1627 va=0.5691 val_AccPaper=0.7990
[18:28:44] fold3 ep 026 tr=0.1677 va=0.5962 val_AccPaper=0.7784
[18:28:46] fold3 ep 027 tr=0.1536 va=0.6040 val_AccPaper=0.8041
[18:28:48] fold3 ep 028 tr=0.1632 va=0.5896 val_AccPaper=0.8041
[18:28:50] fold3 ep 029 tr=0.1570 va=0.6163 val_AccPaper=0.8041
[18:28:52] fold3 ep 030 tr=0.1640 va=0.6036 val_AccPaper=0.8093
[18:28:54] fold3 ep 031 tr=0.1560 va=0.6288 val_AccPaper=0.7887
[18:28:56] fold3 ep 032 tr=0.1452 va=0.5860 val_AccPaper=0.8144
[18:28:58] fold3 ep 033 tr=0.1493 va=0.6382 val_AccPaper=0.7732
[18:29:00] fold3 ep 034 tr=0.1535 va=0.6460 val_AccPaper=0.7784
[18:29:02] fold3 ep 035 tr=0.1470 va=0.6031 val_AccPaper=0.8144
[18:29:04] fold3 ep 036 tr=0.1445 va=0.6291 val_AccPaper=0.8093
[18:29:04]   early stop @ ep 36
[18:29:06] [S4] task fold4 ft_tr=12101 ft_va=3109 eval=14586
[18:29:08] fold4 ep 001 tr=0.5739 va=0.5355 val_AccPaper=0.7680
[18:29:10] fold4 ep 002 tr=0.4150 va=0.4860 val_AccPaper=0.7784
[18:29:12] fold4 ep 003 tr=0.3648 va=0.4725 val_AccPaper=0.7887
[18:29:15] fold4 ep 004 tr=0.3260 va=0.4934 val_AccPaper=0.7835
[18:29:17] fold4 ep 005 tr=0.3047 va=0.4896 val_AccPaper=0.7990
[18:29:19] fold4 ep 006 tr=0.2819 va=0.4636 val_AccPaper=0.8093
[18:29:21] fold4 ep 007 tr=0.2722 va=0.5012 val_AccPaper=0.7938
[18:29:23] fold4 ep 008 tr=0.2554 va=0.5020 val_AccPaper=0.7887
[18:29:25] fold4 ep 009 tr=0.2409 va=0.4935 val_AccPaper=0.8041
[18:29:27] fold4 ep 010 tr=0.2347 va=0.5208 val_AccPaper=0.7784
[18:29:29] fold4 ep 011 tr=0.2244 va=0.5242 val_AccPaper=0.7938
[18:29:31] fold4 ep 012 tr=0.2149 va=0.5316 val_AccPaper=0.8093
[18:29:33] fold4 ep 013 tr=0.2105 va=0.5447 val_AccPaper=0.8144
[18:29:35] fold4 ep 014 tr=0.2018 va=0.5838 val_AccPaper=0.7887
[18:29:37] fold4 ep 015 tr=0.1992 va=0.5797 val_AccPaper=0.7577
[18:29:39] fold4 ep 016 tr=0.1900 va=0.5819 val_AccPaper=0.7887
[18:29:41] fold4 ep 017 tr=0.1849 va=0.5817 val_AccPaper=0.7887
[18:29:43] fold4 ep 018 tr=0.1827 va=0.6147 val_AccPaper=0.7835
[18:29:45] fold4 ep 019 tr=0.1771 va=0.6046 val_AccPaper=0.7732
[18:29:48] fold4 ep 020 tr=0.1735 va=0.6086 val_AccPaper=0.7938
[18:29:50] fold4 ep 021 tr=0.1703 va=0.5999 val_AccPaper=0.7835
[18:29:52] fold4 ep 022 tr=0.1689 va=0.6203 val_AccPaper=0.7629
[18:29:54] fold4 ep 023 tr=0.1648 va=0.6097 val_AccPaper=0.7990
[18:29:56] fold4 ep 024 tr=0.1598 va=0.6206 val_AccPaper=0.7732
[18:29:58] fold4 ep 025 tr=0.1638 va=0.6565 val_AccPaper=0.7732
[18:30:00] fold4 ep 026 tr=0.1509 va=0.6204 val_AccPaper=0.7835
[18:30:02] fold4 ep 027 tr=0.1537 va=0.6468 val_AccPaper=0.7835
[18:30:04] fold4 ep 028 tr=0.1483 va=0.6403 val_AccPaper=0.7732
[18:30:06] fold4 ep 029 tr=0.1450 va=0.6546 val_AccPaper=0.7835
[18:30:08] fold4 ep 030 tr=0.1451 va=0.6689 val_AccPaper=0.7732
[18:30:10] fold4 ep 031 tr=0.1477 va=0.6575 val_AccPaper=0.7887
[18:30:12] fold4 ep 032 tr=0.1404 va=0.6769 val_AccPaper=0.7577
[18:30:14] fold4 ep 033 tr=0.1365 va=0.6663 val_AccPaper=0.7990
[18:30:14]   early stop @ ep 33
[18:30:16] [S4] three fold0 ft_tr=12101 ft_va=3109 eval=14586
[18:30:18] fold0 ep 001 tr=0.7815 va=0.7672 val_AccPaper=0.6701
[18:30:20] fold0 ep 002 tr=0.5646 va=0.7335 val_AccPaper=0.7320
[18:30:22] fold0 ep 003 tr=0.4903 va=0.7089 val_AccPaper=0.7320
[18:30:24] fold0 ep 004 tr=0.4611 va=0.7142 val_AccPaper=0.7216
[18:30:26] fold0 ep 005 tr=0.4091 va=0.7304 val_AccPaper=0.7320
[18:30:28] fold0 ep 006 tr=0.3920 va=0.7422 val_AccPaper=0.7216
[18:30:30] fold0 ep 007 tr=0.3737 va=0.7392 val_AccPaper=0.7474
[18:30:32] fold0 ep 008 tr=0.3399 va=0.7574 val_AccPaper=0.7423
[18:30:34] fold0 ep 009 tr=0.3265 va=0.7554 val_AccPaper=0.7526
[18:30:36] fold0 ep 010 tr=0.3233 va=0.7409 val_AccPaper=0.7371
[18:30:38] fold0 ep 011 tr=0.3110 va=0.7616 val_AccPaper=0.7629
[18:30:40] fold0 ep 012 tr=0.2913 va=0.7779 val_AccPaper=0.7423
[18:30:43] fold0 ep 013 tr=0.2770 va=0.7749 val_AccPaper=0.7526
[18:30:45] fold0 ep 014 tr=0.2760 va=0.8022 val_AccPaper=0.7732
[18:30:47] fold0 ep 015 tr=0.2679 va=0.7911 val_AccPaper=0.7371
[18:30:49] fold0 ep 016 tr=0.2563 va=0.8256 val_AccPaper=0.7474
[18:30:51] fold0 ep 017 tr=0.2505 va=0.8199 val_AccPaper=0.7629
[18:30:53] fold0 ep 018 tr=0.2562 va=0.8269 val_AccPaper=0.7629
[18:30:55] fold0 ep 019 tr=0.2373 va=0.8346 val_AccPaper=0.7577
[18:30:57] fold0 ep 020 tr=0.2311 va=0.8591 val_AccPaper=0.7526
[18:30:59] fold0 ep 021 tr=0.2237 va=0.8387 val_AccPaper=0.7577
[18:31:01] fold0 ep 022 tr=0.2316 va=0.8602 val_AccPaper=0.7474
[18:31:03] fold0 ep 023 tr=0.2278 va=0.8610 val_AccPaper=0.7474
[18:31:05] fold0 ep 024 tr=0.2169 va=0.8829 val_AccPaper=0.7474
[18:31:07] fold0 ep 025 tr=0.2186 va=0.8736 val_AccPaper=0.7423
[18:31:09] fold0 ep 026 tr=0.2101 va=0.8657 val_AccPaper=0.7268
[18:31:11] fold0 ep 027 tr=0.2084 va=0.8935 val_AccPaper=0.7371
[18:31:13] fold0 ep 028 tr=0.2001 va=0.9000 val_AccPaper=0.7474
[18:31:15] fold0 ep 029 tr=0.2048 va=0.9046 val_AccPaper=0.7526
[18:31:17] fold0 ep 030 tr=0.2055 va=0.9207 val_AccPaper=0.7165
[18:31:19] fold0 ep 031 tr=0.1994 va=0.9085 val_AccPaper=0.7320
[18:31:21] fold0 ep 032 tr=0.2003 va=0.9298 val_AccPaper=0.7165
[18:31:23] fold0 ep 033 tr=0.1989 va=0.9093 val_AccPaper=0.7371
[18:31:25] fold0 ep 034 tr=0.1927 va=0.9342 val_AccPaper=0.7423
[18:31:25]   early stop @ ep 34
[18:31:27] [S4] three fold1 ft_tr=12101 ft_va=3109 eval=14586
[18:31:29] fold1 ep 001 tr=0.7903 va=0.7801 val_AccPaper=0.6856
[18:31:32] fold1 ep 002 tr=0.6119 va=0.7985 val_AccPaper=0.6959
[18:31:34] fold1 ep 003 tr=0.5458 va=0.7649 val_AccPaper=0.7371
[18:31:36] fold1 ep 004 tr=0.4944 va=0.7636 val_AccPaper=0.7216
[18:31:38] fold1 ep 005 tr=0.4584 va=0.7650 val_AccPaper=0.7216
[18:31:40] fold1 ep 006 tr=0.4205 va=0.7471 val_AccPaper=0.7577
[18:31:42] fold1 ep 007 tr=0.3907 va=0.7594 val_AccPaper=0.7423
[18:31:44] fold1 ep 008 tr=0.3728 va=0.8028 val_AccPaper=0.7423
[18:31:46] fold1 ep 009 tr=0.3571 va=0.8093 val_AccPaper=0.7423
[18:31:48] fold1 ep 010 tr=0.3464 va=0.7835 val_AccPaper=0.7474
[18:31:50] fold1 ep 011 tr=0.3193 va=0.7827 val_AccPaper=0.7320
[18:31:53] fold1 ep 012 tr=0.3247 va=0.8214 val_AccPaper=0.7371
[18:31:55] fold1 ep 013 tr=0.3045 va=0.8034 val_AccPaper=0.7371
[18:31:57] fold1 ep 014 tr=0.2929 va=0.8496 val_AccPaper=0.7320
[18:31:59] fold1 ep 015 tr=0.2933 va=0.8067 val_AccPaper=0.7423
[18:32:01] fold1 ep 016 tr=0.2859 va=0.8831 val_AccPaper=0.7577
[18:32:03] fold1 ep 017 tr=0.2783 va=0.8441 val_AccPaper=0.7371
[18:32:05] fold1 ep 018 tr=0.2737 va=0.8221 val_AccPaper=0.7526
[18:32:07] fold1 ep 019 tr=0.2645 va=0.9020 val_AccPaper=0.7526
[18:32:09] fold1 ep 020 tr=0.2571 va=0.8944 val_AccPaper=0.7474
[18:32:11] fold1 ep 021 tr=0.2607 va=0.8790 val_AccPaper=0.7423
[18:32:13] fold1 ep 022 tr=0.2481 va=0.9019 val_AccPaper=0.7629
[18:32:15] fold1 ep 023 tr=0.2491 va=0.8817 val_AccPaper=0.7165
[18:32:17] fold1 ep 024 tr=0.2445 va=0.9269 val_AccPaper=0.7268
[18:32:19] fold1 ep 025 tr=0.2373 va=0.9352 val_AccPaper=0.7320
[18:32:21] fold1 ep 026 tr=0.2294 va=0.9092 val_AccPaper=0.7113
[18:32:23] fold1 ep 027 tr=0.2348 va=0.9650 val_AccPaper=0.7371
[18:32:25] fold1 ep 028 tr=0.2231 va=0.9213 val_AccPaper=0.7268
[18:32:27] fold1 ep 029 tr=0.2205 va=0.9728 val_AccPaper=0.7268
[18:32:29] fold1 ep 030 tr=0.2150 va=0.9555 val_AccPaper=0.7268
[18:32:31] fold1 ep 031 tr=0.2216 va=0.9564 val_AccPaper=0.7423
[18:32:33] fold1 ep 032 tr=0.2095 va=0.9779 val_AccPaper=0.7062
[18:32:35] fold1 ep 033 tr=0.2185 va=0.9598 val_AccPaper=0.7474
[18:32:37] fold1 ep 034 tr=0.2185 va=0.9947 val_AccPaper=0.7371
[18:32:39] fold1 ep 035 tr=0.2114 va=0.9676 val_AccPaper=0.7268
[18:32:41] fold1 ep 036 tr=0.2018 va=0.9876 val_AccPaper=0.7474
[18:32:43] fold1 ep 037 tr=0.2045 va=0.9973 val_AccPaper=0.7423
[18:32:45] fold1 ep 038 tr=0.2077 va=0.9746 val_AccPaper=0.7423
[18:32:47] fold1 ep 039 tr=0.1916 va=1.0171 val_AccPaper=0.7320
[18:32:49] fold1 ep 040 tr=0.1897 va=0.9729 val_AccPaper=0.7474
[18:32:51] fold1 ep 041 tr=0.1929 va=0.9668 val_AccPaper=0.7268
[18:32:53] fold1 ep 042 tr=0.1909 va=1.0387 val_AccPaper=0.7268
[18:32:53]   early stop @ ep 42
[18:32:56] [S4] three fold2 ft_tr=12101 ft_va=3109 eval=14586
[18:32:58] fold2 ep 001 tr=0.7988 va=0.7657 val_AccPaper=0.6340
[18:33:00] fold2 ep 002 tr=0.6064 va=0.7551 val_AccPaper=0.6546
[18:33:02] fold2 ep 003 tr=0.5284 va=0.7115 val_AccPaper=0.7268
[18:33:04] fold2 ep 004 tr=0.4868 va=0.7358 val_AccPaper=0.7113
[18:33:06] fold2 ep 005 tr=0.4541 va=0.7355 val_AccPaper=0.7268
[18:33:08] fold2 ep 006 tr=0.4239 va=0.7397 val_AccPaper=0.7216
[18:33:10] fold2 ep 007 tr=0.3867 va=0.7578 val_AccPaper=0.7113
[18:33:12] fold2 ep 008 tr=0.3700 va=0.7788 val_AccPaper=0.7165
[18:33:14] fold2 ep 009 tr=0.3625 va=0.7825 val_AccPaper=0.7165
[18:33:16] fold2 ep 010 tr=0.3400 va=0.8079 val_AccPaper=0.7423
[18:33:18] fold2 ep 011 tr=0.3210 va=0.7928 val_AccPaper=0.7423
[18:33:20] fold2 ep 012 tr=0.3097 va=0.7917 val_AccPaper=0.7216
[18:33:22] fold2 ep 013 tr=0.3053 va=0.8071 val_AccPaper=0.7371
[18:33:25] fold2 ep 014 tr=0.2913 va=0.8119 val_AccPaper=0.7371
[18:33:27] fold2 ep 015 tr=0.2931 va=0.8328 val_AccPaper=0.7320
[18:33:29] fold2 ep 016 tr=0.2842 va=0.8377 val_AccPaper=0.7423
[18:33:31] fold2 ep 017 tr=0.2799 va=0.8413 val_AccPaper=0.7165
[18:33:33] fold2 ep 018 tr=0.2698 va=0.8451 val_AccPaper=0.7268
[18:33:35] fold2 ep 019 tr=0.2604 va=0.8604 val_AccPaper=0.7680
[18:33:37] fold2 ep 020 tr=0.2588 va=0.8585 val_AccPaper=0.7423
[18:33:39] fold2 ep 021 tr=0.2525 va=0.8868 val_AccPaper=0.7371
[18:33:41] fold2 ep 022 tr=0.2529 va=0.8722 val_AccPaper=0.7423
[18:33:43] fold2 ep 023 tr=0.2408 va=0.9013 val_AccPaper=0.7423
[18:33:45] fold2 ep 024 tr=0.2430 va=0.9113 val_AccPaper=0.7371
[18:33:47] fold2 ep 025 tr=0.2423 va=0.9281 val_AccPaper=0.6959
[18:33:50] fold2 ep 026 tr=0.2432 va=0.9082 val_AccPaper=0.7062
[18:33:52] fold2 ep 027 tr=0.2258 va=0.9408 val_AccPaper=0.7423
[18:33:54] fold2 ep 028 tr=0.2188 va=0.9198 val_AccPaper=0.7526
[18:33:56] fold2 ep 029 tr=0.2193 va=0.9448 val_AccPaper=0.7216
[18:33:58] fold2 ep 030 tr=0.2211 va=0.9259 val_AccPaper=0.7577
[18:34:00] fold2 ep 031 tr=0.2105 va=0.9826 val_AccPaper=0.7268
[18:34:02] fold2 ep 032 tr=0.2153 va=0.9603 val_AccPaper=0.7423
[18:34:05] fold2 ep 033 tr=0.2169 va=0.9815 val_AccPaper=0.7371
[18:34:06] fold2 ep 034 tr=0.2126 va=1.0247 val_AccPaper=0.7423
[18:34:07] fold2 ep 035 tr=0.2034 va=1.0375 val_AccPaper=0.7474
[18:34:08] fold2 ep 036 tr=0.1995 va=0.9704 val_AccPaper=0.7577
[18:34:09] fold2 ep 037 tr=0.2035 va=1.0189 val_AccPaper=0.7577
[18:34:10] fold2 ep 038 tr=0.1989 va=0.9999 val_AccPaper=0.7629
[18:34:11] fold2 ep 039 tr=0.1971 va=1.0142 val_AccPaper=0.7423
[18:34:11]   early stop @ ep 39
[18:34:13] [S4] three fold3 ft_tr=12101 ft_va=3109 eval=14586
[18:34:14] fold3 ep 001 tr=0.7754 va=0.7664 val_AccPaper=0.6959
[18:34:15] fold3 ep 002 tr=0.5872 va=0.7336 val_AccPaper=0.7268
[18:34:16] fold3 ep 003 tr=0.5138 va=0.7369 val_AccPaper=0.7268
[18:34:17] fold3 ep 004 tr=0.4643 va=0.7279 val_AccPaper=0.7320
[18:34:18] fold3 ep 005 tr=0.4267 va=0.7512 val_AccPaper=0.7062
[18:34:20] fold3 ep 006 tr=0.4074 va=0.7492 val_AccPaper=0.7216
[18:34:22] fold3 ep 007 tr=0.3856 va=0.7245 val_AccPaper=0.7423
[18:34:24] fold3 ep 008 tr=0.3622 va=0.7835 val_AccPaper=0.7320
[18:34:26] fold3 ep 009 tr=0.3484 va=0.7371 val_AccPaper=0.7577
[18:34:28] fold3 ep 010 tr=0.3322 va=0.7999 val_AccPaper=0.7526
[18:34:30] fold3 ep 011 tr=0.3216 va=0.7841 val_AccPaper=0.7577
[18:34:32] fold3 ep 012 tr=0.3156 va=0.7944 val_AccPaper=0.7371
[18:34:34] fold3 ep 013 tr=0.2920 va=0.7870 val_AccPaper=0.7577
[18:34:37] fold3 ep 014 tr=0.2817 va=0.7779 val_AccPaper=0.7784
[18:34:39] fold3 ep 015 tr=0.2825 va=0.8013 val_AccPaper=0.7371
[18:34:41] fold3 ep 016 tr=0.2796 va=0.8183 val_AccPaper=0.7526
[18:34:43] fold3 ep 017 tr=0.2740 va=0.8406 val_AccPaper=0.7577
[18:34:45] fold3 ep 018 tr=0.2670 va=0.9276 val_AccPaper=0.7474
[18:34:47] fold3 ep 019 tr=0.2614 va=0.8590 val_AccPaper=0.7423
[18:34:49] fold3 ep 020 tr=0.2589 va=0.8459 val_AccPaper=0.7371
[18:34:51] fold3 ep 021 tr=0.2494 va=0.9047 val_AccPaper=0.7629
[18:34:53] fold3 ep 022 tr=0.2390 va=0.9162 val_AccPaper=0.7474
[18:34:55] fold3 ep 023 tr=0.2300 va=0.8786 val_AccPaper=0.7526
[18:34:57] fold3 ep 024 tr=0.2293 va=0.9026 val_AccPaper=0.7371
[18:34:59] fold3 ep 025 tr=0.2382 va=0.8996 val_AccPaper=0.7526
[18:35:01] fold3 ep 026 tr=0.2288 va=0.9046 val_AccPaper=0.7577
[18:35:04] fold3 ep 027 tr=0.2161 va=0.9421 val_AccPaper=0.7732
[18:35:06] fold3 ep 028 tr=0.2202 va=0.9420 val_AccPaper=0.7423
[18:35:08] fold3 ep 029 tr=0.2185 va=0.9347 val_AccPaper=0.7423
[18:35:10] fold3 ep 030 tr=0.2188 va=0.9421 val_AccPaper=0.7165
[18:35:12] fold3 ep 031 tr=0.2143 va=0.9396 val_AccPaper=0.7526
[18:35:14] fold3 ep 032 tr=0.2168 va=0.9512 val_AccPaper=0.7371
[18:35:16] fold3 ep 033 tr=0.2096 va=0.9338 val_AccPaper=0.7113
[18:35:18] fold3 ep 034 tr=0.2085 va=0.9886 val_AccPaper=0.7474
[18:35:18]   early stop @ ep 34
[18:35:21] [S4] three fold4 ft_tr=12101 ft_va=3109 eval=14586
[18:35:23] fold4 ep 001 tr=0.8124 va=0.8169 val_AccPaper=0.6701
[18:35:25] fold4 ep 002 tr=0.6059 va=0.7453 val_AccPaper=0.7216
[18:35:27] fold4 ep 003 tr=0.5265 va=0.7423 val_AccPaper=0.7216
[18:35:29] fold4 ep 004 tr=0.4845 va=0.7336 val_AccPaper=0.7216
[18:35:31] fold4 ep 005 tr=0.4429 va=0.7514 val_AccPaper=0.7165
[18:35:33] fold4 ep 006 tr=0.4101 va=0.7656 val_AccPaper=0.7062
[18:35:35] fold4 ep 007 tr=0.3876 va=0.7719 val_AccPaper=0.7320
[18:35:37] fold4 ep 008 tr=0.3642 va=0.7728 val_AccPaper=0.7268
[18:35:39] fold4 ep 009 tr=0.3476 va=0.7784 val_AccPaper=0.7320
[18:35:41] fold4 ep 010 tr=0.3369 va=0.7852 val_AccPaper=0.6856
[18:35:43] fold4 ep 011 tr=0.3199 va=0.8053 val_AccPaper=0.7113
[18:35:45] fold4 ep 012 tr=0.3064 va=0.7976 val_AccPaper=0.7268
[18:35:47] fold4 ep 013 tr=0.2924 va=0.8138 val_AccPaper=0.7320
[18:35:49] fold4 ep 014 tr=0.2899 va=0.8290 val_AccPaper=0.6959
[18:35:51] fold4 ep 015 tr=0.2798 va=0.8307 val_AccPaper=0.6959
[18:35:53] fold4 ep 016 tr=0.2723 va=0.8716 val_AccPaper=0.7216
[18:35:55] fold4 ep 017 tr=0.2630 va=0.8177 val_AccPaper=0.7268
[18:35:57] fold4 ep 018 tr=0.2641 va=0.8494 val_AccPaper=0.7165
[18:35:59] fold4 ep 019 tr=0.2523 va=0.8818 val_AccPaper=0.7113
[18:36:01] fold4 ep 020 tr=0.2511 va=0.8776 val_AccPaper=0.6959
[18:36:03] fold4 ep 021 tr=0.2465 va=0.9056 val_AccPaper=0.7320
[18:36:05] fold4 ep 022 tr=0.2415 va=0.8870 val_AccPaper=0.7062
[18:36:07] fold4 ep 023 tr=0.2299 va=0.8802 val_AccPaper=0.7320
[18:36:09] fold4 ep 024 tr=0.2247 va=0.9366 val_AccPaper=0.6753
[18:36:11] fold4 ep 025 tr=0.2304 va=0.8977 val_AccPaper=0.7216
[18:36:13] fold4 ep 026 tr=0.2224 va=0.9093 val_AccPaper=0.6907
[18:36:15] fold4 ep 027 tr=0.2124 va=0.9162 val_AccPaper=0.7010
[18:36:15]   early stop @ ep 27
[18:36:17] === S5 cues=333 train=166 eval=167 ===
[18:36:17] [S5] task fold0 ft_tr=3903 ft_va=900 eval=4036
[18:36:18] fold0 ep 001 tr=0.5869 va=0.6155 val_AccPaper=0.6818
[18:36:19] fold0 ep 002 tr=0.3924 va=0.5873 val_AccPaper=0.7121
[18:36:19] fold0 ep 003 tr=0.3254 va=0.5837 val_AccPaper=0.7121
[18:36:20] fold0 ep 004 tr=0.2723 va=0.5789 val_AccPaper=0.7121
[18:36:21] fold0 ep 005 tr=0.2534 va=0.5976 val_AccPaper=0.7121
[18:36:21] fold0 ep 006 tr=0.2261 va=0.6213 val_AccPaper=0.7273
[18:36:22] fold0 ep 007 tr=0.2180 va=0.6268 val_AccPaper=0.7273
[18:36:22] fold0 ep 008 tr=0.1970 va=0.6102 val_AccPaper=0.7576
[18:36:23] fold0 ep 009 tr=0.1873 va=0.6169 val_AccPaper=0.7273
[18:36:24] fold0 ep 010 tr=0.1871 va=0.6318 val_AccPaper=0.7576
[18:36:24] fold0 ep 011 tr=0.1557 va=0.6477 val_AccPaper=0.7424
[18:36:25] fold0 ep 012 tr=0.1463 va=0.6707 val_AccPaper=0.6970
[18:36:26] fold0 ep 013 tr=0.1384 va=0.6772 val_AccPaper=0.7273
[18:36:26] fold0 ep 014 tr=0.1236 va=0.7073 val_AccPaper=0.7121
[18:36:27] fold0 ep 015 tr=0.1205 va=0.7079 val_AccPaper=0.6818
[18:36:27] fold0 ep 016 tr=0.1181 va=0.6974 val_AccPaper=0.7273
[18:36:28] fold0 ep 017 tr=0.1221 va=0.6835 val_AccPaper=0.6970
[18:36:29] fold0 ep 018 tr=0.1057 va=0.7092 val_AccPaper=0.7424
[18:36:29] fold0 ep 019 tr=0.0959 va=0.7406 val_AccPaper=0.6970
[18:36:30] fold0 ep 020 tr=0.1014 va=0.7318 val_AccPaper=0.7576
[18:36:31] fold0 ep 021 tr=0.0871 va=0.7670 val_AccPaper=0.6970
[18:36:31] fold0 ep 022 tr=0.0829 va=0.7669 val_AccPaper=0.7121
[18:36:32] fold0 ep 023 tr=0.0892 va=0.7928 val_AccPaper=0.7424
[18:36:32] fold0 ep 024 tr=0.0815 va=0.7725 val_AccPaper=0.7273
[18:36:33] fold0 ep 025 tr=0.0726 va=0.7998 val_AccPaper=0.6970
[18:36:34] fold0 ep 026 tr=0.0766 va=0.8057 val_AccPaper=0.7121
[18:36:34] fold0 ep 027 tr=0.0589 va=0.7983 val_AccPaper=0.7424
[18:36:35] fold0 ep 028 tr=0.0657 va=0.8345 val_AccPaper=0.6970
[18:36:35]   early stop @ ep 28
[18:36:35] [S5] task fold1 ft_tr=3903 ft_va=900 eval=4036
[18:36:36] fold1 ep 001 tr=0.5889 va=0.5792 val_AccPaper=0.6818
[18:36:37] fold1 ep 002 tr=0.4080 va=0.5644 val_AccPaper=0.7273
[18:36:37] fold1 ep 003 tr=0.3286 va=0.5534 val_AccPaper=0.7121
[18:36:38] fold1 ep 004 tr=0.2790 va=0.5619 val_AccPaper=0.6818
[18:36:39] fold1 ep 005 tr=0.2611 va=0.6053 val_AccPaper=0.6970
[18:36:39] fold1 ep 006 tr=0.2304 va=0.5953 val_AccPaper=0.6970
[18:36:40] fold1 ep 007 tr=0.2110 va=0.5869 val_AccPaper=0.6667
[18:36:40] fold1 ep 008 tr=0.1836 va=0.5938 val_AccPaper=0.6818
[18:36:41] fold1 ep 009 tr=0.1808 va=0.6212 val_AccPaper=0.7121
[18:36:42] fold1 ep 010 tr=0.1726 va=0.5957 val_AccPaper=0.7121
[18:36:42] fold1 ep 011 tr=0.1434 va=0.6208 val_AccPaper=0.6818
[18:36:43] fold1 ep 012 tr=0.1366 va=0.6151 val_AccPaper=0.7121
[18:36:44] fold1 ep 013 tr=0.1352 va=0.6333 val_AccPaper=0.7121
[18:36:44] fold1 ep 014 tr=0.1230 va=0.6203 val_AccPaper=0.6970
[18:36:45] fold1 ep 015 tr=0.1194 va=0.6339 val_AccPaper=0.7273
[18:36:46] fold1 ep 016 tr=0.1212 va=0.6473 val_AccPaper=0.7424
[18:36:46] fold1 ep 017 tr=0.1037 va=0.6448 val_AccPaper=0.7121
[18:36:47] fold1 ep 018 tr=0.1006 va=0.6359 val_AccPaper=0.7576
[18:36:47] fold1 ep 019 tr=0.0931 va=0.6816 val_AccPaper=0.7121
[18:36:48] fold1 ep 020 tr=0.0931 va=0.6593 val_AccPaper=0.7273
[18:36:49] fold1 ep 021 tr=0.0797 va=0.6499 val_AccPaper=0.7727
[18:36:49] fold1 ep 022 tr=0.0788 va=0.6543 val_AccPaper=0.7424
[18:36:50] fold1 ep 023 tr=0.0801 va=0.7397 val_AccPaper=0.7273
[18:36:51] fold1 ep 024 tr=0.0762 va=0.6858 val_AccPaper=0.7121
[18:36:51] fold1 ep 025 tr=0.0728 va=0.6884 val_AccPaper=0.7273
[18:36:52] fold1 ep 026 tr=0.0696 va=0.6857 val_AccPaper=0.7576
[18:36:52] fold1 ep 027 tr=0.0638 va=0.7116 val_AccPaper=0.7727
[18:36:53] fold1 ep 028 tr=0.0669 va=0.6880 val_AccPaper=0.7273
[18:36:54] fold1 ep 029 tr=0.0542 va=0.7216 val_AccPaper=0.7424
[18:36:54] fold1 ep 030 tr=0.0582 va=0.6895 val_AccPaper=0.7727
[18:36:55] fold1 ep 031 tr=0.0646 va=0.6950 val_AccPaper=0.7576
[18:36:56] fold1 ep 032 tr=0.0557 va=0.7435 val_AccPaper=0.7576
[18:36:56] fold1 ep 033 tr=0.0492 va=0.7148 val_AccPaper=0.7727
[18:36:57] fold1 ep 034 tr=0.0520 va=0.7413 val_AccPaper=0.7576
[18:36:58] fold1 ep 035 tr=0.0480 va=0.8003 val_AccPaper=0.7424
[18:36:58] fold1 ep 036 tr=0.0491 va=0.7286 val_AccPaper=0.7576
[18:36:59] fold1 ep 037 tr=0.0465 va=0.7255 val_AccPaper=0.7879
[18:37:00] fold1 ep 038 tr=0.0464 va=0.7114 val_AccPaper=0.7879
[18:37:00] fold1 ep 039 tr=0.0499 va=0.7426 val_AccPaper=0.7879
[18:37:01] fold1 ep 040 tr=0.0395 va=0.7393 val_AccPaper=0.7727
[18:37:02] fold1 ep 041 tr=0.0478 va=0.8130 val_AccPaper=0.7727
[18:37:02] fold1 ep 042 tr=0.0407 va=0.7545 val_AccPaper=0.7727
[18:37:03] fold1 ep 043 tr=0.0365 va=0.7436 val_AccPaper=0.7879
[18:37:03] fold1 ep 044 tr=0.0348 va=0.8025 val_AccPaper=0.7727
[18:37:04] fold1 ep 045 tr=0.0360 va=0.7864 val_AccPaper=0.7879
[18:37:05] fold1 ep 046 tr=0.0357 va=0.7953 val_AccPaper=0.7424
[18:37:05] fold1 ep 047 tr=0.0380 va=0.7554 val_AccPaper=0.7727
[18:37:06] fold1 ep 048 tr=0.0298 va=0.7999 val_AccPaper=0.8182
[18:37:07] fold1 ep 049 tr=0.0319 va=0.7949 val_AccPaper=0.7727
[18:37:07] fold1 ep 050 tr=0.0359 va=0.7578 val_AccPaper=0.7727
[18:37:08] fold1 ep 051 tr=0.0321 va=0.8089 val_AccPaper=0.7727
[18:37:08] fold1 ep 052 tr=0.0303 va=0.8214 val_AccPaper=0.8030
[18:37:09] fold1 ep 053 tr=0.0343 va=0.7961 val_AccPaper=0.7727
[18:37:10] fold1 ep 054 tr=0.0367 va=0.8429 val_AccPaper=0.8030
[18:37:10] fold1 ep 055 tr=0.0259 va=0.8089 val_AccPaper=0.8030
[18:37:11] fold1 ep 056 tr=0.0302 va=0.8652 val_AccPaper=0.7424
[18:37:12] fold1 ep 057 tr=0.0314 va=0.8609 val_AccPaper=0.7273
[18:37:12] fold1 ep 058 tr=0.0331 va=0.9115 val_AccPaper=0.7727
[18:37:13] fold1 ep 059 tr=0.0263 va=0.9295 val_AccPaper=0.7424
[18:37:14] fold1 ep 060 tr=0.0257 va=0.8557 val_AccPaper=0.7879
[18:37:14] fold1 ep 061 tr=0.0288 va=0.8741 val_AccPaper=0.7273
[18:37:15] fold1 ep 062 tr=0.0274 va=0.8468 val_AccPaper=0.7424
[18:37:15] fold1 ep 063 tr=0.0234 va=0.8545 val_AccPaper=0.7727
[18:37:16] fold1 ep 064 tr=0.0252 va=0.9738 val_AccPaper=0.7576
[18:37:17] fold1 ep 065 tr=0.0260 va=0.9794 val_AccPaper=0.7727
[18:37:17] fold1 ep 066 tr=0.0244 va=0.9101 val_AccPaper=0.7879
[18:37:18] fold1 ep 067 tr=0.0230 va=0.9176 val_AccPaper=0.7727
[18:37:19] fold1 ep 068 tr=0.0266 va=0.9133 val_AccPaper=0.8030
[18:37:19]   early stop @ ep 68
[18:37:19] [S5] task fold2 ft_tr=3903 ft_va=900 eval=4036
[18:37:20] fold2 ep 001 tr=0.5989 va=0.5893 val_AccPaper=0.7273
[18:37:21] fold2 ep 002 tr=0.3931 va=0.5990 val_AccPaper=0.7121
[18:37:21] fold2 ep 003 tr=0.3198 va=0.5897 val_AccPaper=0.7273
[18:37:22] fold2 ep 004 tr=0.2801 va=0.5589 val_AccPaper=0.7576
[18:37:23] fold2 ep 005 tr=0.2466 va=0.5663 val_AccPaper=0.7424
[18:37:23] fold2 ep 006 tr=0.2164 va=0.5827 val_AccPaper=0.7424
[18:37:24] fold2 ep 007 tr=0.2073 va=0.5753 val_AccPaper=0.7424
[18:37:25] fold2 ep 008 tr=0.1839 va=0.5703 val_AccPaper=0.7424
[18:37:25] fold2 ep 009 tr=0.1722 va=0.5715 val_AccPaper=0.7273
[18:37:26] fold2 ep 010 tr=0.1628 va=0.5658 val_AccPaper=0.7576
[18:37:27] fold2 ep 011 tr=0.1487 va=0.5803 val_AccPaper=0.7576
[18:37:28] fold2 ep 012 tr=0.1332 va=0.6018 val_AccPaper=0.7424
[18:37:28] fold2 ep 013 tr=0.1290 va=0.6026 val_AccPaper=0.7576
[18:37:29] fold2 ep 014 tr=0.1248 va=0.5831 val_AccPaper=0.7727
[18:37:30] fold2 ep 015 tr=0.1177 va=0.5978 val_AccPaper=0.7576
[18:37:30] fold2 ep 016 tr=0.1172 va=0.5964 val_AccPaper=0.7424
[18:37:31] fold2 ep 017 tr=0.1062 va=0.6213 val_AccPaper=0.7424
[18:37:32] fold2 ep 018 tr=0.1020 va=0.6430 val_AccPaper=0.7273
[18:37:32] fold2 ep 019 tr=0.0896 va=0.6483 val_AccPaper=0.7273
[18:37:33] fold2 ep 020 tr=0.0888 va=0.6516 val_AccPaper=0.7424
[18:37:34] fold2 ep 021 tr=0.0845 va=0.6641 val_AccPaper=0.7273
[18:37:34] fold2 ep 022 tr=0.0895 va=0.6381 val_AccPaper=0.7576
[18:37:35] fold2 ep 023 tr=0.0818 va=0.6610 val_AccPaper=0.7424
[18:37:36] fold2 ep 024 tr=0.0761 va=0.6582 val_AccPaper=0.7727
[18:37:36] fold2 ep 025 tr=0.0755 va=0.6700 val_AccPaper=0.7576
[18:37:37] fold2 ep 026 tr=0.0656 va=0.6890 val_AccPaper=0.7576
[18:37:38] fold2 ep 027 tr=0.0716 va=0.6929 val_AccPaper=0.7576
[18:37:38] fold2 ep 028 tr=0.0682 va=0.7096 val_AccPaper=0.7576
[18:37:39] fold2 ep 029 tr=0.0607 va=0.7180 val_AccPaper=0.7424
[18:37:40] fold2 ep 030 tr=0.0656 va=0.7257 val_AccPaper=0.7576
[18:37:40] fold2 ep 031 tr=0.0580 va=0.7150 val_AccPaper=0.7727
[18:37:41] fold2 ep 032 tr=0.0555 va=0.7615 val_AccPaper=0.7576
[18:37:42] fold2 ep 033 tr=0.0526 va=0.7052 val_AccPaper=0.7273
[18:37:42] fold2 ep 034 tr=0.0503 va=0.6988 val_AccPaper=0.7576
[18:37:42]   early stop @ ep 34
[18:37:43] [S5] task fold3 ft_tr=3903 ft_va=900 eval=4036
[18:37:44] fold3 ep 001 tr=0.6117 va=0.6266 val_AccPaper=0.7576
[18:37:44] fold3 ep 002 tr=0.3924 va=0.6072 val_AccPaper=0.7727
[18:37:45] fold3 ep 003 tr=0.3365 va=0.5784 val_AccPaper=0.7576
[18:37:46] fold3 ep 004 tr=0.2993 va=0.5840 val_AccPaper=0.7576
[18:37:46] fold3 ep 005 tr=0.2587 va=0.6081 val_AccPaper=0.7576
[18:37:47] fold3 ep 006 tr=0.2357 va=0.6085 val_AccPaper=0.7424
[18:37:48] fold3 ep 007 tr=0.2049 va=0.6586 val_AccPaper=0.7727
[18:37:48] fold3 ep 008 tr=0.1944 va=0.6389 val_AccPaper=0.7576
[18:37:49] fold3 ep 009 tr=0.1818 va=0.6607 val_AccPaper=0.7273
[18:37:50] fold3 ep 010 tr=0.1626 va=0.6287 val_AccPaper=0.7576
[18:37:50] fold3 ep 011 tr=0.1546 va=0.6474 val_AccPaper=0.7121
[18:37:51] fold3 ep 012 tr=0.1484 va=0.6546 val_AccPaper=0.7576
[18:37:52] fold3 ep 013 tr=0.1301 va=0.6648 val_AccPaper=0.7576
[18:37:52] fold3 ep 014 tr=0.1256 va=0.6671 val_AccPaper=0.7121
[18:37:53] fold3 ep 015 tr=0.1183 va=0.6740 val_AccPaper=0.7576
[18:37:53] fold3 ep 016 tr=0.1191 va=0.6736 val_AccPaper=0.7576
[18:37:54] fold3 ep 017 tr=0.1013 va=0.6768 val_AccPaper=0.7576
[18:37:55] fold3 ep 018 tr=0.0969 va=0.7424 val_AccPaper=0.7424
[18:37:55] fold3 ep 019 tr=0.0948 va=0.7196 val_AccPaper=0.7273
[18:37:56] fold3 ep 020 tr=0.0914 va=0.7205 val_AccPaper=0.7424
[18:37:57] fold3 ep 021 tr=0.0800 va=0.7290 val_AccPaper=0.7273
[18:37:57] fold3 ep 022 tr=0.0784 va=0.7416 val_AccPaper=0.7121
[18:37:57]   early stop @ ep 22
[18:37:58] [S5] task fold4 ft_tr=3903 ft_va=900 eval=4036
[18:37:58] fold4 ep 001 tr=0.6112 va=0.5908 val_AccPaper=0.7424
[18:37:59] fold4 ep 002 tr=0.3875 va=0.5823 val_AccPaper=0.7424
[18:38:00] fold4 ep 003 tr=0.3383 va=0.5696 val_AccPaper=0.7424
[18:38:00] fold4 ep 004 tr=0.2847 va=0.5238 val_AccPaper=0.7273
[18:38:01] fold4 ep 005 tr=0.2506 va=0.5327 val_AccPaper=0.7424
[18:38:02] fold4 ep 006 tr=0.2274 va=0.5046 val_AccPaper=0.7273
[18:38:02] fold4 ep 007 tr=0.2019 va=0.5133 val_AccPaper=0.7727
[18:38:03] fold4 ep 008 tr=0.1890 va=0.5489 val_AccPaper=0.8030
[18:38:03] fold4 ep 009 tr=0.1630 va=0.5205 val_AccPaper=0.7727
[18:38:04] fold4 ep 010 tr=0.1537 va=0.5288 val_AccPaper=0.7424
[18:38:05] fold4 ep 011 tr=0.1407 va=0.5442 val_AccPaper=0.7576
[18:38:05] fold4 ep 012 tr=0.1371 va=0.5298 val_AccPaper=0.7727
[18:38:06] fold4 ep 013 tr=0.1223 va=0.5598 val_AccPaper=0.7576
[18:38:07] fold4 ep 014 tr=0.1113 va=0.5629 val_AccPaper=0.7727
[18:38:07] fold4 ep 015 tr=0.1117 va=0.5603 val_AccPaper=0.7727
[18:38:08] fold4 ep 016 tr=0.1121 va=0.5906 val_AccPaper=0.8182
[18:38:09] fold4 ep 017 tr=0.0930 va=0.5848 val_AccPaper=0.7727
[18:38:09] fold4 ep 018 tr=0.1039 va=0.6038 val_AccPaper=0.7727
[18:38:10] fold4 ep 019 tr=0.0899 va=0.6163 val_AccPaper=0.7727
[18:38:10] fold4 ep 020 tr=0.0927 va=0.6612 val_AccPaper=0.7879
[18:38:11] fold4 ep 021 tr=0.0781 va=0.6406 val_AccPaper=0.8030
[18:38:12] fold4 ep 022 tr=0.0808 va=0.6409 val_AccPaper=0.8030
[18:38:12] fold4 ep 023 tr=0.0683 va=0.6273 val_AccPaper=0.7879
[18:38:13] fold4 ep 024 tr=0.0669 va=0.6521 val_AccPaper=0.8182
[18:38:14] fold4 ep 025 tr=0.0643 va=0.6318 val_AccPaper=0.8333
[18:38:14] fold4 ep 026 tr=0.0643 va=0.7041 val_AccPaper=0.7879
[18:38:15] fold4 ep 027 tr=0.0585 va=0.6675 val_AccPaper=0.8182
[18:38:16] fold4 ep 028 tr=0.0606 va=0.6759 val_AccPaper=0.8182
[18:38:16] fold4 ep 029 tr=0.0529 va=0.6921 val_AccPaper=0.7576
[18:38:17] fold4 ep 030 tr=0.0499 va=0.6509 val_AccPaper=0.8030
[18:38:18] fold4 ep 031 tr=0.0582 va=0.7166 val_AccPaper=0.8182
[18:38:18] fold4 ep 032 tr=0.0502 va=0.7118 val_AccPaper=0.8182
[18:38:19] fold4 ep 033 tr=0.0523 va=0.6667 val_AccPaper=0.7879
[18:38:20] fold4 ep 034 tr=0.0503 va=0.6810 val_AccPaper=0.8182
[18:38:20] fold4 ep 035 tr=0.0417 va=0.7136 val_AccPaper=0.8030
[18:38:21] fold4 ep 036 tr=0.0412 va=0.7081 val_AccPaper=0.8182
[18:38:21] fold4 ep 037 tr=0.0381 va=0.7501 val_AccPaper=0.8333
[18:38:22] fold4 ep 038 tr=0.0381 va=0.7435 val_AccPaper=0.8182
[18:38:23] fold4 ep 039 tr=0.0392 va=0.7826 val_AccPaper=0.8030
[18:38:23] fold4 ep 040 tr=0.0382 va=0.7430 val_AccPaper=0.8182
[18:38:24] fold4 ep 041 tr=0.0419 va=0.7114 val_AccPaper=0.8182
[18:38:25] fold4 ep 042 tr=0.0360 va=0.7186 val_AccPaper=0.8030
[18:38:25] fold4 ep 043 tr=0.0409 va=0.7777 val_AccPaper=0.8030
[18:38:26] fold4 ep 044 tr=0.0340 va=0.7687 val_AccPaper=0.8182
[18:38:27] fold4 ep 045 tr=0.0327 va=0.7745 val_AccPaper=0.8030
[18:38:27]   early stop @ ep 45
[18:38:27] [S5] three fold0 ft_tr=3903 ft_va=900 eval=4036
[18:38:28] fold0 ep 001 tr=0.8299 va=0.8503 val_AccPaper=0.6515
[18:38:28] fold0 ep 002 tr=0.5896 va=0.8562 val_AccPaper=0.5909
[18:38:29] fold0 ep 003 tr=0.4662 va=0.8865 val_AccPaper=0.5909
[18:38:30] fold0 ep 004 tr=0.4165 va=0.8932 val_AccPaper=0.5909
[18:38:30] fold0 ep 005 tr=0.3720 va=0.8847 val_AccPaper=0.6364
[18:38:31] fold0 ep 006 tr=0.3274 va=0.9149 val_AccPaper=0.5909
[18:38:32] fold0 ep 007 tr=0.2957 va=0.9544 val_AccPaper=0.6061
[18:38:32] fold0 ep 008 tr=0.2910 va=0.9367 val_AccPaper=0.6364
[18:38:33] fold0 ep 009 tr=0.2690 va=1.0102 val_AccPaper=0.6515
[18:38:34] fold0 ep 010 tr=0.2461 va=0.9976 val_AccPaper=0.6364
[18:38:34] fold0 ep 011 tr=0.2248 va=1.0075 val_AccPaper=0.6212
[18:38:35] fold0 ep 012 tr=0.2208 va=1.0304 val_AccPaper=0.6515
[18:38:36] fold0 ep 013 tr=0.1957 va=1.0599 val_AccPaper=0.6515
[18:38:36] fold0 ep 014 tr=0.1888 va=0.9959 val_AccPaper=0.6667
[18:38:37] fold0 ep 015 tr=0.1806 va=1.0407 val_AccPaper=0.6667
[18:38:38] fold0 ep 016 tr=0.1652 va=1.0479 val_AccPaper=0.6667
[18:38:38] fold0 ep 017 tr=0.1744 va=1.0703 val_AccPaper=0.6818
[18:38:39] fold0 ep 018 tr=0.1469 va=1.0900 val_AccPaper=0.6667
[18:38:40] fold0 ep 019 tr=0.1488 va=1.0997 val_AccPaper=0.6818
[18:38:40] fold0 ep 020 tr=0.1403 va=1.1325 val_AccPaper=0.6818
[18:38:41] fold0 ep 021 tr=0.1297 va=1.1120 val_AccPaper=0.6515
[18:38:42] fold0 ep 022 tr=0.1222 va=1.1051 val_AccPaper=0.6667
[18:38:42] fold0 ep 023 tr=0.1095 va=1.0956 val_AccPaper=0.6818
[18:38:43] fold0 ep 024 tr=0.1215 va=1.1269 val_AccPaper=0.6818
[18:38:43] fold0 ep 025 tr=0.1111 va=1.1338 val_AccPaper=0.6667
[18:38:44] fold0 ep 026 tr=0.1023 va=1.2165 val_AccPaper=0.6667
[18:38:45] fold0 ep 027 tr=0.0978 va=1.1887 val_AccPaper=0.6818
[18:38:45] fold0 ep 028 tr=0.0981 va=1.1187 val_AccPaper=0.6970
[18:38:46] fold0 ep 029 tr=0.0964 va=1.1929 val_AccPaper=0.6970
[18:38:47] fold0 ep 030 tr=0.0945 va=1.2333 val_AccPaper=0.6818
[18:38:47] fold0 ep 031 tr=0.0780 va=1.1825 val_AccPaper=0.6515
[18:38:48] fold0 ep 032 tr=0.0855 va=1.1584 val_AccPaper=0.6970
[18:38:49] fold0 ep 033 tr=0.0805 va=1.2597 val_AccPaper=0.6667
[18:38:49] fold0 ep 034 tr=0.0687 va=1.2152 val_AccPaper=0.6818
[18:38:50] fold0 ep 035 tr=0.0735 va=1.2980 val_AccPaper=0.6818
[18:38:51] fold0 ep 036 tr=0.0799 va=1.2902 val_AccPaper=0.7121
[18:38:51] fold0 ep 037 tr=0.0669 va=1.2695 val_AccPaper=0.6818
[18:38:52] fold0 ep 038 tr=0.0718 va=1.2171 val_AccPaper=0.6970
[18:38:53] fold0 ep 039 tr=0.0659 va=1.2874 val_AccPaper=0.6970
[18:38:53] fold0 ep 040 tr=0.0706 va=1.2809 val_AccPaper=0.6818
[18:38:54] fold0 ep 041 tr=0.0587 va=1.3053 val_AccPaper=0.6667
[18:38:55] fold0 ep 042 tr=0.0610 va=1.3137 val_AccPaper=0.7121
[18:38:55] fold0 ep 043 tr=0.0694 va=1.2296 val_AccPaper=0.7121
[18:38:56] fold0 ep 044 tr=0.0599 va=1.2924 val_AccPaper=0.6970
[18:38:57] fold0 ep 045 tr=0.0570 va=1.2864 val_AccPaper=0.6818
[18:38:57] fold0 ep 046 tr=0.0589 va=1.3493 val_AccPaper=0.6667
[18:38:58] fold0 ep 047 tr=0.0552 va=1.3785 val_AccPaper=0.6818
[18:38:59] fold0 ep 048 tr=0.0527 va=1.3231 val_AccPaper=0.7121
[18:38:59] fold0 ep 049 tr=0.0521 va=1.3087 val_AccPaper=0.7273
[18:39:00] fold0 ep 050 tr=0.0509 va=1.2637 val_AccPaper=0.7121
[18:39:01] fold0 ep 051 tr=0.0552 va=1.3384 val_AccPaper=0.6970
[18:39:01] fold0 ep 052 tr=0.0511 va=1.3069 val_AccPaper=0.6970
[18:39:02] fold0 ep 053 tr=0.0518 va=1.3740 val_AccPaper=0.6970
[18:39:03] fold0 ep 054 tr=0.0493 va=1.4020 val_AccPaper=0.6515
[18:39:03] fold0 ep 055 tr=0.0409 va=1.4111 val_AccPaper=0.7121
[18:39:04] fold0 ep 056 tr=0.0464 va=1.4644 val_AccPaper=0.6970
[18:39:04] fold0 ep 057 tr=0.0443 va=1.4296 val_AccPaper=0.6970
[18:39:05] fold0 ep 058 tr=0.0381 va=1.4662 val_AccPaper=0.6970
[18:39:06] fold0 ep 059 tr=0.0363 va=1.4094 val_AccPaper=0.6970
[18:39:06] fold0 ep 060 tr=0.0364 va=1.4463 val_AccPaper=0.6667
[18:39:07] fold0 ep 061 tr=0.0425 va=1.4802 val_AccPaper=0.6970
[18:39:08] fold0 ep 062 tr=0.0372 va=1.4956 val_AccPaper=0.6970
[18:39:08] fold0 ep 063 tr=0.0436 va=1.5512 val_AccPaper=0.6818
[18:39:09] fold0 ep 064 tr=0.0368 va=1.4978 val_AccPaper=0.6970
[18:39:10] fold0 ep 065 tr=0.0382 va=1.4994 val_AccPaper=0.6970
[18:39:10] fold0 ep 066 tr=0.0348 va=1.5840 val_AccPaper=0.6970
[18:39:11] fold0 ep 067 tr=0.0337 va=1.5727 val_AccPaper=0.6970
[18:39:12] fold0 ep 068 tr=0.0367 va=1.5769 val_AccPaper=0.7121
[18:39:12] fold0 ep 069 tr=0.0350 va=1.4140 val_AccPaper=0.6667
[18:39:12]   early stop @ ep 69
[18:39:13] [S5] three fold1 ft_tr=3903 ft_va=900 eval=4036
[18:39:13] fold1 ep 001 tr=0.7725 va=0.8185 val_AccPaper=0.6364
[18:39:14] fold1 ep 002 tr=0.5603 va=0.7877 val_AccPaper=0.6061
[18:39:15] fold1 ep 003 tr=0.5015 va=0.7847 val_AccPaper=0.6667
[18:39:15] fold1 ep 004 tr=0.4212 va=0.7825 val_AccPaper=0.6515
[18:39:16] fold1 ep 005 tr=0.3939 va=0.8260 val_AccPaper=0.6818
[18:39:17] fold1 ep 006 tr=0.3528 va=0.8243 val_AccPaper=0.6970
[18:39:17] fold1 ep 007 tr=0.3265 va=0.8606 val_AccPaper=0.6818
[18:39:18] fold1 ep 008 tr=0.2929 va=0.8387 val_AccPaper=0.6818
[18:39:19] fold1 ep 009 tr=0.2844 va=0.8522 val_AccPaper=0.6515
[18:39:19] fold1 ep 010 tr=0.2731 va=0.9084 val_AccPaper=0.6818
[18:39:20] fold1 ep 011 tr=0.2472 va=0.8888 val_AccPaper=0.6818
[18:39:21] fold1 ep 012 tr=0.2234 va=0.9389 val_AccPaper=0.6667
[18:39:21] fold1 ep 013 tr=0.2161 va=0.9071 val_AccPaper=0.6667
[18:39:22] fold1 ep 014 tr=0.2120 va=0.8673 val_AccPaper=0.6970
[18:39:23] fold1 ep 015 tr=0.2068 va=0.8996 val_AccPaper=0.6818
[18:39:23] fold1 ep 016 tr=0.1827 va=0.9022 val_AccPaper=0.6970
[18:39:24] fold1 ep 017 tr=0.1804 va=0.9231 val_AccPaper=0.6667
[18:39:25] fold1 ep 018 tr=0.1703 va=0.9067 val_AccPaper=0.6667
[18:39:25] fold1 ep 019 tr=0.1694 va=0.8846 val_AccPaper=0.6970
[18:39:26] fold1 ep 020 tr=0.1516 va=0.9440 val_AccPaper=0.6818
[18:39:27] fold1 ep 021 tr=0.1441 va=0.9824 val_AccPaper=0.6818
[18:39:27] fold1 ep 022 tr=0.1355 va=1.0118 val_AccPaper=0.6818
[18:39:28] fold1 ep 023 tr=0.1392 va=0.9987 val_AccPaper=0.6818
[18:39:29] fold1 ep 024 tr=0.1316 va=1.0497 val_AccPaper=0.7121
[18:39:29] fold1 ep 025 tr=0.1343 va=0.9702 val_AccPaper=0.6818
[18:39:30] fold1 ep 026 tr=0.1124 va=1.0626 val_AccPaper=0.6970
[18:39:31] fold1 ep 027 tr=0.1068 va=1.0383 val_AccPaper=0.6818
[18:39:31] fold1 ep 028 tr=0.1074 va=1.0239 val_AccPaper=0.6818
[18:39:32] fold1 ep 029 tr=0.1042 va=1.1255 val_AccPaper=0.6515
[18:39:32] fold1 ep 030 tr=0.0960 va=1.0861 val_AccPaper=0.6667
[18:39:33] fold1 ep 031 tr=0.0980 va=1.1657 val_AccPaper=0.7121
[18:39:34] fold1 ep 032 tr=0.0990 va=1.1242 val_AccPaper=0.6667
[18:39:34] fold1 ep 033 tr=0.0963 va=1.1752 val_AccPaper=0.6667
[18:39:35] fold1 ep 034 tr=0.0891 va=1.1229 val_AccPaper=0.6818
[18:39:36] fold1 ep 035 tr=0.0907 va=1.1794 val_AccPaper=0.6818
[18:39:36] fold1 ep 036 tr=0.0798 va=1.2040 val_AccPaper=0.6364
[18:39:37] fold1 ep 037 tr=0.0846 va=1.1981 val_AccPaper=0.6667
[18:39:38] fold1 ep 038 tr=0.0853 va=1.1546 val_AccPaper=0.6818
[18:39:38] fold1 ep 039 tr=0.0727 va=1.2099 val_AccPaper=0.6970
[18:39:39] fold1 ep 040 tr=0.0707 va=1.2020 val_AccPaper=0.6970
[18:39:40] fold1 ep 041 tr=0.0808 va=1.2509 val_AccPaper=0.6818
[18:39:40] fold1 ep 042 tr=0.0817 va=1.2558 val_AccPaper=0.6970
[18:39:41] fold1 ep 043 tr=0.0646 va=1.3002 val_AccPaper=0.6667
[18:39:42] fold1 ep 044 tr=0.0655 va=1.1955 val_AccPaper=0.6667
[18:39:42]   early stop @ ep 44
[18:39:42] [S5] three fold2 ft_tr=3903 ft_va=900 eval=4036
[18:39:43] fold2 ep 001 tr=0.7637 va=0.8285 val_AccPaper=0.6515
[18:39:43] fold2 ep 002 tr=0.5563 va=0.8221 val_AccPaper=0.6667
[18:39:44] fold2 ep 003 tr=0.4651 va=0.8551 val_AccPaper=0.6364
[18:39:45] fold2 ep 004 tr=0.4299 va=0.8712 val_AccPaper=0.6818
[18:39:45] fold2 ep 005 tr=0.3779 va=0.8919 val_AccPaper=0.6818
[18:39:46] fold2 ep 006 tr=0.3437 va=0.8905 val_AccPaper=0.6364
[18:39:47] fold2 ep 007 tr=0.3192 va=0.9484 val_AccPaper=0.6212
[18:39:47] fold2 ep 008 tr=0.2843 va=0.9444 val_AccPaper=0.6515
[18:39:48] fold2 ep 009 tr=0.2823 va=1.0038 val_AccPaper=0.6364
[18:39:49] fold2 ep 010 tr=0.2551 va=0.9581 val_AccPaper=0.6364
[18:39:49] fold2 ep 011 tr=0.2528 va=1.0207 val_AccPaper=0.6667
[18:39:50] fold2 ep 012 tr=0.2245 va=0.9872 val_AccPaper=0.6364
[18:39:51] fold2 ep 013 tr=0.2244 va=1.0594 val_AccPaper=0.6061
[18:39:51] fold2 ep 014 tr=0.2103 va=0.9936 val_AccPaper=0.6364
[18:39:52] fold2 ep 015 tr=0.1969 va=1.0317 val_AccPaper=0.6364
[18:39:53] fold2 ep 016 tr=0.1912 va=1.0101 val_AccPaper=0.6212
[18:39:53] fold2 ep 017 tr=0.1766 va=0.9860 val_AccPaper=0.6515
[18:39:54] fold2 ep 018 tr=0.1754 va=1.0748 val_AccPaper=0.6212
[18:39:55] fold2 ep 019 tr=0.1551 va=1.0318 val_AccPaper=0.6212
[18:39:55] fold2 ep 020 tr=0.1484 va=1.0868 val_AccPaper=0.6667
[18:39:56] fold2 ep 021 tr=0.1349 va=1.0950 val_AccPaper=0.6212
[18:39:57] fold2 ep 022 tr=0.1420 va=1.0869 val_AccPaper=0.6667
[18:39:57] fold2 ep 023 tr=0.1325 va=1.0577 val_AccPaper=0.6667
[18:39:58] fold2 ep 024 tr=0.1274 va=1.0509 val_AccPaper=0.6515
[18:39:58]   early stop @ ep 24
[18:39:58] [S5] three fold3 ft_tr=3903 ft_va=900 eval=4036
[18:39:59] fold3 ep 001 tr=0.8086 va=0.8769 val_AccPaper=0.6364
[18:40:00] fold3 ep 002 tr=0.5845 va=0.8246 val_AccPaper=0.6061
[18:40:00] fold3 ep 003 tr=0.5060 va=0.8150 val_AccPaper=0.6212
[18:40:01] fold3 ep 004 tr=0.4447 va=0.8253 val_AccPaper=0.6364
[18:40:02] fold3 ep 005 tr=0.3972 va=0.8298 val_AccPaper=0.6515
[18:40:02] fold3 ep 006 tr=0.3616 va=0.8228 val_AccPaper=0.6515
[18:40:03] fold3 ep 007 tr=0.3274 va=0.8623 val_AccPaper=0.5909
[18:40:04] fold3 ep 008 tr=0.3012 va=0.8461 val_AccPaper=0.6818
[18:40:04] fold3 ep 009 tr=0.2857 va=0.8825 val_AccPaper=0.6818
[18:40:05] fold3 ep 010 tr=0.2565 va=0.8842 val_AccPaper=0.6667
[18:40:06] fold3 ep 011 tr=0.2617 va=0.8809 val_AccPaper=0.6667
[18:40:06] fold3 ep 012 tr=0.2375 va=0.9334 val_AccPaper=0.6515
[18:40:07] fold3 ep 013 tr=0.2128 va=0.9525 val_AccPaper=0.6515
[18:40:07] fold3 ep 014 tr=0.2247 va=0.9259 val_AccPaper=0.6667
[18:40:08] fold3 ep 015 tr=0.2023 va=0.9497 val_AccPaper=0.6364
[18:40:09] fold3 ep 016 tr=0.1876 va=0.9246 val_AccPaper=0.6818
[18:40:09] fold3 ep 017 tr=0.1654 va=0.9738 val_AccPaper=0.6667
[18:40:10] fold3 ep 018 tr=0.1650 va=1.0099 val_AccPaper=0.6364
[18:40:11] fold3 ep 019 tr=0.1613 va=0.9811 val_AccPaper=0.6970
[18:40:11] fold3 ep 020 tr=0.1457 va=0.9704 val_AccPaper=0.6515
[18:40:12] fold3 ep 021 tr=0.1475 va=1.0014 val_AccPaper=0.6364
[18:40:13] fold3 ep 022 tr=0.1389 va=1.0374 val_AccPaper=0.7121
[18:40:13] fold3 ep 023 tr=0.1288 va=0.9773 val_AccPaper=0.6515
[18:40:14] fold3 ep 024 tr=0.1318 va=1.0036 val_AccPaper=0.6515
[18:40:15] fold3 ep 025 tr=0.1220 va=0.9837 val_AccPaper=0.6667
[18:40:15] fold3 ep 026 tr=0.1245 va=1.0358 val_AccPaper=0.6667
[18:40:16] fold3 ep 027 tr=0.1159 va=1.1119 val_AccPaper=0.6818
[18:40:17] fold3 ep 028 tr=0.1085 va=1.0819 val_AccPaper=0.6364
[18:40:17] fold3 ep 029 tr=0.0959 va=1.1005 val_AccPaper=0.6515
[18:40:18] fold3 ep 030 tr=0.1059 va=1.1285 val_AccPaper=0.6667
[18:40:19] fold3 ep 031 tr=0.1003 va=1.0701 val_AccPaper=0.6515
[18:40:19] fold3 ep 032 tr=0.0867 va=1.1244 val_AccPaper=0.6818
[18:40:20] fold3 ep 033 tr=0.0881 va=1.1329 val_AccPaper=0.6212
[18:40:20] fold3 ep 034 tr=0.0876 va=1.0426 val_AccPaper=0.6364
[18:40:21] fold3 ep 035 tr=0.0792 va=1.0449 val_AccPaper=0.6667
[18:40:22] fold3 ep 036 tr=0.0816 va=1.1091 val_AccPaper=0.6667
[18:40:22] fold3 ep 037 tr=0.0897 va=1.0833 val_AccPaper=0.6818
[18:40:23] fold3 ep 038 tr=0.0790 va=1.0736 val_AccPaper=0.6818
[18:40:24] fold3 ep 039 tr=0.0792 va=1.1455 val_AccPaper=0.6970
[18:40:24] fold3 ep 040 tr=0.0654 va=1.1743 val_AccPaper=0.6970
[18:40:25] fold3 ep 041 tr=0.0739 va=1.1780 val_AccPaper=0.7121
[18:40:26] fold3 ep 042 tr=0.0644 va=1.2157 val_AccPaper=0.6970
[18:40:26]   early stop @ ep 42
[18:40:26] [S5] three fold4 ft_tr=3903 ft_va=900 eval=4036
[18:40:27] fold4 ep 001 tr=0.8370 va=0.8343 val_AccPaper=0.6061
[18:40:27] fold4 ep 002 tr=0.5767 va=0.7759 val_AccPaper=0.6364
[18:40:28] fold4 ep 003 tr=0.4935 va=0.8156 val_AccPaper=0.6364
[18:40:29] fold4 ep 004 tr=0.4100 va=0.8660 val_AccPaper=0.6212
[18:40:29] fold4 ep 005 tr=0.3731 va=0.8769 val_AccPaper=0.6212
[18:40:30] fold4 ep 006 tr=0.3272 va=0.9127 val_AccPaper=0.6515
[18:40:31] fold4 ep 007 tr=0.2998 va=0.9212 val_AccPaper=0.5909
[18:40:31] fold4 ep 008 tr=0.2832 va=0.9866 val_AccPaper=0.6212
[18:40:32] fold4 ep 009 tr=0.2653 va=0.9438 val_AccPaper=0.6364
[18:40:33] fold4 ep 010 tr=0.2363 va=0.9559 val_AccPaper=0.6212
[18:40:33] fold4 ep 011 tr=0.2323 va=0.9462 val_AccPaper=0.6364
[18:40:34] fold4 ep 012 tr=0.2147 va=1.0604 val_AccPaper=0.6364
[18:40:35] fold4 ep 013 tr=0.2049 va=0.9891 val_AccPaper=0.6364
[18:40:35] fold4 ep 014 tr=0.1863 va=0.9739 val_AccPaper=0.6364
[18:40:36] fold4 ep 015 tr=0.1895 va=1.0211 val_AccPaper=0.6212
[18:40:37] fold4 ep 016 tr=0.1705 va=1.0066 val_AccPaper=0.6667
[18:40:37] fold4 ep 017 tr=0.1665 va=1.0473 val_AccPaper=0.6061
[18:40:38] fold4 ep 018 tr=0.1614 va=1.0022 val_AccPaper=0.6515
[18:40:39] fold4 ep 019 tr=0.1373 va=1.0468 val_AccPaper=0.6667
[18:40:39] fold4 ep 020 tr=0.1385 va=1.0488 val_AccPaper=0.6364
[18:40:40] fold4 ep 021 tr=0.1332 va=1.1035 val_AccPaper=0.6364
[18:40:40] fold4 ep 022 tr=0.1311 va=1.0689 val_AccPaper=0.6515
[18:40:41] fold4 ep 023 tr=0.1183 va=1.1192 val_AccPaper=0.6515
[18:40:42] fold4 ep 024 tr=0.1058 va=1.0881 val_AccPaper=0.6364
[18:40:42] fold4 ep 025 tr=0.1088 va=1.2155 val_AccPaper=0.6212
[18:40:43] fold4 ep 026 tr=0.1035 va=1.1109 val_AccPaper=0.6212
[18:40:44] fold4 ep 027 tr=0.0990 va=1.1387 val_AccPaper=0.6667
[18:40:44] fold4 ep 028 tr=0.1006 va=1.1092 val_AccPaper=0.6667
[18:40:45] fold4 ep 029 tr=0.0881 va=1.1451 val_AccPaper=0.6364
[18:40:46] fold4 ep 030 tr=0.0976 va=1.1966 val_AccPaper=0.6364
[18:40:46] fold4 ep 031 tr=0.0855 va=1.1229 val_AccPaper=0.6212
[18:40:47] fold4 ep 032 tr=0.0895 va=1.1038 val_AccPaper=0.6667
[18:40:48] fold4 ep 033 tr=0.0870 va=1.1318 val_AccPaper=0.6364
[18:40:48] fold4 ep 034 tr=0.0777 va=1.1597 val_AccPaper=0.6212
[18:40:49] fold4 ep 035 tr=0.0835 va=1.2159 val_AccPaper=0.6818
[18:40:50] fold4 ep 036 tr=0.0673 va=1.1809 val_AccPaper=0.6515
[18:40:50] fold4 ep 037 tr=0.0674 va=1.1890 val_AccPaper=0.6212
[18:40:51] fold4 ep 038 tr=0.0643 va=1.1045 val_AccPaper=0.6818
[18:40:51] fold4 ep 039 tr=0.0712 va=1.1687 val_AccPaper=0.6364
[18:40:52] fold4 ep 040 tr=0.0700 va=1.2265 val_AccPaper=0.6515
[18:40:53] fold4 ep 041 tr=0.0702 va=1.2546 val_AccPaper=0.6515
[18:40:53] fold4 ep 042 tr=0.0653 va=1.1986 val_AccPaper=0.6364
[18:40:54] fold4 ep 043 tr=0.0683 va=1.2030 val_AccPaper=0.6818
[18:40:55] fold4 ep 044 tr=0.0659 va=1.2581 val_AccPaper=0.6515
[18:40:55] fold4 ep 045 tr=0.0516 va=1.2685 val_AccPaper=0.6667
[18:40:56] fold4 ep 046 tr=0.0600 va=1.2887 val_AccPaper=0.6667
[18:40:57] fold4 ep 047 tr=0.0546 va=1.2446 val_AccPaper=0.6364
[18:40:57] fold4 ep 048 tr=0.0616 va=1.2701 val_AccPaper=0.6515
[18:40:58] fold4 ep 049 tr=0.0552 va=1.3236 val_AccPaper=0.6818
[18:40:58] fold4 ep 050 tr=0.0556 va=1.2226 val_AccPaper=0.6364
[18:40:59] fold4 ep 051 tr=0.0489 va=1.2618 val_AccPaper=0.6364
[18:41:00] fold4 ep 052 tr=0.0558 va=1.3140 val_AccPaper=0.6818
[18:41:00] fold4 ep 053 tr=0.0471 va=1.3518 val_AccPaper=0.6667
[18:41:01] fold4 ep 054 tr=0.0450 va=1.3245 val_AccPaper=0.6515
[18:41:02] fold4 ep 055 tr=0.0502 va=1.2411 val_AccPaper=0.6818
[18:41:02]   early stop @ ep 55
[18:41:05] === S7 cues=1314 train=657 eval=657 ===
[18:41:07] [S7] task fold0 ft_tr=16702 ft_va=4112 eval=21730
[18:41:10] fold0 ep 001 tr=0.4618 va=0.4670 val_AccPaper=0.8053
[18:41:12] fold0 ep 002 tr=0.3276 va=0.4433 val_AccPaper=0.8015
[18:41:15] fold0 ep 003 tr=0.2861 va=0.4447 val_AccPaper=0.7977
[18:41:18] fold0 ep 004 tr=0.2657 va=0.4345 val_AccPaper=0.8168
[18:41:20] fold0 ep 005 tr=0.2371 va=0.3789 val_AccPaper=0.8244
[18:41:23] fold0 ep 006 tr=0.2248 va=0.4030 val_AccPaper=0.8206
[18:41:26] fold0 ep 007 tr=0.2182 va=0.4189 val_AccPaper=0.8206
[18:41:28] fold0 ep 008 tr=0.1994 va=0.4069 val_AccPaper=0.8397
[18:41:31] fold0 ep 009 tr=0.1944 va=0.4292 val_AccPaper=0.8244
[18:41:34] fold0 ep 010 tr=0.1862 va=0.4419 val_AccPaper=0.8168
[18:41:36] fold0 ep 011 tr=0.1803 va=0.4504 val_AccPaper=0.8168
[18:41:39] fold0 ep 012 tr=0.1690 va=0.4296 val_AccPaper=0.8244
[18:41:42] fold0 ep 013 tr=0.1646 va=0.4067 val_AccPaper=0.8435
[18:41:44] fold0 ep 014 tr=0.1683 va=0.4153 val_AccPaper=0.8282
[18:41:47] fold0 ep 015 tr=0.1611 va=0.4375 val_AccPaper=0.8130
[18:41:50] fold0 ep 016 tr=0.1571 va=0.4507 val_AccPaper=0.8168
[18:41:53] fold0 ep 017 tr=0.1530 va=0.4452 val_AccPaper=0.8244
[18:41:56] fold0 ep 018 tr=0.1452 va=0.4364 val_AccPaper=0.8321
[18:41:58] fold0 ep 019 tr=0.1444 va=0.4148 val_AccPaper=0.8435
[18:42:01] fold0 ep 020 tr=0.1452 va=0.4940 val_AccPaper=0.8244
[18:42:04] fold0 ep 021 tr=0.1386 va=0.4569 val_AccPaper=0.8206
[18:42:07] fold0 ep 022 tr=0.1379 va=0.4256 val_AccPaper=0.8321
[18:42:10] fold0 ep 023 tr=0.1375 va=0.4359 val_AccPaper=0.8206
[18:42:13] fold0 ep 024 tr=0.1336 va=0.4432 val_AccPaper=0.8130
[18:42:16] fold0 ep 025 tr=0.1282 va=0.4703 val_AccPaper=0.8168
[18:42:19] fold0 ep 026 tr=0.1310 va=0.4693 val_AccPaper=0.8244
[18:42:22] fold0 ep 027 tr=0.1313 va=0.4555 val_AccPaper=0.8130
[18:42:25] fold0 ep 028 tr=0.1210 va=0.4562 val_AccPaper=0.8206
[18:42:27] fold0 ep 029 tr=0.1247 va=0.4904 val_AccPaper=0.8206
[18:42:30] fold0 ep 030 tr=0.1226 va=0.4941 val_AccPaper=0.8397
[18:42:33] fold0 ep 031 tr=0.1194 va=0.4914 val_AccPaper=0.8168
[18:42:36] fold0 ep 032 tr=0.1217 va=0.4876 val_AccPaper=0.8130
[18:42:39] fold0 ep 033 tr=0.1221 va=0.4840 val_AccPaper=0.8092
[18:42:39]   early stop @ ep 33
[18:42:43] [S7] task fold1 ft_tr=16702 ft_va=4112 eval=21730
[18:42:46] fold1 ep 001 tr=0.4547 va=0.4858 val_AccPaper=0.7863
[18:42:49] fold1 ep 002 tr=0.3269 va=0.4553 val_AccPaper=0.7824
[18:42:52] fold1 ep 003 tr=0.2949 va=0.4374 val_AccPaper=0.8130
[18:42:55] fold1 ep 004 tr=0.2766 va=0.4199 val_AccPaper=0.8359
[18:42:57] fold1 ep 005 tr=0.2497 va=0.4411 val_AccPaper=0.8168
[18:43:00] fold1 ep 006 tr=0.2275 va=0.4133 val_AccPaper=0.8168
[18:43:03] fold1 ep 007 tr=0.2127 va=0.4175 val_AccPaper=0.8130
[18:43:05] fold1 ep 008 tr=0.1988 va=0.4568 val_AccPaper=0.7824
[18:43:08] fold1 ep 009 tr=0.1994 va=0.4348 val_AccPaper=0.8092
[18:43:11] fold1 ep 010 tr=0.1899 va=0.4627 val_AccPaper=0.8053
[18:43:14] fold1 ep 011 tr=0.1806 va=0.4474 val_AccPaper=0.8359
[18:43:16] fold1 ep 012 tr=0.1761 va=0.4391 val_AccPaper=0.8168
[18:43:19] fold1 ep 013 tr=0.1671 va=0.4617 val_AccPaper=0.8168
[18:43:22] fold1 ep 014 tr=0.1635 va=0.4728 val_AccPaper=0.8092
[18:43:24] fold1 ep 015 tr=0.1630 va=0.4785 val_AccPaper=0.8130
[18:43:27] fold1 ep 016 tr=0.1558 va=0.4487 val_AccPaper=0.8359
[18:43:30] fold1 ep 017 tr=0.1532 va=0.4689 val_AccPaper=0.8321
[18:43:32] fold1 ep 018 tr=0.1453 va=0.4511 val_AccPaper=0.8359
[18:43:35] fold1 ep 019 tr=0.1481 va=0.4688 val_AccPaper=0.8282
[18:43:38] fold1 ep 020 tr=0.1419 va=0.4767 val_AccPaper=0.8321
[18:43:40] fold1 ep 021 tr=0.1367 va=0.4717 val_AccPaper=0.8244
[18:43:43] fold1 ep 022 tr=0.1369 va=0.4795 val_AccPaper=0.8244
[18:43:46] fold1 ep 023 tr=0.1352 va=0.4435 val_AccPaper=0.8359
[18:43:48] fold1 ep 024 tr=0.1347 va=0.4636 val_AccPaper=0.8168
[18:43:48]   early stop @ ep 24
[18:43:52] [S7] task fold2 ft_tr=16702 ft_va=4112 eval=21730
[18:43:55] fold2 ep 001 tr=0.4777 va=0.5234 val_AccPaper=0.7710
[18:43:57] fold2 ep 002 tr=0.3491 va=0.5126 val_AccPaper=0.7672
[18:44:00] fold2 ep 003 tr=0.3040 va=0.4622 val_AccPaper=0.7977
[18:44:03] fold2 ep 004 tr=0.2679 va=0.4377 val_AccPaper=0.8053
[18:44:05] fold2 ep 005 tr=0.2454 va=0.4307 val_AccPaper=0.8092
[18:44:08] fold2 ep 006 tr=0.2342 va=0.4354 val_AccPaper=0.8053
[18:44:11] fold2 ep 007 tr=0.2182 va=0.4160 val_AccPaper=0.8321
[18:44:13] fold2 ep 008 tr=0.2031 va=0.4278 val_AccPaper=0.8168
[18:44:16] fold2 ep 009 tr=0.2008 va=0.4523 val_AccPaper=0.8282
[18:44:19] fold2 ep 010 tr=0.1952 va=0.4280 val_AccPaper=0.8130
[18:44:22] fold2 ep 011 tr=0.1872 va=0.4577 val_AccPaper=0.8206
[18:44:24] fold2 ep 012 tr=0.1786 va=0.4483 val_AccPaper=0.8206
[18:44:27] fold2 ep 013 tr=0.1713 va=0.4740 val_AccPaper=0.8359
[18:44:30] fold2 ep 014 tr=0.1635 va=0.4588 val_AccPaper=0.8244
[18:44:32] fold2 ep 015 tr=0.1632 va=0.4525 val_AccPaper=0.8168
[18:44:35] fold2 ep 016 tr=0.1561 va=0.4613 val_AccPaper=0.8168
[18:44:38] fold2 ep 017 tr=0.1623 va=0.4724 val_AccPaper=0.8397
[18:44:40] fold2 ep 018 tr=0.1581 va=0.4441 val_AccPaper=0.8359
[18:44:43] fold2 ep 019 tr=0.1460 va=0.4848 val_AccPaper=0.8282
[18:44:45] fold2 ep 020 tr=0.1527 va=0.5143 val_AccPaper=0.8397
[18:44:48] fold2 ep 021 tr=0.1419 va=0.5005 val_AccPaper=0.8168
[18:44:51] fold2 ep 022 tr=0.1369 va=0.4920 val_AccPaper=0.8206
[18:44:54] fold2 ep 023 tr=0.1417 va=0.5152 val_AccPaper=0.8282
[18:44:56] fold2 ep 024 tr=0.1364 va=0.5052 val_AccPaper=0.8359
[18:44:59] fold2 ep 025 tr=0.1289 va=0.4632 val_AccPaper=0.8282
[18:45:02] fold2 ep 026 tr=0.1386 va=0.4676 val_AccPaper=0.8206
[18:45:04] fold2 ep 027 tr=0.1253 va=0.5537 val_AccPaper=0.8168
[18:45:07] fold2 ep 028 tr=0.1329 va=0.5313 val_AccPaper=0.8359
[18:45:10] fold2 ep 029 tr=0.1328 va=0.5398 val_AccPaper=0.8168
[18:45:12] fold2 ep 030 tr=0.1261 va=0.5803 val_AccPaper=0.8092
[18:45:15] fold2 ep 031 tr=0.1206 va=0.5026 val_AccPaper=0.8359
[18:45:18] fold2 ep 032 tr=0.1268 va=0.5401 val_AccPaper=0.8397
[18:45:20] fold2 ep 033 tr=0.1205 va=0.5232 val_AccPaper=0.8321
[18:45:23] fold2 ep 034 tr=0.1209 va=0.5305 val_AccPaper=0.8321
[18:45:26] fold2 ep 035 tr=0.1238 va=0.5645 val_AccPaper=0.8206
[18:45:28] fold2 ep 036 tr=0.1174 va=0.5522 val_AccPaper=0.8092
[18:45:31] fold2 ep 037 tr=0.1192 va=0.5352 val_AccPaper=0.8168
[18:45:31]   early stop @ ep 37
[18:45:35] [S7] task fold3 ft_tr=16702 ft_va=4112 eval=21730
[18:45:37] fold3 ep 001 tr=0.4701 va=0.5319 val_AccPaper=0.7519
[18:45:40] fold3 ep 002 tr=0.3412 va=0.4526 val_AccPaper=0.7595
[18:45:43] fold3 ep 003 tr=0.3064 va=0.4467 val_AccPaper=0.7748
[18:45:46] fold3 ep 004 tr=0.2765 va=0.4187 val_AccPaper=0.7977
[18:45:49] fold3 ep 005 tr=0.2442 va=0.4328 val_AccPaper=0.8053
[18:45:51] fold3 ep 006 tr=0.2260 va=0.4391 val_AccPaper=0.8168
[18:45:54] fold3 ep 007 tr=0.2198 va=0.4376 val_AccPaper=0.8053
[18:45:57] fold3 ep 008 tr=0.2058 va=0.4129 val_AccPaper=0.8435
[18:46:00] fold3 ep 009 tr=0.1932 va=0.4481 val_AccPaper=0.8206
[18:46:03] fold3 ep 010 tr=0.1872 va=0.4458 val_AccPaper=0.8282
[18:46:06] fold3 ep 011 tr=0.1818 va=0.4293 val_AccPaper=0.8244
[18:46:08] fold3 ep 012 tr=0.1739 va=0.4670 val_AccPaper=0.8282
[18:46:11] fold3 ep 013 tr=0.1728 va=0.4325 val_AccPaper=0.8359
[18:46:14] fold3 ep 014 tr=0.1664 va=0.4512 val_AccPaper=0.8282
[18:46:16] fold3 ep 015 tr=0.1638 va=0.4295 val_AccPaper=0.8359
[18:46:19] fold3 ep 016 tr=0.1506 va=0.4530 val_AccPaper=0.8321
[18:46:22] fold3 ep 017 tr=0.1524 va=0.4664 val_AccPaper=0.8511
[18:46:24] fold3 ep 018 tr=0.1490 va=0.4620 val_AccPaper=0.8397
[18:46:27] fold3 ep 019 tr=0.1526 va=0.4780 val_AccPaper=0.8244
[18:46:30] fold3 ep 020 tr=0.1422 va=0.5007 val_AccPaper=0.8206
[18:46:32] fold3 ep 021 tr=0.1439 va=0.4655 val_AccPaper=0.8206
[18:46:35] fold3 ep 022 tr=0.1376 va=0.4459 val_AccPaper=0.8359
[18:46:38] fold3 ep 023 tr=0.1309 va=0.4882 val_AccPaper=0.8359
[18:46:40] fold3 ep 024 tr=0.1401 va=0.4627 val_AccPaper=0.8321
[18:46:43] fold3 ep 025 tr=0.1332 va=0.5214 val_AccPaper=0.8244
[18:46:46] fold3 ep 026 tr=0.1276 va=0.4900 val_AccPaper=0.8206
[18:46:48] fold3 ep 027 tr=0.1299 va=0.4759 val_AccPaper=0.8244
[18:46:51] fold3 ep 028 tr=0.1256 va=0.4964 val_AccPaper=0.8321
[18:46:54] fold3 ep 029 tr=0.1233 va=0.4752 val_AccPaper=0.8244
[18:46:56] fold3 ep 030 tr=0.1206 va=0.4829 val_AccPaper=0.8321
[18:46:59] fold3 ep 031 tr=0.1258 va=0.4963 val_AccPaper=0.8130
[18:47:02] fold3 ep 032 tr=0.1190 va=0.5563 val_AccPaper=0.8206
[18:47:04] fold3 ep 033 tr=0.1193 va=0.5086 val_AccPaper=0.8092
[18:47:07] fold3 ep 034 tr=0.1188 va=0.5242 val_AccPaper=0.8282
[18:47:10] fold3 ep 035 tr=0.1158 va=0.5044 val_AccPaper=0.8282
[18:47:12] fold3 ep 036 tr=0.1165 va=0.4977 val_AccPaper=0.8168
[18:47:15] fold3 ep 037 tr=0.1148 va=0.5200 val_AccPaper=0.8206
[18:47:15]   early stop @ ep 37
[18:47:19] [S7] task fold4 ft_tr=16702 ft_va=4112 eval=21730
[18:47:21] fold4 ep 001 tr=0.4744 va=0.4862 val_AccPaper=0.7863
[18:47:24] fold4 ep 002 tr=0.3392 va=0.4766 val_AccPaper=0.7977
[18:47:27] fold4 ep 003 tr=0.2875 va=0.4380 val_AccPaper=0.8053
[18:47:30] fold4 ep 004 tr=0.2623 va=0.4134 val_AccPaper=0.8130
[18:47:32] fold4 ep 005 tr=0.2389 va=0.4508 val_AccPaper=0.8015
[18:47:35] fold4 ep 006 tr=0.2302 va=0.4052 val_AccPaper=0.8053
[18:47:38] fold4 ep 007 tr=0.2169 va=0.4088 val_AccPaper=0.8321
[18:47:40] fold4 ep 008 tr=0.2030 va=0.4561 val_AccPaper=0.8206
[18:47:43] fold4 ep 009 tr=0.1894 va=0.4044 val_AccPaper=0.8130
[18:47:46] fold4 ep 010 tr=0.1781 va=0.4333 val_AccPaper=0.8435
[18:47:48] fold4 ep 011 tr=0.1781 va=0.4120 val_AccPaper=0.8397
[18:47:51] fold4 ep 012 tr=0.1681 va=0.4189 val_AccPaper=0.8321
[18:47:54] fold4 ep 013 tr=0.1753 va=0.3953 val_AccPaper=0.8435
[18:47:56] fold4 ep 014 tr=0.1631 va=0.4586 val_AccPaper=0.8282
[18:47:59] fold4 ep 015 tr=0.1643 va=0.4459 val_AccPaper=0.8359
[18:48:02] fold4 ep 016 tr=0.1543 va=0.4337 val_AccPaper=0.8244
[18:48:05] fold4 ep 017 tr=0.1526 va=0.4967 val_AccPaper=0.8206
[18:48:08] fold4 ep 018 tr=0.1474 va=0.4329 val_AccPaper=0.8282
[18:48:10] fold4 ep 019 tr=0.1464 va=0.4408 val_AccPaper=0.8130
[18:48:13] fold4 ep 020 tr=0.1438 va=0.4606 val_AccPaper=0.8321
[18:48:16] fold4 ep 021 tr=0.1409 va=0.4777 val_AccPaper=0.8359
[18:48:19] fold4 ep 022 tr=0.1358 va=0.4579 val_AccPaper=0.8321
[18:48:22] fold4 ep 023 tr=0.1347 va=0.4422 val_AccPaper=0.8473
[18:48:24] fold4 ep 024 tr=0.1339 va=0.4642 val_AccPaper=0.8206
[18:48:27] fold4 ep 025 tr=0.1388 va=0.4451 val_AccPaper=0.8435
[18:48:30] fold4 ep 026 tr=0.1283 va=0.4640 val_AccPaper=0.8359
[18:48:33] fold4 ep 027 tr=0.1305 va=0.4923 val_AccPaper=0.8282
[18:48:35] fold4 ep 028 tr=0.1288 va=0.4634 val_AccPaper=0.8397
[18:48:38] fold4 ep 029 tr=0.1266 va=0.4667 val_AccPaper=0.8321
[18:48:41] fold4 ep 030 tr=0.1256 va=0.4485 val_AccPaper=0.8359
[18:48:43] fold4 ep 031 tr=0.1166 va=0.4724 val_AccPaper=0.8321
[18:48:46] fold4 ep 032 tr=0.1198 va=0.4577 val_AccPaper=0.8321
[18:48:49] fold4 ep 033 tr=0.1215 va=0.5152 val_AccPaper=0.8282
[18:48:52] fold4 ep 034 tr=0.1201 va=0.4787 val_AccPaper=0.8359
[18:48:54] fold4 ep 035 tr=0.1189 va=0.4970 val_AccPaper=0.8282
[18:48:57] fold4 ep 036 tr=0.1178 va=0.4713 val_AccPaper=0.8435
[18:49:00] fold4 ep 037 tr=0.1232 va=0.4942 val_AccPaper=0.8282
[18:49:03] fold4 ep 038 tr=0.1186 va=0.4670 val_AccPaper=0.8588
[18:49:06] fold4 ep 039 tr=0.1177 va=0.4841 val_AccPaper=0.8435
[18:49:09] fold4 ep 040 tr=0.1172 va=0.4675 val_AccPaper=0.8435
[18:49:11] fold4 ep 041 tr=0.1141 va=0.4646 val_AccPaper=0.8321
[18:49:14] fold4 ep 042 tr=0.1135 va=0.4643 val_AccPaper=0.8359
[18:49:17] fold4 ep 043 tr=0.1123 va=0.4808 val_AccPaper=0.8321
[18:49:20] fold4 ep 044 tr=0.1112 va=0.5086 val_AccPaper=0.8397
[18:49:23] fold4 ep 045 tr=0.1158 va=0.4827 val_AccPaper=0.8321
[18:49:25] fold4 ep 046 tr=0.1132 va=0.4828 val_AccPaper=0.8359
[18:49:28] fold4 ep 047 tr=0.1111 va=0.4887 val_AccPaper=0.8397
[18:49:31] fold4 ep 048 tr=0.1076 va=0.4778 val_AccPaper=0.8435
[18:49:34] fold4 ep 049 tr=0.1082 va=0.4623 val_AccPaper=0.8244
[18:49:37] fold4 ep 050 tr=0.1096 va=0.4695 val_AccPaper=0.8473
[18:49:39] fold4 ep 051 tr=0.1048 va=0.4494 val_AccPaper=0.8397
[18:49:42] fold4 ep 052 tr=0.1036 va=0.4554 val_AccPaper=0.8397
[18:49:45] fold4 ep 053 tr=0.1050 va=0.5233 val_AccPaper=0.8244
[18:49:47] fold4 ep 054 tr=0.1019 va=0.4878 val_AccPaper=0.8321
[18:49:50] fold4 ep 055 tr=0.1006 va=0.5158 val_AccPaper=0.8359
[18:49:53] fold4 ep 056 tr=0.1037 va=0.4864 val_AccPaper=0.8473
[18:49:55] fold4 ep 057 tr=0.1044 va=0.4713 val_AccPaper=0.8588
[18:49:58] fold4 ep 058 tr=0.1047 va=0.4946 val_AccPaper=0.8206
[18:49:58]   early stop @ ep 58
[18:50:02] [S7] three fold0 ft_tr=16702 ft_va=4112 eval=21730
[18:50:04] fold0 ep 001 tr=0.8672 va=0.8410 val_AccPaper=0.6412
[18:50:07] fold0 ep 002 tr=0.6651 va=0.7926 val_AccPaper=0.6603
[18:50:10] fold0 ep 003 tr=0.5971 va=0.8035 val_AccPaper=0.6679
[18:50:13] fold0 ep 004 tr=0.5486 va=0.7900 val_AccPaper=0.6794
[18:50:15] fold0 ep 005 tr=0.5175 va=0.7809 val_AccPaper=0.6603
[18:50:18] fold0 ep 006 tr=0.4955 va=0.7848 val_AccPaper=0.6603
[18:50:21] fold0 ep 007 tr=0.4699 va=0.8035 val_AccPaper=0.6641
[18:50:23] fold0 ep 008 tr=0.4590 va=0.7977 val_AccPaper=0.6832
[18:50:26] fold0 ep 009 tr=0.4310 va=0.8052 val_AccPaper=0.6908
[18:50:29] fold0 ep 010 tr=0.4182 va=0.8130 val_AccPaper=0.6832
[18:50:31] fold0 ep 011 tr=0.4096 va=0.7964 val_AccPaper=0.6794
[18:50:34] fold0 ep 012 tr=0.3975 va=0.8104 val_AccPaper=0.6679
[18:50:37] fold0 ep 013 tr=0.3917 va=0.8551 val_AccPaper=0.6908
[18:50:40] fold0 ep 014 tr=0.3750 va=0.8507 val_AccPaper=0.6908
[18:50:42] fold0 ep 015 tr=0.3762 va=0.8511 val_AccPaper=0.6832
[18:50:45] fold0 ep 016 tr=0.3637 va=0.8569 val_AccPaper=0.6794
[18:50:48] fold0 ep 017 tr=0.3539 va=0.8373 val_AccPaper=0.7137
[18:50:50] fold0 ep 018 tr=0.3484 va=0.8506 val_AccPaper=0.6718
[18:50:53] fold0 ep 019 tr=0.3434 va=0.8648 val_AccPaper=0.6679
[18:50:56] fold0 ep 020 tr=0.3464 va=0.8949 val_AccPaper=0.6870
[18:50:59] fold0 ep 021 tr=0.3330 va=0.8890 val_AccPaper=0.6870
[18:51:01] fold0 ep 022 tr=0.3237 va=0.8983 val_AccPaper=0.6947
[18:51:04] fold0 ep 023 tr=0.3277 va=0.8983 val_AccPaper=0.6870
[18:51:07] fold0 ep 024 tr=0.3221 va=0.8882 val_AccPaper=0.6947
[18:51:09] fold0 ep 025 tr=0.3079 va=0.9052 val_AccPaper=0.7061
[18:51:12] fold0 ep 026 tr=0.3160 va=0.9158 val_AccPaper=0.6908
[18:51:14] fold0 ep 027 tr=0.3058 va=0.9329 val_AccPaper=0.7099
[18:51:17] fold0 ep 028 tr=0.3069 va=0.9338 val_AccPaper=0.7099
[18:51:20] fold0 ep 029 tr=0.3125 va=0.9421 val_AccPaper=0.7061
[18:51:22] fold0 ep 030 tr=0.2897 va=0.9168 val_AccPaper=0.7023
[18:51:25] fold0 ep 031 tr=0.2832 va=0.9329 val_AccPaper=0.6947
[18:51:28] fold0 ep 032 tr=0.2905 va=0.9303 val_AccPaper=0.7099
[18:51:31] fold0 ep 033 tr=0.2898 va=0.9382 val_AccPaper=0.7137
[18:51:33] fold0 ep 034 tr=0.2861 va=0.9502 val_AccPaper=0.6985
[18:51:36] fold0 ep 035 tr=0.2796 va=0.9381 val_AccPaper=0.6908
[18:51:39] fold0 ep 036 tr=0.2753 va=0.9622 val_AccPaper=0.7023
[18:51:41] fold0 ep 037 tr=0.2753 va=0.9443 val_AccPaper=0.7023
[18:51:41]   early stop @ ep 37
[18:51:45] [S7] three fold1 ft_tr=16702 ft_va=4112 eval=21730
[18:51:47] fold1 ep 001 tr=0.8622 va=0.8538 val_AccPaper=0.6336
[18:51:50] fold1 ep 002 tr=0.6959 va=0.8194 val_AccPaper=0.6679
[18:51:53] fold1 ep 003 tr=0.6235 va=0.8152 val_AccPaper=0.6870
[18:51:56] fold1 ep 004 tr=0.5807 va=0.8004 val_AccPaper=0.6756
[18:51:58] fold1 ep 005 tr=0.5462 va=0.8149 val_AccPaper=0.6679
[18:52:01] fold1 ep 006 tr=0.5228 va=0.8190 val_AccPaper=0.6947
[18:52:04] fold1 ep 007 tr=0.5010 va=0.8072 val_AccPaper=0.6832
[18:52:07] fold1 ep 008 tr=0.4804 va=0.8209 val_AccPaper=0.6450
[18:52:09] fold1 ep 009 tr=0.4568 va=0.8293 val_AccPaper=0.6870
[18:52:12] fold1 ep 010 tr=0.4482 va=0.8314 val_AccPaper=0.6718
[18:52:15] fold1 ep 011 tr=0.4387 va=0.8084 val_AccPaper=0.6641
[18:52:18] fold1 ep 012 tr=0.4240 va=0.8157 val_AccPaper=0.6832
[18:52:20] fold1 ep 013 tr=0.4072 va=0.8178 val_AccPaper=0.6947
[18:52:23] fold1 ep 014 tr=0.4085 va=0.8738 val_AccPaper=0.6603
[18:52:26] fold1 ep 015 tr=0.3974 va=0.8400 val_AccPaper=0.6870
[18:52:28] fold1 ep 016 tr=0.3769 va=0.8465 val_AccPaper=0.6718
[18:52:31] fold1 ep 017 tr=0.3728 va=0.8357 val_AccPaper=0.7023
[18:52:34] fold1 ep 018 tr=0.3664 va=0.8444 val_AccPaper=0.6832
[18:52:37] fold1 ep 019 tr=0.3551 va=0.8750 val_AccPaper=0.6756
[18:52:39] fold1 ep 020 tr=0.3516 va=0.8801 val_AccPaper=0.7023
[18:52:42] fold1 ep 021 tr=0.3620 va=0.8891 val_AccPaper=0.6985
[18:52:45] fold1 ep 022 tr=0.3441 va=0.9262 val_AccPaper=0.6565
[18:52:47] fold1 ep 023 tr=0.3404 va=0.8909 val_AccPaper=0.6870
[18:52:50] fold1 ep 024 tr=0.3344 va=0.9012 val_AccPaper=0.6908
[18:52:53] fold1 ep 025 tr=0.3340 va=0.9275 val_AccPaper=0.6908
[18:52:55] fold1 ep 026 tr=0.3332 va=0.9087 val_AccPaper=0.6679
[18:52:58] fold1 ep 027 tr=0.3282 va=0.8973 val_AccPaper=0.7023
[18:53:01] fold1 ep 028 tr=0.3233 va=0.9585 val_AccPaper=0.6718
[18:53:03] fold1 ep 029 tr=0.3216 va=0.9354 val_AccPaper=0.6756
[18:53:06] fold1 ep 030 tr=0.3225 va=0.9078 val_AccPaper=0.6641
[18:53:09] fold1 ep 031 tr=0.3153 va=0.9477 val_AccPaper=0.6908
[18:53:11] fold1 ep 032 tr=0.3152 va=0.9587 val_AccPaper=0.6794
[18:53:14] fold1 ep 033 tr=0.3059 va=0.9565 val_AccPaper=0.6870
[18:53:16] fold1 ep 034 tr=0.3036 va=0.9546 val_AccPaper=0.6908
[18:53:19] fold1 ep 035 tr=0.3035 va=0.9578 val_AccPaper=0.6985
[18:53:22] fold1 ep 036 tr=0.2938 va=0.9508 val_AccPaper=0.6947
[18:53:24] fold1 ep 037 tr=0.2859 va=0.9491 val_AccPaper=0.6908
[18:53:24]   early stop @ ep 37
[18:53:28] [S7] three fold2 ft_tr=16702 ft_va=4112 eval=21730
[18:53:31] fold2 ep 001 tr=0.8730 va=0.8976 val_AccPaper=0.6221
[18:53:33] fold2 ep 002 tr=0.6969 va=0.8454 val_AccPaper=0.6412
[18:53:36] fold2 ep 003 tr=0.6286 va=0.8203 val_AccPaper=0.6374
[18:53:39] fold2 ep 004 tr=0.5916 va=0.8232 val_AccPaper=0.6794
[18:53:42] fold2 ep 005 tr=0.5578 va=0.8326 val_AccPaper=0.6756
[18:53:44] fold2 ep 006 tr=0.5290 va=0.8323 val_AccPaper=0.6947
[18:53:47] fold2 ep 007 tr=0.5044 va=0.8393 val_AccPaper=0.6756
[18:53:50] fold2 ep 008 tr=0.4807 va=0.8426 val_AccPaper=0.6679
[18:53:53] fold2 ep 009 tr=0.4701 va=0.8511 val_AccPaper=0.6947
[18:53:55] fold2 ep 010 tr=0.4555 va=0.8545 val_AccPaper=0.6947
[18:53:58] fold2 ep 011 tr=0.4354 va=0.8652 val_AccPaper=0.6985
[18:54:01] fold2 ep 012 tr=0.4324 va=0.8679 val_AccPaper=0.7099
[18:54:04] fold2 ep 013 tr=0.4238 va=0.8737 val_AccPaper=0.6832
[18:54:06] fold2 ep 014 tr=0.4093 va=0.8854 val_AccPaper=0.6985
[18:54:09] fold2 ep 015 tr=0.3990 va=0.8884 val_AccPaper=0.7023
[18:54:12] fold2 ep 016 tr=0.4024 va=0.9020 val_AccPaper=0.6679
[18:54:14] fold2 ep 017 tr=0.3816 va=0.9274 val_AccPaper=0.6870
[18:54:17] fold2 ep 018 tr=0.3809 va=0.9031 val_AccPaper=0.6756
[18:54:20] fold2 ep 019 tr=0.3762 va=0.9091 val_AccPaper=0.6832
[18:54:23] fold2 ep 020 tr=0.3632 va=0.9320 val_AccPaper=0.6794
[18:54:25] fold2 ep 021 tr=0.3587 va=0.9324 val_AccPaper=0.6908
[18:54:28] fold2 ep 022 tr=0.3541 va=0.9471 val_AccPaper=0.7176
[18:54:31] fold2 ep 023 tr=0.3464 va=0.9250 val_AccPaper=0.6870
[18:54:33] fold2 ep 024 tr=0.3432 va=0.9519 val_AccPaper=0.6832
[18:54:36] fold2 ep 025 tr=0.3423 va=0.9365 val_AccPaper=0.7061
[18:54:39] fold2 ep 026 tr=0.3318 va=0.9429 val_AccPaper=0.6908
[18:54:41] fold2 ep 027 tr=0.3194 va=0.9608 val_AccPaper=0.6870
[18:54:44] fold2 ep 028 tr=0.3338 va=0.9583 val_AccPaper=0.6947
[18:54:47] fold2 ep 029 tr=0.3340 va=0.9424 val_AccPaper=0.6756
[18:54:50] fold2 ep 030 tr=0.3166 va=0.9820 val_AccPaper=0.6756
[18:54:52] fold2 ep 031 tr=0.3148 va=0.9425 val_AccPaper=0.6756
[18:54:55] fold2 ep 032 tr=0.3102 va=0.9657 val_AccPaper=0.6985
[18:54:57] fold2 ep 033 tr=0.3072 va=1.0132 val_AccPaper=0.6756
[18:54:59] fold2 ep 034 tr=0.3110 va=0.9780 val_AccPaper=0.6908
[18:55:00] fold2 ep 035 tr=0.3042 va=0.9856 val_AccPaper=0.6718
[18:55:02] fold2 ep 036 tr=0.3014 va=0.9845 val_AccPaper=0.6832
[18:55:03] fold2 ep 037 tr=0.2903 va=0.9568 val_AccPaper=0.6870
[18:55:05] fold2 ep 038 tr=0.3039 va=0.9857 val_AccPaper=0.6870
[18:55:06] fold2 ep 039 tr=0.2924 va=1.0384 val_AccPaper=0.6603
[18:55:08] fold2 ep 040 tr=0.2986 va=1.0302 val_AccPaper=0.6832
[18:55:10] fold2 ep 041 tr=0.2935 va=0.9891 val_AccPaper=0.6679
[18:55:11] fold2 ep 042 tr=0.2850 va=0.9859 val_AccPaper=0.6908
[18:55:11]   early stop @ ep 42
[18:55:13] [S7] three fold3 ft_tr=16702 ft_va=4112 eval=21730
[18:55:15] fold3 ep 001 tr=0.8337 va=0.8798 val_AccPaper=0.6336
[18:55:17] fold3 ep 002 tr=0.6667 va=0.8416 val_AccPaper=0.6718
[18:55:18] fold3 ep 003 tr=0.6018 va=0.8598 val_AccPaper=0.6489
[18:55:20] fold3 ep 004 tr=0.5578 va=0.8091 val_AccPaper=0.6679
[18:55:21] fold3 ep 005 tr=0.5243 va=0.8205 val_AccPaper=0.6756
[18:55:23] fold3 ep 006 tr=0.4999 va=0.8330 val_AccPaper=0.6794
[18:55:26] fold3 ep 007 tr=0.4679 va=0.8309 val_AccPaper=0.6756
[18:55:29] fold3 ep 008 tr=0.4647 va=0.8373 val_AccPaper=0.6832
[18:55:32] fold3 ep 009 tr=0.4453 va=0.8190 val_AccPaper=0.7061
[18:55:34] fold3 ep 010 tr=0.4312 va=0.8288 val_AccPaper=0.6870
[18:55:37] fold3 ep 011 tr=0.4168 va=0.8480 val_AccPaper=0.6985
[18:55:40] fold3 ep 012 tr=0.4063 va=0.8365 val_AccPaper=0.6908
[18:55:43] fold3 ep 013 tr=0.3928 va=0.8357 val_AccPaper=0.7023
[18:55:46] fold3 ep 014 tr=0.3854 va=0.8670 val_AccPaper=0.6641
[18:55:49] fold3 ep 015 tr=0.3780 va=0.8603 val_AccPaper=0.7023
[18:55:52] fold3 ep 016 tr=0.3674 va=0.8787 val_AccPaper=0.6870
[18:55:54] fold3 ep 017 tr=0.3695 va=0.8769 val_AccPaper=0.6908
[18:55:57] fold3 ep 018 tr=0.3611 va=0.8991 val_AccPaper=0.6794
[18:56:00] fold3 ep 019 tr=0.3541 va=0.9082 val_AccPaper=0.6947
[18:56:03] fold3 ep 020 tr=0.3477 va=0.9358 val_AccPaper=0.6947
[18:56:06] fold3 ep 021 tr=0.3414 va=0.9159 val_AccPaper=0.6832
[18:56:08] fold3 ep 022 tr=0.3345 va=0.9574 val_AccPaper=0.6794
[18:56:11] fold3 ep 023 tr=0.3292 va=0.9094 val_AccPaper=0.6870
[18:56:14] fold3 ep 024 tr=0.3194 va=0.9654 val_AccPaper=0.6794
[18:56:17] fold3 ep 025 tr=0.3351 va=0.9371 val_AccPaper=0.6985
[18:56:20] fold3 ep 026 tr=0.3204 va=0.9252 val_AccPaper=0.7176
[18:56:23] fold3 ep 027 tr=0.3237 va=0.9746 val_AccPaper=0.6679
[18:56:25] fold3 ep 028 tr=0.3210 va=0.9522 val_AccPaper=0.6908
[18:56:28] fold3 ep 029 tr=0.3147 va=1.0005 val_AccPaper=0.6908
[18:56:31] fold3 ep 030 tr=0.3162 va=0.9897 val_AccPaper=0.6718
[18:56:34] fold3 ep 031 tr=0.3070 va=1.0079 val_AccPaper=0.6718
[18:56:37] fold3 ep 032 tr=0.2955 va=1.0405 val_AccPaper=0.6908
[18:56:40] fold3 ep 033 tr=0.3077 va=1.0083 val_AccPaper=0.7023
[18:56:43] fold3 ep 034 tr=0.3013 va=1.0550 val_AccPaper=0.6794
[18:56:45] fold3 ep 035 tr=0.2992 va=1.0062 val_AccPaper=0.7099
[18:56:48] fold3 ep 036 tr=0.2959 va=1.0229 val_AccPaper=0.6794
[18:56:51] fold3 ep 037 tr=0.2927 va=1.0599 val_AccPaper=0.6679
[18:56:54] fold3 ep 038 tr=0.2888 va=1.0659 val_AccPaper=0.6718
[18:56:57] fold3 ep 039 tr=0.2850 va=1.0101 val_AccPaper=0.7023
[18:57:00] fold3 ep 040 tr=0.2897 va=1.0201 val_AccPaper=0.6908
[18:57:02] fold3 ep 041 tr=0.2893 va=1.0004 val_AccPaper=0.6756
[18:57:05] fold3 ep 042 tr=0.2738 va=1.0661 val_AccPaper=0.6794
[18:57:08] fold3 ep 043 tr=0.2797 va=1.0760 val_AccPaper=0.6756
[18:57:11] fold3 ep 044 tr=0.2708 va=1.1066 val_AccPaper=0.6679
[18:57:14] fold3 ep 045 tr=0.2730 va=1.0757 val_AccPaper=0.6832
[18:57:17] fold3 ep 046 tr=0.2651 va=1.0578 val_AccPaper=0.6870
[18:57:17]   early stop @ ep 46
[18:57:20] [S7] three fold4 ft_tr=16702 ft_va=4112 eval=21730
[18:57:23] fold4 ep 001 tr=0.8562 va=0.8924 val_AccPaper=0.6336
[18:57:26] fold4 ep 002 tr=0.6769 va=0.8339 val_AccPaper=0.6412
[18:57:29] fold4 ep 003 tr=0.6027 va=0.8243 val_AccPaper=0.6718
[18:57:32] fold4 ep 004 tr=0.5550 va=0.8000 val_AccPaper=0.6756
[18:57:35] fold4 ep 005 tr=0.5208 va=0.8062 val_AccPaper=0.6908
[18:57:38] fold4 ep 006 tr=0.5020 va=0.8056 val_AccPaper=0.6947
[18:57:40] fold4 ep 007 tr=0.4803 va=0.8197 val_AccPaper=0.6870
[18:57:43] fold4 ep 008 tr=0.4588 va=0.8268 val_AccPaper=0.6908
[18:57:46] fold4 ep 009 tr=0.4367 va=0.8054 val_AccPaper=0.6908
[18:57:49] fold4 ep 010 tr=0.4297 va=0.8145 val_AccPaper=0.7023
[18:57:52] fold4 ep 011 tr=0.4188 va=0.8370 val_AccPaper=0.6756
[18:57:55] fold4 ep 012 tr=0.4054 va=0.8523 val_AccPaper=0.6603
[18:57:57] fold4 ep 013 tr=0.3917 va=0.8372 val_AccPaper=0.6832
[18:58:00] fold4 ep 014 tr=0.3775 va=0.8584 val_AccPaper=0.6756
[18:58:03] fold4 ep 015 tr=0.3770 va=0.8409 val_AccPaper=0.7061
[18:58:06] fold4 ep 016 tr=0.3577 va=0.8674 val_AccPaper=0.6832
[18:58:09] fold4 ep 017 tr=0.3607 va=0.8465 val_AccPaper=0.6718
[18:58:12] fold4 ep 018 tr=0.3473 va=0.8861 val_AccPaper=0.6641
[18:58:15] fold4 ep 019 tr=0.3530 va=0.8745 val_AccPaper=0.6832
[18:58:18] fold4 ep 020 tr=0.3402 va=0.8921 val_AccPaper=0.6832
[18:58:21] fold4 ep 021 tr=0.3372 va=0.9279 val_AccPaper=0.6718
[18:58:24] fold4 ep 022 tr=0.3306 va=0.9136 val_AccPaper=0.6679
[18:58:26] fold4 ep 023 tr=0.3222 va=0.9392 val_AccPaper=0.6527
[18:58:29] fold4 ep 024 tr=0.3221 va=0.9264 val_AccPaper=0.6565
[18:58:32] fold4 ep 025 tr=0.3203 va=0.9057 val_AccPaper=0.6947
[18:58:35] fold4 ep 026 tr=0.3109 va=0.9195 val_AccPaper=0.6908
[18:58:38] fold4 ep 027 tr=0.3124 va=0.9339 val_AccPaper=0.6603
[18:58:41] fold4 ep 028 tr=0.3120 va=0.9515 val_AccPaper=0.6641
[18:58:44] fold4 ep 029 tr=0.3062 va=1.0014 val_AccPaper=0.6565
[18:58:47] fold4 ep 030 tr=0.2970 va=0.9371 val_AccPaper=0.6527
[18:58:50] fold4 ep 031 tr=0.3027 va=0.9355 val_AccPaper=0.6527
[18:58:52] fold4 ep 032 tr=0.2870 va=0.9728 val_AccPaper=0.6641
[18:58:55] fold4 ep 033 tr=0.2895 va=0.9229 val_AccPaper=0.6679
[18:58:58] fold4 ep 034 tr=0.2969 va=0.9508 val_AccPaper=0.6450
[18:59:01] fold4 ep 035 tr=0.2766 va=0.9558 val_AccPaper=0.6565
[18:59:01]   early stop @ ep 35
[18:59:06] === S8 cues=1119 train=559 eval=560 ===
[18:59:07] [S8] task fold0 ft_tr=13912 ft_va=3592 eval=17106
[18:59:10] fold0 ep 001 tr=0.3802 va=0.2775 val_AccPaper=0.9107
[18:59:12] fold0 ep 002 tr=0.2406 va=0.2571 val_AccPaper=0.9241
[18:59:15] fold0 ep 003 tr=0.1994 va=0.2479 val_AccPaper=0.9152
[18:59:17] fold0 ep 004 tr=0.1750 va=0.2339 val_AccPaper=0.9286
[18:59:19] fold0 ep 005 tr=0.1542 va=0.2280 val_AccPaper=0.9330
[18:59:22] fold0 ep 006 tr=0.1500 va=0.2278 val_AccPaper=0.9286
[18:59:24] fold0 ep 007 tr=0.1335 va=0.2166 val_AccPaper=0.9330
[18:59:27] fold0 ep 008 tr=0.1276 va=0.2264 val_AccPaper=0.9286
[18:59:29] fold0 ep 009 tr=0.1174 va=0.2288 val_AccPaper=0.9286
[18:59:31] fold0 ep 010 tr=0.1093 va=0.2320 val_AccPaper=0.9420
[18:59:34] fold0 ep 011 tr=0.1051 va=0.2217 val_AccPaper=0.9062
[18:59:36] fold0 ep 012 tr=0.1020 va=0.2370 val_AccPaper=0.9286
[18:59:38] fold0 ep 013 tr=0.0988 va=0.2363 val_AccPaper=0.9152
[18:59:41] fold0 ep 014 tr=0.0952 va=0.2484 val_AccPaper=0.9107
[18:59:43] fold0 ep 015 tr=0.0879 va=0.2177 val_AccPaper=0.9286
[18:59:46] fold0 ep 016 tr=0.0867 va=0.2289 val_AccPaper=0.9330
[18:59:48] fold0 ep 017 tr=0.0826 va=0.2482 val_AccPaper=0.9196
[18:59:50] fold0 ep 018 tr=0.0780 va=0.2340 val_AccPaper=0.9286
[18:59:53] fold0 ep 019 tr=0.0772 va=0.2633 val_AccPaper=0.9286
[18:59:55] fold0 ep 020 tr=0.0739 va=0.2373 val_AccPaper=0.9375
[18:59:57] fold0 ep 021 tr=0.0689 va=0.2716 val_AccPaper=0.9196
[19:00:00] fold0 ep 022 tr=0.0690 va=0.2641 val_AccPaper=0.9152
[19:00:02] fold0 ep 023 tr=0.0682 va=0.2631 val_AccPaper=0.9196
[19:00:05] fold0 ep 024 tr=0.0651 va=0.2798 val_AccPaper=0.9152
[19:00:07] fold0 ep 025 tr=0.0655 va=0.2615 val_AccPaper=0.9152
[19:00:09] fold0 ep 026 tr=0.0623 va=0.2796 val_AccPaper=0.9152
[19:00:12] fold0 ep 027 tr=0.0612 va=0.2779 val_AccPaper=0.9196
[19:00:14] fold0 ep 028 tr=0.0596 va=0.2982 val_AccPaper=0.9286
[19:00:17] fold0 ep 029 tr=0.0572 va=0.2620 val_AccPaper=0.9107
[19:00:19] fold0 ep 030 tr=0.0600 va=0.2456 val_AccPaper=0.9241
[19:00:19]   early stop @ ep 30
[19:00:22] [S8] task fold1 ft_tr=13912 ft_va=3592 eval=17106
[19:00:24] fold1 ep 001 tr=0.3751 va=0.2980 val_AccPaper=0.8661
[19:00:27] fold1 ep 002 tr=0.2339 va=0.2600 val_AccPaper=0.9196
[19:00:29] fold1 ep 003 tr=0.1992 va=0.2544 val_AccPaper=0.9018
[19:00:31] fold1 ep 004 tr=0.1731 va=0.2383 val_AccPaper=0.9196
[19:00:34] fold1 ep 005 tr=0.1520 va=0.2257 val_AccPaper=0.9152
[19:00:36] fold1 ep 006 tr=0.1447 va=0.2244 val_AccPaper=0.9420
[19:00:39] fold1 ep 007 tr=0.1394 va=0.2271 val_AccPaper=0.9509
[19:00:41] fold1 ep 008 tr=0.1264 va=0.2183 val_AccPaper=0.9330
[19:00:43] fold1 ep 009 tr=0.1185 va=0.2233 val_AccPaper=0.9330
[19:00:46] fold1 ep 010 tr=0.1087 va=0.2564 val_AccPaper=0.8973
[19:00:48] fold1 ep 011 tr=0.1036 va=0.2413 val_AccPaper=0.9152
[19:00:51] fold1 ep 012 tr=0.0999 va=0.2453 val_AccPaper=0.9152
[19:00:53] fold1 ep 013 tr=0.0957 va=0.2337 val_AccPaper=0.9330
[19:00:55] fold1 ep 014 tr=0.0957 va=0.2462 val_AccPaper=0.9286
[19:00:58] fold1 ep 015 tr=0.0865 va=0.2437 val_AccPaper=0.9196
[19:01:00] fold1 ep 016 tr=0.0919 va=0.2541 val_AccPaper=0.9018
[19:01:03] fold1 ep 017 tr=0.0777 va=0.2524 val_AccPaper=0.9286
[19:01:05] fold1 ep 018 tr=0.0804 va=0.2584 val_AccPaper=0.9107
[19:01:07] fold1 ep 019 tr=0.0745 va=0.2730 val_AccPaper=0.9196
[19:01:10] fold1 ep 020 tr=0.0743 va=0.2587 val_AccPaper=0.9152
[19:01:12] fold1 ep 021 tr=0.0707 va=0.2741 val_AccPaper=0.8973
[19:01:14] fold1 ep 022 tr=0.0752 va=0.2631 val_AccPaper=0.9062
[19:01:17] fold1 ep 023 tr=0.0685 va=0.3069 val_AccPaper=0.9152
[19:01:19] fold1 ep 024 tr=0.0669 va=0.2601 val_AccPaper=0.9241
[19:01:21] fold1 ep 025 tr=0.0663 va=0.2729 val_AccPaper=0.9062
[19:01:24] fold1 ep 026 tr=0.0581 va=0.2625 val_AccPaper=0.9152
[19:01:26] fold1 ep 027 tr=0.0597 va=0.3026 val_AccPaper=0.9241
[19:01:26]   early stop @ ep 27
[19:01:29] [S8] task fold2 ft_tr=13912 ft_va=3592 eval=17106
[19:01:31] fold2 ep 001 tr=0.3748 va=0.3235 val_AccPaper=0.9018
[19:01:34] fold2 ep 002 tr=0.2304 va=0.2729 val_AccPaper=0.9107
[19:01:36] fold2 ep 003 tr=0.1927 va=0.2588 val_AccPaper=0.9286
[19:01:39] fold2 ep 004 tr=0.1678 va=0.2451 val_AccPaper=0.9241
[19:01:41] fold2 ep 005 tr=0.1583 va=0.2250 val_AccPaper=0.9330
[19:01:44] fold2 ep 006 tr=0.1439 va=0.2367 val_AccPaper=0.9286
[19:01:46] fold2 ep 007 tr=0.1347 va=0.2261 val_AccPaper=0.9420
[19:01:49] fold2 ep 008 tr=0.1237 va=0.2203 val_AccPaper=0.9330
[19:01:51] fold2 ep 009 tr=0.1144 va=0.2266 val_AccPaper=0.9464
[19:01:53] fold2 ep 010 tr=0.1103 va=0.2370 val_AccPaper=0.9420
[19:01:56] fold2 ep 011 tr=0.0973 va=0.2335 val_AccPaper=0.9420
[19:01:58] fold2 ep 012 tr=0.0933 va=0.2462 val_AccPaper=0.9420
[19:02:00] fold2 ep 013 tr=0.0919 va=0.2563 val_AccPaper=0.9420
[19:02:03] fold2 ep 014 tr=0.0885 va=0.2760 val_AccPaper=0.9330
[19:02:05] fold2 ep 015 tr=0.0788 va=0.2348 val_AccPaper=0.9554
[19:02:07] fold2 ep 016 tr=0.0820 va=0.2453 val_AccPaper=0.9420
[19:02:10] fold2 ep 017 tr=0.0748 va=0.2541 val_AccPaper=0.9375
[19:02:12] fold2 ep 018 tr=0.0747 va=0.2486 val_AccPaper=0.9196
[19:02:15] fold2 ep 019 tr=0.0703 va=0.2671 val_AccPaper=0.9286
[19:02:17] fold2 ep 020 tr=0.0720 va=0.2472 val_AccPaper=0.9286
[19:02:19] fold2 ep 021 tr=0.0735 va=0.2766 val_AccPaper=0.9330
[19:02:22] fold2 ep 022 tr=0.0665 va=0.2515 val_AccPaper=0.9420
[19:02:24] fold2 ep 023 tr=0.0629 va=0.2647 val_AccPaper=0.9375
[19:02:27] fold2 ep 024 tr=0.0636 va=0.2766 val_AccPaper=0.9330
[19:02:29] fold2 ep 025 tr=0.0605 va=0.2670 val_AccPaper=0.9330
[19:02:31] fold2 ep 026 tr=0.0589 va=0.2719 val_AccPaper=0.9420
[19:02:34] fold2 ep 027 tr=0.0595 va=0.2746 val_AccPaper=0.9241
[19:02:36] fold2 ep 028 tr=0.0581 va=0.2847 val_AccPaper=0.9330
[19:02:39] fold2 ep 029 tr=0.0588 va=0.2918 val_AccPaper=0.9286
[19:02:41] fold2 ep 030 tr=0.0530 va=0.2915 val_AccPaper=0.9464
[19:02:43] fold2 ep 031 tr=0.0522 va=0.2899 val_AccPaper=0.9509
[19:02:46] fold2 ep 032 tr=0.0488 va=0.2923 val_AccPaper=0.9375
[19:02:48] fold2 ep 033 tr=0.0525 va=0.2916 val_AccPaper=0.9286
[19:02:51] fold2 ep 034 tr=0.0483 va=0.2850 val_AccPaper=0.9509
[19:02:53] fold2 ep 035 tr=0.0504 va=0.2737 val_AccPaper=0.9464
[19:02:53]   early stop @ ep 35
[19:02:56] [S8] task fold3 ft_tr=13912 ft_va=3592 eval=17106
[19:02:58] fold3 ep 001 tr=0.3876 va=0.3560 val_AccPaper=0.9062
[19:03:01] fold3 ep 002 tr=0.2461 va=0.2961 val_AccPaper=0.9107
[19:03:03] fold3 ep 003 tr=0.2001 va=0.2768 val_AccPaper=0.9241
[19:03:05] fold3 ep 004 tr=0.1824 va=0.2595 val_AccPaper=0.9286
[19:03:08] fold3 ep 005 tr=0.1642 va=0.2539 val_AccPaper=0.9241
[19:03:10] fold3 ep 006 tr=0.1483 va=0.2494 val_AccPaper=0.9375
[19:03:13] fold3 ep 007 tr=0.1404 va=0.2565 val_AccPaper=0.9196
[19:03:15] fold3 ep 008 tr=0.1303 va=0.2559 val_AccPaper=0.9152
[19:03:18] fold3 ep 009 tr=0.1183 va=0.2744 val_AccPaper=0.9286
[19:03:20] fold3 ep 010 tr=0.1138 va=0.2564 val_AccPaper=0.9107
[19:03:22] fold3 ep 011 tr=0.1046 va=0.2543 val_AccPaper=0.9196
[19:03:25] fold3 ep 012 tr=0.0992 va=0.2636 val_AccPaper=0.9330
[19:03:27] fold3 ep 013 tr=0.0927 va=0.2776 val_AccPaper=0.9152
[19:03:30] fold3 ep 014 tr=0.0880 va=0.2628 val_AccPaper=0.9286
[19:03:32] fold3 ep 015 tr=0.0864 va=0.2752 val_AccPaper=0.9241
[19:03:35] fold3 ep 016 tr=0.0846 va=0.2802 val_AccPaper=0.9420
[19:03:37] fold3 ep 017 tr=0.0812 va=0.2845 val_AccPaper=0.9152
[19:03:39] fold3 ep 018 tr=0.0807 va=0.2883 val_AccPaper=0.9241
[19:03:42] fold3 ep 019 tr=0.0764 va=0.2683 val_AccPaper=0.9152
[19:03:44] fold3 ep 020 tr=0.0743 va=0.2707 val_AccPaper=0.9375
[19:03:45] fold3 ep 021 tr=0.0679 va=0.2958 val_AccPaper=0.9107
[19:03:47] fold3 ep 022 tr=0.0674 va=0.3096 val_AccPaper=0.9330
[19:03:48] fold3 ep 023 tr=0.0721 va=0.2666 val_AccPaper=0.9375
[19:03:49] fold3 ep 024 tr=0.0651 va=0.2919 val_AccPaper=0.9241
[19:03:51] fold3 ep 025 tr=0.0616 va=0.2697 val_AccPaper=0.9375
[19:03:52] fold3 ep 026 tr=0.0645 va=0.2872 val_AccPaper=0.9286
[19:03:53] fold3 ep 027 tr=0.0628 va=0.2855 val_AccPaper=0.9241
[19:03:54] fold3 ep 028 tr=0.0598 va=0.2711 val_AccPaper=0.9420
[19:03:56] fold3 ep 029 tr=0.0577 va=0.3073 val_AccPaper=0.9107
[19:03:57] fold3 ep 030 tr=0.0549 va=0.3181 val_AccPaper=0.9152
[19:03:58] fold3 ep 031 tr=0.0590 va=0.2988 val_AccPaper=0.9464
[19:03:59] fold3 ep 032 tr=0.0586 va=0.3081 val_AccPaper=0.9375
[19:04:01] fold3 ep 033 tr=0.0551 va=0.3054 val_AccPaper=0.9241
[19:04:02] fold3 ep 034 tr=0.0539 va=0.2920 val_AccPaper=0.9286
[19:04:03] fold3 ep 035 tr=0.0569 va=0.3118 val_AccPaper=0.9375
[19:04:05] fold3 ep 036 tr=0.0540 va=0.3252 val_AccPaper=0.9286
[19:04:06] fold3 ep 037 tr=0.0510 va=0.3056 val_AccPaper=0.9241
[19:04:07] fold3 ep 038 tr=0.0542 va=0.3353 val_AccPaper=0.9196
[19:04:08] fold3 ep 039 tr=0.0484 va=0.2944 val_AccPaper=0.9464
[19:04:10] fold3 ep 040 tr=0.0489 va=0.3530 val_AccPaper=0.9241
[19:04:11] fold3 ep 041 tr=0.0476 va=0.3356 val_AccPaper=0.9241
[19:04:13] fold3 ep 042 tr=0.0468 va=0.3380 val_AccPaper=0.9241
[19:04:15] fold3 ep 043 tr=0.0479 va=0.3895 val_AccPaper=0.9152
[19:04:16] fold3 ep 044 tr=0.0478 va=0.3452 val_AccPaper=0.9196
[19:04:18] fold3 ep 045 tr=0.0512 va=0.3691 val_AccPaper=0.9196
[19:04:20] fold3 ep 046 tr=0.0440 va=0.3570 val_AccPaper=0.9330
[19:04:21] fold3 ep 047 tr=0.0489 va=0.3478 val_AccPaper=0.9241
[19:04:23] fold3 ep 048 tr=0.0448 va=0.3338 val_AccPaper=0.9330
[19:04:25] fold3 ep 049 tr=0.0489 va=0.3340 val_AccPaper=0.9286
[19:04:26] fold3 ep 050 tr=0.0458 va=0.3327 val_AccPaper=0.9375
[19:04:28] fold3 ep 051 tr=0.0413 va=0.3435 val_AccPaper=0.9196
[19:04:28]   early stop @ ep 51
[19:04:30] [S8] task fold4 ft_tr=13912 ft_va=3592 eval=17106
[19:04:32] fold4 ep 001 tr=0.4046 va=0.3111 val_AccPaper=0.8973
[19:04:33] fold4 ep 002 tr=0.2438 va=0.2742 val_AccPaper=0.9107
[19:04:35] fold4 ep 003 tr=0.1939 va=0.2915 val_AccPaper=0.9107
[19:04:37] fold4 ep 004 tr=0.1729 va=0.2711 val_AccPaper=0.9196
[19:04:38] fold4 ep 005 tr=0.1531 va=0.2451 val_AccPaper=0.9286
[19:04:40] fold4 ep 006 tr=0.1482 va=0.2438 val_AccPaper=0.9420
[19:04:42] fold4 ep 007 tr=0.1315 va=0.2559 val_AccPaper=0.9286
[19:04:43] fold4 ep 008 tr=0.1233 va=0.2570 val_AccPaper=0.9152
[19:04:45] fold4 ep 009 tr=0.1172 va=0.2544 val_AccPaper=0.9330
[19:04:47] fold4 ep 010 tr=0.1063 va=0.2461 val_AccPaper=0.9196
[19:04:48] fold4 ep 011 tr=0.1033 va=0.2498 val_AccPaper=0.9286
[19:04:50] fold4 ep 012 tr=0.0968 va=0.2487 val_AccPaper=0.9420
[19:04:52] fold4 ep 013 tr=0.0956 va=0.2482 val_AccPaper=0.9330
[19:04:54] fold4 ep 014 tr=0.0903 va=0.2445 val_AccPaper=0.9241
[19:04:55] fold4 ep 015 tr=0.0854 va=0.2589 val_AccPaper=0.9241
[19:04:57] fold4 ep 016 tr=0.0837 va=0.2812 val_AccPaper=0.9286
[19:04:59] fold4 ep 017 tr=0.0821 va=0.3146 val_AccPaper=0.9196
[19:05:00] fold4 ep 018 tr=0.0793 va=0.2910 val_AccPaper=0.9330
[19:05:02] fold4 ep 019 tr=0.0787 va=0.2760 val_AccPaper=0.9196
[19:05:04] fold4 ep 020 tr=0.0752 va=0.2858 val_AccPaper=0.9107
[19:05:05] fold4 ep 021 tr=0.0746 va=0.2786 val_AccPaper=0.9375
[19:05:07] fold4 ep 022 tr=0.0710 va=0.2666 val_AccPaper=0.9375
[19:05:09] fold4 ep 023 tr=0.0707 va=0.2869 val_AccPaper=0.9375
[19:05:10] fold4 ep 024 tr=0.0639 va=0.2790 val_AccPaper=0.9420
[19:05:12] fold4 ep 025 tr=0.0664 va=0.2865 val_AccPaper=0.9464
[19:05:14] fold4 ep 026 tr=0.0652 va=0.2808 val_AccPaper=0.9375
[19:05:16] fold4 ep 027 tr=0.0594 va=0.2806 val_AccPaper=0.9375
[19:05:18] fold4 ep 028 tr=0.0578 va=0.2862 val_AccPaper=0.9375
[19:05:20] fold4 ep 029 tr=0.0578 va=0.2890 val_AccPaper=0.9286
[19:05:22] fold4 ep 030 tr=0.0577 va=0.2680 val_AccPaper=0.9152
[19:05:24] fold4 ep 031 tr=0.0555 va=0.2855 val_AccPaper=0.9330
[19:05:26] fold4 ep 032 tr=0.0524 va=0.2907 val_AccPaper=0.9509
[19:05:28] fold4 ep 033 tr=0.0560 va=0.2854 val_AccPaper=0.9420
[19:05:30] fold4 ep 034 tr=0.0547 va=0.3165 val_AccPaper=0.9062
[19:05:31] fold4 ep 035 tr=0.0531 va=0.2994 val_AccPaper=0.9464
[19:05:33] fold4 ep 036 tr=0.0508 va=0.3149 val_AccPaper=0.9375
[19:05:35] fold4 ep 037 tr=0.0509 va=0.3080 val_AccPaper=0.9464
[19:05:37] fold4 ep 038 tr=0.0494 va=0.3264 val_AccPaper=0.9464
[19:05:39] fold4 ep 039 tr=0.0519 va=0.3061 val_AccPaper=0.9509
[19:05:41] fold4 ep 040 tr=0.0472 va=0.3047 val_AccPaper=0.9420
[19:05:43] fold4 ep 041 tr=0.0507 va=0.3072 val_AccPaper=0.9464
[19:05:44] fold4 ep 042 tr=0.0468 va=0.3189 val_AccPaper=0.9375
[19:05:47] fold4 ep 043 tr=0.0488 va=0.3109 val_AccPaper=0.9464
[19:05:49] fold4 ep 044 tr=0.0439 va=0.3577 val_AccPaper=0.9286
[19:05:51] fold4 ep 045 tr=0.0462 va=0.3251 val_AccPaper=0.9375
[19:05:53] fold4 ep 046 tr=0.0489 va=0.3160 val_AccPaper=0.9509
[19:05:56] fold4 ep 047 tr=0.0443 va=0.3102 val_AccPaper=0.9330
[19:05:58] fold4 ep 048 tr=0.0444 va=0.3145 val_AccPaper=0.9330
[19:06:00] fold4 ep 049 tr=0.0450 va=0.3030 val_AccPaper=0.9330
[19:06:02] fold4 ep 050 tr=0.0425 va=0.3020 val_AccPaper=0.9375
[19:06:04] fold4 ep 051 tr=0.0495 va=0.3650 val_AccPaper=0.9420
[19:06:05] fold4 ep 052 tr=0.0433 va=0.3393 val_AccPaper=0.9330
[19:06:05]   early stop @ ep 52
[19:06:08] [S8] three fold0 ft_tr=13912 ft_va=3592 eval=17106
[19:06:10] fold0 ep 001 tr=0.7020 va=0.6124 val_AccPaper=0.7455
[19:06:12] fold0 ep 002 tr=0.5164 va=0.5706 val_AccPaper=0.7902
[19:06:14] fold0 ep 003 tr=0.4431 va=0.5730 val_AccPaper=0.8080
[19:06:16] fold0 ep 004 tr=0.4061 va=0.5357 val_AccPaper=0.8080
[19:06:18] fold0 ep 005 tr=0.3706 va=0.5293 val_AccPaper=0.8080
[19:06:20] fold0 ep 006 tr=0.3438 va=0.5509 val_AccPaper=0.7946
[19:06:22] fold0 ep 007 tr=0.3154 va=0.5517 val_AccPaper=0.8036
[19:06:24] fold0 ep 008 tr=0.3105 va=0.5524 val_AccPaper=0.7991
[19:06:26] fold0 ep 009 tr=0.2850 va=0.5688 val_AccPaper=0.7991
[19:06:28] fold0 ep 010 tr=0.2684 va=0.5787 val_AccPaper=0.7812
[19:06:30] fold0 ep 011 tr=0.2670 va=0.5664 val_AccPaper=0.8080
[19:06:31] fold0 ep 012 tr=0.2533 va=0.6050 val_AccPaper=0.7812
[19:06:33] fold0 ep 013 tr=0.2398 va=0.6095 val_AccPaper=0.7991
[19:06:35] fold0 ep 014 tr=0.2347 va=0.5992 val_AccPaper=0.7946
[19:06:37] fold0 ep 015 tr=0.2277 va=0.6186 val_AccPaper=0.7946
[19:06:39] fold0 ep 016 tr=0.2116 va=0.6002 val_AccPaper=0.8080
[19:06:41] fold0 ep 017 tr=0.2135 va=0.6409 val_AccPaper=0.7768
[19:06:43] fold0 ep 018 tr=0.2003 va=0.6584 val_AccPaper=0.7723
[19:06:45] fold0 ep 019 tr=0.1942 va=0.6529 val_AccPaper=0.7545
[19:06:47] fold0 ep 020 tr=0.1895 va=0.6529 val_AccPaper=0.7902
[19:06:48] fold0 ep 021 tr=0.1903 va=0.6659 val_AccPaper=0.7679
[19:06:50] fold0 ep 022 tr=0.1871 va=0.6802 val_AccPaper=0.7857
[19:06:52] fold0 ep 023 tr=0.1811 va=0.6988 val_AccPaper=0.7812
[19:06:52]   early stop @ ep 23
[19:06:55] [S8] three fold1 ft_tr=13912 ft_va=3592 eval=17106
[19:06:57] fold1 ep 001 tr=0.7022 va=0.6269 val_AccPaper=0.7946
[19:06:58] fold1 ep 002 tr=0.5364 va=0.5679 val_AccPaper=0.8080
[19:07:00] fold1 ep 003 tr=0.4698 va=0.5449 val_AccPaper=0.8393
[19:07:02] fold1 ep 004 tr=0.4275 va=0.5270 val_AccPaper=0.8080
[19:07:04] fold1 ep 005 tr=0.3958 va=0.5699 val_AccPaper=0.8170
[19:07:06] fold1 ep 006 tr=0.3793 va=0.5899 val_AccPaper=0.7857
[19:07:08] fold1 ep 007 tr=0.3535 va=0.5965 val_AccPaper=0.7991
[19:07:10] fold1 ep 008 tr=0.3303 va=0.5867 val_AccPaper=0.7946
[19:07:12] fold1 ep 009 tr=0.3264 va=0.5817 val_AccPaper=0.8080
[19:07:14] fold1 ep 010 tr=0.3029 va=0.5930 val_AccPaper=0.7902
[19:07:15] fold1 ep 011 tr=0.2856 va=0.6137 val_AccPaper=0.7812
[19:07:17] fold1 ep 012 tr=0.2838 va=0.6344 val_AccPaper=0.7634
[19:07:19] fold1 ep 013 tr=0.2722 va=0.6431 val_AccPaper=0.7902
[19:07:21] fold1 ep 014 tr=0.2614 va=0.6534 val_AccPaper=0.7857
[19:07:23] fold1 ep 015 tr=0.2451 va=0.6649 val_AccPaper=0.7857
[19:07:25] fold1 ep 016 tr=0.2446 va=0.6674 val_AccPaper=0.8080
[19:07:27] fold1 ep 017 tr=0.2300 va=0.6778 val_AccPaper=0.7902
[19:07:29] fold1 ep 018 tr=0.2214 va=0.6648 val_AccPaper=0.8080
[19:07:30] fold1 ep 019 tr=0.2200 va=0.6546 val_AccPaper=0.7857
[19:07:32] fold1 ep 020 tr=0.2151 va=0.7216 val_AccPaper=0.7857
[19:07:34] fold1 ep 021 tr=0.2056 va=0.6886 val_AccPaper=0.7679
[19:07:36] fold1 ep 022 tr=0.1988 va=0.6745 val_AccPaper=0.8036
[19:07:38] fold1 ep 023 tr=0.2020 va=0.6971 val_AccPaper=0.7723
[19:07:38]   early stop @ ep 23
[19:07:40] [S8] three fold2 ft_tr=13912 ft_va=3592 eval=17106
[19:07:43] fold2 ep 001 tr=0.7002 va=0.6057 val_AccPaper=0.7857
[19:07:45] fold2 ep 002 tr=0.5258 va=0.5739 val_AccPaper=0.7812
[19:07:48] fold2 ep 003 tr=0.4796 va=0.5874 val_AccPaper=0.7991
[19:07:51] fold2 ep 004 tr=0.4296 va=0.5757 val_AccPaper=0.8036
[19:07:53] fold2 ep 005 tr=0.4038 va=0.6012 val_AccPaper=0.7902
[19:07:56] fold2 ep 006 tr=0.3727 va=0.5695 val_AccPaper=0.8080
[19:07:58] fold2 ep 007 tr=0.3472 va=0.5565 val_AccPaper=0.8125
[19:08:01] fold2 ep 008 tr=0.3345 va=0.5637 val_AccPaper=0.7991
[19:08:03] fold2 ep 009 tr=0.3148 va=0.5798 val_AccPaper=0.8170
[19:08:06] fold2 ep 010 tr=0.2936 va=0.5815 val_AccPaper=0.8170
[19:08:09] fold2 ep 011 tr=0.2806 va=0.5556 val_AccPaper=0.8036
[19:08:11] fold2 ep 012 tr=0.2655 va=0.6260 val_AccPaper=0.7946
[19:08:14] fold2 ep 013 tr=0.2565 va=0.5837 val_AccPaper=0.7991
[19:08:16] fold2 ep 014 tr=0.2523 va=0.5949 val_AccPaper=0.7812
[19:08:19] fold2 ep 015 tr=0.2370 va=0.6210 val_AccPaper=0.7946
[19:08:21] fold2 ep 016 tr=0.2402 va=0.6150 val_AccPaper=0.8080
[19:08:24] fold2 ep 017 tr=0.2285 va=0.6500 val_AccPaper=0.7902
[19:08:27] fold2 ep 018 tr=0.2192 va=0.6601 val_AccPaper=0.7902
[19:08:29] fold2 ep 019 tr=0.2202 va=0.6724 val_AccPaper=0.7812
[19:08:32] fold2 ep 020 tr=0.2100 va=0.6773 val_AccPaper=0.7946
[19:08:34] fold2 ep 021 tr=0.2060 va=0.6375 val_AccPaper=0.8170
[19:08:37] fold2 ep 022 tr=0.1980 va=0.7139 val_AccPaper=0.7902
[19:08:39] fold2 ep 023 tr=0.2047 va=0.6981 val_AccPaper=0.8036
[19:08:42] fold2 ep 024 tr=0.1957 va=0.7301 val_AccPaper=0.8080
[19:08:44] fold2 ep 025 tr=0.1928 va=0.6656 val_AccPaper=0.7902
[19:08:47] fold2 ep 026 tr=0.1830 va=0.7373 val_AccPaper=0.7768
[19:08:49] fold2 ep 027 tr=0.1817 va=0.7234 val_AccPaper=0.7768
[19:08:51] fold2 ep 028 tr=0.1819 va=0.6632 val_AccPaper=0.7812
[19:08:54] fold2 ep 029 tr=0.1780 va=0.6967 val_AccPaper=0.7812
[19:08:54]   early stop @ ep 29
[19:08:57] [S8] three fold3 ft_tr=13912 ft_va=3592 eval=17106
[19:08:59] fold3 ep 001 tr=0.7140 va=0.6371 val_AccPaper=0.7723
[19:09:02] fold3 ep 002 tr=0.5451 va=0.5996 val_AccPaper=0.7857
[19:09:04] fold3 ep 003 tr=0.4805 va=0.6030 val_AccPaper=0.7812
[19:09:07] fold3 ep 004 tr=0.4342 va=0.5585 val_AccPaper=0.7902
[19:09:09] fold3 ep 005 tr=0.4031 va=0.5640 val_AccPaper=0.7902
[19:09:12] fold3 ep 006 tr=0.3825 va=0.5766 val_AccPaper=0.7768
[19:09:14] fold3 ep 007 tr=0.3504 va=0.5694 val_AccPaper=0.8125
[19:09:17] fold3 ep 008 tr=0.3348 va=0.5706 val_AccPaper=0.7946
[19:09:19] fold3 ep 009 tr=0.3135 va=0.5785 val_AccPaper=0.7812
[19:09:22] fold3 ep 010 tr=0.2919 va=0.5660 val_AccPaper=0.7991
[19:09:24] fold3 ep 011 tr=0.2835 va=0.5842 val_AccPaper=0.7857
[19:09:27] fold3 ep 012 tr=0.2654 va=0.5771 val_AccPaper=0.7991
[19:09:29] fold3 ep 013 tr=0.2610 va=0.5895 val_AccPaper=0.7946
[19:09:32] fold3 ep 014 tr=0.2500 va=0.6040 val_AccPaper=0.8125
[19:09:34] fold3 ep 015 tr=0.2432 va=0.6121 val_AccPaper=0.7768
[19:09:37] fold3 ep 016 tr=0.2359 va=0.6286 val_AccPaper=0.7902
[19:09:39] fold3 ep 017 tr=0.2305 va=0.6212 val_AccPaper=0.7812
[19:09:42] fold3 ep 018 tr=0.2210 va=0.6312 val_AccPaper=0.7812
[19:09:44] fold3 ep 019 tr=0.2177 va=0.6504 val_AccPaper=0.7857
[19:09:46] fold3 ep 020 tr=0.2086 va=0.6641 val_AccPaper=0.7902
[19:09:49] fold3 ep 021 tr=0.2053 va=0.6599 val_AccPaper=0.7946
[19:09:51] fold3 ep 022 tr=0.2016 va=0.6710 val_AccPaper=0.7679
[19:09:54] fold3 ep 023 tr=0.2036 va=0.6490 val_AccPaper=0.7902
[19:09:56] fold3 ep 024 tr=0.1853 va=0.6418 val_AccPaper=0.8125
[19:09:59] fold3 ep 025 tr=0.1823 va=0.6419 val_AccPaper=0.8036
[19:10:01] fold3 ep 026 tr=0.1834 va=0.7472 val_AccPaper=0.7723
[19:10:04] fold3 ep 027 tr=0.1724 va=0.6800 val_AccPaper=0.7991
[19:10:04]   early stop @ ep 27
[19:10:06] [S8] three fold4 ft_tr=13912 ft_va=3592 eval=17106
[19:10:09] fold4 ep 001 tr=0.7337 va=0.6196 val_AccPaper=0.7634
[19:10:11] fold4 ep 002 tr=0.5191 va=0.5697 val_AccPaper=0.7991
[19:10:14] fold4 ep 003 tr=0.4603 va=0.5504 val_AccPaper=0.8080
[19:10:16] fold4 ep 004 tr=0.4213 va=0.5396 val_AccPaper=0.8170
[19:10:19] fold4 ep 005 tr=0.3829 va=0.5323 val_AccPaper=0.8125
[19:10:21] fold4 ep 006 tr=0.3531 va=0.5520 val_AccPaper=0.7991
[19:10:24] fold4 ep 007 tr=0.3383 va=0.5637 val_AccPaper=0.7902
[19:10:26] fold4 ep 008 tr=0.3193 va=0.5467 val_AccPaper=0.7991
[19:10:29] fold4 ep 009 tr=0.3015 va=0.5760 val_AccPaper=0.7902
[19:10:31] fold4 ep 010 tr=0.2935 va=0.5772 val_AccPaper=0.7812
[19:10:34] fold4 ep 011 tr=0.2723 va=0.5747 val_AccPaper=0.7946
[19:10:36] fold4 ep 012 tr=0.2614 va=0.5885 val_AccPaper=0.7991
[19:10:39] fold4 ep 013 tr=0.2521 va=0.6195 val_AccPaper=0.7946
[19:10:41] fold4 ep 014 tr=0.2401 va=0.5673 val_AccPaper=0.7812
[19:10:43] fold4 ep 015 tr=0.2341 va=0.6049 val_AccPaper=0.7857
[19:10:46] fold4 ep 016 tr=0.2244 va=0.6355 val_AccPaper=0.7768
[19:10:48] fold4 ep 017 tr=0.2165 va=0.6379 val_AccPaper=0.7589
[19:10:51] fold4 ep 018 tr=0.2084 va=0.6165 val_AccPaper=0.7812
[19:10:53] fold4 ep 019 tr=0.2088 va=0.6387 val_AccPaper=0.7946
[19:10:56] fold4 ep 020 tr=0.1964 va=0.6759 val_AccPaper=0.7634
[19:10:58] fold4 ep 021 tr=0.2008 va=0.6500 val_AccPaper=0.7634
[19:11:01] fold4 ep 022 tr=0.1940 va=0.6720 val_AccPaper=0.7455
[19:11:03] fold4 ep 023 tr=0.1824 va=0.6931 val_AccPaper=0.7857
[19:11:06] fold4 ep 024 tr=0.1834 va=0.6834 val_AccPaper=0.7545
[19:11:06]   early stop @ ep 24
[19:11:09] === S9 cues=948 train=474 eval=474 ===
[19:11:10] [S9] task fold0 ft_tr=11704 ft_va=2966 eval=14873
[19:11:13] fold0 ep 001 tr=0.3808 va=0.4452 val_AccPaper=0.8368
[19:11:15] fold0 ep 002 tr=0.2634 va=0.4230 val_AccPaper=0.8579
[19:11:17] fold0 ep 003 tr=0.2313 va=0.4167 val_AccPaper=0.8632
[19:11:19] fold0 ep 004 tr=0.1989 va=0.4157 val_AccPaper=0.8737
[19:11:21] fold0 ep 005 tr=0.1750 va=0.4145 val_AccPaper=0.8789
[19:11:23] fold0 ep 006 tr=0.1626 va=0.4424 val_AccPaper=0.8737
[19:11:25] fold0 ep 007 tr=0.1505 va=0.4079 val_AccPaper=0.8632
[19:11:27] fold0 ep 008 tr=0.1435 va=0.4235 val_AccPaper=0.8737
[19:11:29] fold0 ep 009 tr=0.1333 va=0.4031 val_AccPaper=0.8579
[19:11:31] fold0 ep 010 tr=0.1227 va=0.4266 val_AccPaper=0.8684
[19:11:34] fold0 ep 011 tr=0.1215 va=0.4056 val_AccPaper=0.8684
[19:11:36] fold0 ep 012 tr=0.1067 va=0.4449 val_AccPaper=0.8579
[19:11:38] fold0 ep 013 tr=0.1099 va=0.4587 val_AccPaper=0.8789
[19:11:40] fold0 ep 014 tr=0.1012 va=0.4535 val_AccPaper=0.8895
[19:11:42] fold0 ep 015 tr=0.0934 va=0.4551 val_AccPaper=0.8684
[19:11:44] fold0 ep 016 tr=0.1041 va=0.5061 val_AccPaper=0.8737
[19:11:46] fold0 ep 017 tr=0.0950 va=0.4459 val_AccPaper=0.8789
[19:11:48] fold0 ep 018 tr=0.0889 va=0.4662 val_AccPaper=0.8789
[19:11:50] fold0 ep 019 tr=0.0880 va=0.4597 val_AccPaper=0.8737
[19:11:52] fold0 ep 020 tr=0.0811 va=0.4825 val_AccPaper=0.8632
[19:11:54] fold0 ep 021 tr=0.0854 va=0.4636 val_AccPaper=0.8842
[19:11:56] fold0 ep 022 tr=0.0797 va=0.4580 val_AccPaper=0.8737
[19:11:58] fold0 ep 023 tr=0.0759 va=0.4401 val_AccPaper=0.8632
[19:12:00] fold0 ep 024 tr=0.0722 va=0.4917 val_AccPaper=0.8632
[19:12:02] fold0 ep 025 tr=0.0766 va=0.5238 val_AccPaper=0.8579
[19:12:04] fold0 ep 026 tr=0.0754 va=0.4930 val_AccPaper=0.8789
[19:12:06] fold0 ep 027 tr=0.0724 va=0.5618 val_AccPaper=0.8737
[19:12:08] fold0 ep 028 tr=0.0707 va=0.5643 val_AccPaper=0.8474
[19:12:11] fold0 ep 029 tr=0.0633 va=0.4972 val_AccPaper=0.8632
[19:12:13] fold0 ep 030 tr=0.0700 va=0.4700 val_AccPaper=0.8632
[19:12:15] fold0 ep 031 tr=0.0697 va=0.4936 val_AccPaper=0.8684
[19:12:17] fold0 ep 032 tr=0.0657 va=0.5352 val_AccPaper=0.8737
[19:12:19] fold0 ep 033 tr=0.0637 va=0.5110 val_AccPaper=0.8842
[19:12:21] fold0 ep 034 tr=0.0623 va=0.5526 val_AccPaper=0.8737
[19:12:21]   early stop @ ep 34
[19:12:24] [S9] task fold1 ft_tr=11704 ft_va=2966 eval=14873
[19:12:26] fold1 ep 001 tr=0.3801 va=0.4482 val_AccPaper=0.8263
[19:12:28] fold1 ep 002 tr=0.2553 va=0.4070 val_AccPaper=0.8684
[19:12:31] fold1 ep 003 tr=0.2171 va=0.4398 val_AccPaper=0.8368
[19:12:33] fold1 ep 004 tr=0.1897 va=0.3876 val_AccPaper=0.8579
[19:12:35] fold1 ep 005 tr=0.1762 va=0.4356 val_AccPaper=0.8737
[19:12:37] fold1 ep 006 tr=0.1584 va=0.4053 val_AccPaper=0.8474
[19:12:40] fold1 ep 007 tr=0.1440 va=0.4028 val_AccPaper=0.8684
[19:12:42] fold1 ep 008 tr=0.1423 va=0.4408 val_AccPaper=0.8474
[19:12:44] fold1 ep 009 tr=0.1359 va=0.4528 val_AccPaper=0.8421
[19:12:46] fold1 ep 010 tr=0.1259 va=0.4373 val_AccPaper=0.8684
[19:12:49] fold1 ep 011 tr=0.1194 va=0.4182 val_AccPaper=0.8737
[19:12:51] fold1 ep 012 tr=0.1095 va=0.4340 val_AccPaper=0.8789
[19:12:53] fold1 ep 013 tr=0.1093 va=0.4802 val_AccPaper=0.8632
[19:12:55] fold1 ep 014 tr=0.1047 va=0.4790 val_AccPaper=0.8263
[19:12:57] fold1 ep 015 tr=0.1013 va=0.3904 val_AccPaper=0.8947
[19:12:59] fold1 ep 016 tr=0.1005 va=0.4990 val_AccPaper=0.8579
[19:13:01] fold1 ep 017 tr=0.0939 va=0.4613 val_AccPaper=0.8579
[19:13:03] fold1 ep 018 tr=0.0886 va=0.6126 val_AccPaper=0.8263
[19:13:06] fold1 ep 019 tr=0.0879 va=0.4420 val_AccPaper=0.8842
[19:13:08] fold1 ep 020 tr=0.0848 va=0.4132 val_AccPaper=0.8842
[19:13:10] fold1 ep 021 tr=0.0828 va=0.4018 val_AccPaper=0.8842
[19:13:12] fold1 ep 022 tr=0.0869 va=0.4471 val_AccPaper=0.8789
[19:13:14] fold1 ep 023 tr=0.0780 va=0.4449 val_AccPaper=0.8947
[19:13:16] fold1 ep 024 tr=0.0797 va=0.4380 val_AccPaper=0.8684
[19:13:18] fold1 ep 025 tr=0.0779 va=0.4576 val_AccPaper=0.9053
[19:13:20] fold1 ep 026 tr=0.0730 va=0.4679 val_AccPaper=0.8895
[19:13:22] fold1 ep 027 tr=0.0744 va=0.4690 val_AccPaper=0.8737
[19:13:25] fold1 ep 028 tr=0.0676 va=0.4445 val_AccPaper=0.9053
[19:13:27] fold1 ep 029 tr=0.0674 va=0.4719 val_AccPaper=0.8789
[19:13:29] fold1 ep 030 tr=0.0718 va=0.4592 val_AccPaper=0.8842
[19:13:31] fold1 ep 031 tr=0.0641 va=0.4855 val_AccPaper=0.8684
[19:13:33] fold1 ep 032 tr=0.0673 va=0.4706 val_AccPaper=0.8789
[19:13:35] fold1 ep 033 tr=0.0702 va=0.4605 val_AccPaper=0.8842
[19:13:37] fold1 ep 034 tr=0.0647 va=0.4445 val_AccPaper=0.8789
[19:13:39] fold1 ep 035 tr=0.0702 va=0.5732 val_AccPaper=0.8737
[19:13:41] fold1 ep 036 tr=0.0627 va=0.4922 val_AccPaper=0.8947
[19:13:43] fold1 ep 037 tr=0.0652 va=0.4851 val_AccPaper=0.9053
[19:13:45] fold1 ep 038 tr=0.0635 va=0.5070 val_AccPaper=0.8579
[19:13:47] fold1 ep 039 tr=0.0625 va=0.5311 val_AccPaper=0.8684
[19:13:50] fold1 ep 040 tr=0.0607 va=0.5864 val_AccPaper=0.8368
[19:13:52] fold1 ep 041 tr=0.0589 va=0.5667 val_AccPaper=0.8474
[19:13:54] fold1 ep 042 tr=0.0556 va=0.5047 val_AccPaper=0.8789
[19:13:56] fold1 ep 043 tr=0.0591 va=0.4661 val_AccPaper=0.8842
[19:13:58] fold1 ep 044 tr=0.0541 va=0.5212 val_AccPaper=0.8737
[19:14:00] fold1 ep 045 tr=0.0627 va=0.5058 val_AccPaper=0.8789
[19:14:00]   early stop @ ep 45
[19:14:02] [S9] task fold2 ft_tr=11704 ft_va=2966 eval=14873
[19:14:05] fold2 ep 001 tr=0.3741 va=0.4249 val_AccPaper=0.8579
[19:14:06] fold2 ep 002 tr=0.2562 va=0.4076 val_AccPaper=0.8579
[19:14:08] fold2 ep 003 tr=0.2042 va=0.4386 val_AccPaper=0.8421
[19:14:10] fold2 ep 004 tr=0.1863 va=0.3929 val_AccPaper=0.8526
[19:14:12] fold2 ep 005 tr=0.1661 va=0.4022 val_AccPaper=0.8474
[19:14:14] fold2 ep 006 tr=0.1479 va=0.4101 val_AccPaper=0.8579
[19:14:16] fold2 ep 007 tr=0.1419 va=0.3929 val_AccPaper=0.8579
[19:14:18] fold2 ep 008 tr=0.1321 va=0.4374 val_AccPaper=0.8632
[19:14:20] fold2 ep 009 tr=0.1167 va=0.4592 val_AccPaper=0.8684
[19:14:22] fold2 ep 010 tr=0.1152 va=0.4477 val_AccPaper=0.8421
[19:14:24] fold2 ep 011 tr=0.1094 va=0.3982 val_AccPaper=0.8526
[19:14:26] fold2 ep 012 tr=0.0994 va=0.4326 val_AccPaper=0.8526
[19:14:28] fold2 ep 013 tr=0.1036 va=0.4056 val_AccPaper=0.8789
[19:14:30] fold2 ep 014 tr=0.0957 va=0.4439 val_AccPaper=0.8737
[19:14:32] fold2 ep 015 tr=0.0959 va=0.4636 val_AccPaper=0.8632
[19:14:34] fold2 ep 016 tr=0.0841 va=0.4501 val_AccPaper=0.8632
[19:14:36] fold2 ep 017 tr=0.0889 va=0.4190 val_AccPaper=0.8842
[19:14:38] fold2 ep 018 tr=0.0848 va=0.4246 val_AccPaper=0.8684
[19:14:40] fold2 ep 019 tr=0.0815 va=0.4665 val_AccPaper=0.8684
[19:14:42] fold2 ep 020 tr=0.0832 va=0.4458 val_AccPaper=0.8789
[19:14:44] fold2 ep 021 tr=0.0775 va=0.4197 val_AccPaper=0.8737
[19:14:46] fold2 ep 022 tr=0.0764 va=0.4173 val_AccPaper=0.8842
[19:14:48] fold2 ep 023 tr=0.0779 va=0.4039 val_AccPaper=0.8684
[19:14:50] fold2 ep 024 tr=0.0777 va=0.4262 val_AccPaper=0.8737
[19:14:52] fold2 ep 025 tr=0.0650 va=0.4437 val_AccPaper=0.8895
[19:14:55] fold2 ep 026 tr=0.0735 va=0.4816 val_AccPaper=0.8842
[19:14:56] fold2 ep 027 tr=0.0707 va=0.4128 val_AccPaper=0.8842
[19:14:57] fold2 ep 028 tr=0.0713 va=0.4133 val_AccPaper=0.8842
[19:14:58] fold2 ep 029 tr=0.0626 va=0.4764 val_AccPaper=0.8737
[19:14:59] fold2 ep 030 tr=0.0664 va=0.4953 val_AccPaper=0.8789
[19:15:00] fold2 ep 031 tr=0.0597 va=0.4565 val_AccPaper=0.8789
[19:15:01] fold2 ep 032 tr=0.0595 va=0.4342 val_AccPaper=0.8737
[19:15:02] fold2 ep 033 tr=0.0631 va=0.4968 val_AccPaper=0.8684
[19:15:03] fold2 ep 034 tr=0.0654 va=0.4509 val_AccPaper=0.8842
[19:15:04] fold2 ep 035 tr=0.0590 va=0.4228 val_AccPaper=0.8895
[19:15:05] fold2 ep 036 tr=0.0610 va=0.4599 val_AccPaper=0.8947
[19:15:06] fold2 ep 037 tr=0.0593 va=0.4772 val_AccPaper=0.8895
[19:15:07] fold2 ep 038 tr=0.0542 va=0.4255 val_AccPaper=0.8789
[19:15:08] fold2 ep 039 tr=0.0573 va=0.4663 val_AccPaper=0.8842
[19:15:09] fold2 ep 040 tr=0.0652 va=0.4850 val_AccPaper=0.8789
[19:15:10] fold2 ep 041 tr=0.0528 va=0.4437 val_AccPaper=0.8842
[19:15:11] fold2 ep 042 tr=0.0557 va=0.4868 val_AccPaper=0.8842
[19:15:12] fold2 ep 043 tr=0.0538 va=0.4644 val_AccPaper=0.8895
[19:15:13] fold2 ep 044 tr=0.0600 va=0.5033 val_AccPaper=0.8947
[19:15:14] fold2 ep 045 tr=0.0562 va=0.4393 val_AccPaper=0.8895
[19:15:15] fold2 ep 046 tr=0.0553 va=0.4484 val_AccPaper=0.8789
[19:15:16] fold2 ep 047 tr=0.0489 va=0.4292 val_AccPaper=0.8895
[19:15:17] fold2 ep 048 tr=0.0517 va=0.5038 val_AccPaper=0.8895
[19:15:18] fold2 ep 049 tr=0.0485 va=0.4800 val_AccPaper=0.8737
[19:15:19] fold2 ep 050 tr=0.0522 va=0.4814 val_AccPaper=0.9000
[19:15:20] fold2 ep 051 tr=0.0476 va=0.5190 val_AccPaper=0.8842
[19:15:21] fold2 ep 052 tr=0.0507 va=0.4920 val_AccPaper=0.8789
[19:15:22] fold2 ep 053 tr=0.0504 va=0.4508 val_AccPaper=0.9053
[19:15:23] fold2 ep 054 tr=0.0522 va=0.4833 val_AccPaper=0.8842
[19:15:24] fold2 ep 055 tr=0.0522 va=0.4764 val_AccPaper=0.8789
[19:15:25] fold2 ep 056 tr=0.0511 va=0.5140 val_AccPaper=0.8947
[19:15:26] fold2 ep 057 tr=0.0537 va=0.4850 val_AccPaper=0.8737
[19:15:26] fold2 ep 058 tr=0.0470 va=0.4604 val_AccPaper=0.8947
[19:15:27] fold2 ep 059 tr=0.0481 va=0.4699 val_AccPaper=0.8895
[19:15:28] fold2 ep 060 tr=0.0459 va=0.4758 val_AccPaper=0.8947
[19:15:29] fold2 ep 061 tr=0.0483 va=0.4943 val_AccPaper=0.9000
[19:15:30] fold2 ep 062 tr=0.0493 va=0.4766 val_AccPaper=0.8895
[19:15:31] fold2 ep 063 tr=0.0436 va=0.4913 val_AccPaper=0.8842
[19:15:32] fold2 ep 064 tr=0.0456 va=0.4531 val_AccPaper=0.8947
[19:15:33] fold2 ep 065 tr=0.0494 va=0.4878 val_AccPaper=0.8842
[19:15:34] fold2 ep 066 tr=0.0471 va=0.5094 val_AccPaper=0.8842
[19:15:35] fold2 ep 067 tr=0.0507 va=0.5535 val_AccPaper=0.8895
[19:15:36] fold2 ep 068 tr=0.0475 va=0.4718 val_AccPaper=0.8947
[19:15:37] fold2 ep 069 tr=0.0471 va=0.4614 val_AccPaper=0.9158
[19:15:38] fold2 ep 070 tr=0.0440 va=0.5067 val_AccPaper=0.8842
[19:15:39] fold2 ep 071 tr=0.0472 va=0.4875 val_AccPaper=0.8947
[19:15:40] fold2 ep 072 tr=0.0463 va=0.5752 val_AccPaper=0.8737
[19:15:41] fold2 ep 073 tr=0.0461 va=0.4830 val_AccPaper=0.9105
[19:15:42] fold2 ep 074 tr=0.0435 va=0.5461 val_AccPaper=0.8684
[19:15:43] fold2 ep 075 tr=0.0443 va=0.4782 val_AccPaper=0.8895
[19:15:44] fold2 ep 076 tr=0.0404 va=0.4608 val_AccPaper=0.9000
[19:15:45] fold2 ep 077 tr=0.0423 va=0.5328 val_AccPaper=0.9000
[19:15:46] fold2 ep 078 tr=0.0402 va=0.5719 val_AccPaper=0.8947
[19:15:47] fold2 ep 079 tr=0.0434 va=0.4598 val_AccPaper=0.8895
[19:15:48] fold2 ep 080 tr=0.0388 va=0.4821 val_AccPaper=0.9000
[19:15:49] fold2 ep 081 tr=0.0436 va=0.5024 val_AccPaper=0.8895
[19:15:50] fold2 ep 082 tr=0.0384 va=0.5037 val_AccPaper=0.9053
[19:15:51] fold2 ep 083 tr=0.0406 va=0.4661 val_AccPaper=0.8947
[19:15:52] fold2 ep 084 tr=0.0424 va=0.4590 val_AccPaper=0.9105
[19:15:53] fold2 ep 085 tr=0.0440 va=0.4866 val_AccPaper=0.8842
[19:15:54] fold2 ep 086 tr=0.0465 va=0.5374 val_AccPaper=0.9000
[19:15:54] fold2 ep 087 tr=0.0377 va=0.5149 val_AccPaper=0.9000
[19:15:55] fold2 ep 088 tr=0.0390 va=0.4982 val_AccPaper=0.8895
[19:15:56] fold2 ep 089 tr=0.0386 va=0.5134 val_AccPaper=0.9000
[19:15:56]   early stop @ ep 89
[19:15:58] [S9] task fold3 ft_tr=11704 ft_va=2966 eval=14873
[19:15:59] fold3 ep 001 tr=0.3698 va=0.4135 val_AccPaper=0.8737
[19:16:00] fold3 ep 002 tr=0.2602 va=0.4084 val_AccPaper=0.8579
[19:16:01] fold3 ep 003 tr=0.2192 va=0.3745 val_AccPaper=0.8789
[19:16:02] fold3 ep 004 tr=0.1900 va=0.3531 val_AccPaper=0.8895
[19:16:03] fold3 ep 005 tr=0.1725 va=0.3400 val_AccPaper=0.8684
[19:16:04] fold3 ep 006 tr=0.1593 va=0.3573 val_AccPaper=0.8895
[19:16:05] fold3 ep 007 tr=0.1424 va=0.3566 val_AccPaper=0.9000
[19:16:06] fold3 ep 008 tr=0.1386 va=0.3843 val_AccPaper=0.9000
[19:16:06] fold3 ep 009 tr=0.1363 va=0.3559 val_AccPaper=0.8789
[19:16:07] fold3 ep 010 tr=0.1225 va=0.3638 val_AccPaper=0.8789
[19:16:08] fold3 ep 011 tr=0.1191 va=0.3693 val_AccPaper=0.9053
[19:16:09] fold3 ep 012 tr=0.1176 va=0.3374 val_AccPaper=0.9000
[19:16:10] fold3 ep 013 tr=0.1071 va=0.3719 val_AccPaper=0.8895
[19:16:11] fold3 ep 014 tr=0.1056 va=0.3739 val_AccPaper=0.8737
[19:16:12] fold3 ep 015 tr=0.1045 va=0.3423 val_AccPaper=0.9105
[19:16:13] fold3 ep 016 tr=0.0962 va=0.3904 val_AccPaper=0.8947
[19:16:14] fold3 ep 017 tr=0.0951 va=0.3831 val_AccPaper=0.8947
[19:16:15] fold3 ep 018 tr=0.0885 va=0.3762 val_AccPaper=0.9053
[19:16:16] fold3 ep 019 tr=0.0877 va=0.3711 val_AccPaper=0.8842
[19:16:17] fold3 ep 020 tr=0.0878 va=0.3691 val_AccPaper=0.8842
[19:16:18] fold3 ep 021 tr=0.0829 va=0.3973 val_AccPaper=0.9000
[19:16:19] fold3 ep 022 tr=0.0794 va=0.4152 val_AccPaper=0.8789
[19:16:20] fold3 ep 023 tr=0.0837 va=0.5337 val_AccPaper=0.8579
[19:16:21] fold3 ep 024 tr=0.0811 va=0.4611 val_AccPaper=0.8895
[19:16:22] fold3 ep 025 tr=0.0793 va=0.4208 val_AccPaper=0.8842
[19:16:23] fold3 ep 026 tr=0.0839 va=0.4431 val_AccPaper=0.8895
[19:16:24] fold3 ep 027 tr=0.0737 va=0.4038 val_AccPaper=0.8895
[19:16:25] fold3 ep 028 tr=0.0677 va=0.4204 val_AccPaper=0.8895
[19:16:26] fold3 ep 029 tr=0.0702 va=0.4194 val_AccPaper=0.8895
[19:16:27] fold3 ep 030 tr=0.0739 va=0.4229 val_AccPaper=0.8579
[19:16:28] fold3 ep 031 tr=0.0709 va=0.4395 val_AccPaper=0.8632
[19:16:29] fold3 ep 032 tr=0.0658 va=0.4245 val_AccPaper=0.8632
[19:16:30] fold3 ep 033 tr=0.0656 va=0.3864 val_AccPaper=0.8842
[19:16:31] fold3 ep 034 tr=0.0740 va=0.3986 val_AccPaper=0.8947
[19:16:32] fold3 ep 035 tr=0.0620 va=0.4664 val_AccPaper=0.8842
[19:16:32]   early stop @ ep 35
[19:16:33] [S9] task fold4 ft_tr=11704 ft_va=2966 eval=14873
[19:16:34] fold4 ep 001 tr=0.3725 va=0.4595 val_AccPaper=0.8316
[19:16:35] fold4 ep 002 tr=0.2622 va=0.3906 val_AccPaper=0.8632
[19:16:36] fold4 ep 003 tr=0.2167 va=0.3687 val_AccPaper=0.8684
[19:16:37] fold4 ep 004 tr=0.1907 va=0.4220 val_AccPaper=0.8474
[19:16:38] fold4 ep 005 tr=0.1792 va=0.4158 val_AccPaper=0.8737
[19:16:39] fold4 ep 006 tr=0.1669 va=0.3881 val_AccPaper=0.8737
[19:16:40] fold4 ep 007 tr=0.1446 va=0.4110 val_AccPaper=0.8737
[19:16:41] fold4 ep 008 tr=0.1406 va=0.3852 val_AccPaper=0.8632
[19:16:42] fold4 ep 009 tr=0.1344 va=0.3796 val_AccPaper=0.8579
[19:16:43] fold4 ep 010 tr=0.1244 va=0.4187 val_AccPaper=0.8737
[19:16:44] fold4 ep 011 tr=0.1213 va=0.4708 val_AccPaper=0.8579
[19:16:45] fold4 ep 012 tr=0.1138 va=0.4192 val_AccPaper=0.8684
[19:16:46] fold4 ep 013 tr=0.1106 va=0.4013 val_AccPaper=0.8895
[19:16:47] fold4 ep 014 tr=0.1041 va=0.4489 val_AccPaper=0.8789
[19:16:48] fold4 ep 015 tr=0.0961 va=0.4395 val_AccPaper=0.8684
[19:16:49] fold4 ep 016 tr=0.0979 va=0.4308 val_AccPaper=0.8632
[19:16:50] fold4 ep 017 tr=0.0930 va=0.4254 val_AccPaper=0.8632
[19:16:51] fold4 ep 018 tr=0.0877 va=0.4366 val_AccPaper=0.8579
[19:16:52] fold4 ep 019 tr=0.0940 va=0.4113 val_AccPaper=0.8842
[19:16:53] fold4 ep 020 tr=0.0869 va=0.4102 val_AccPaper=0.8895
[19:16:54] fold4 ep 021 tr=0.0770 va=0.4231 val_AccPaper=0.8737
[19:16:55] fold4 ep 022 tr=0.0819 va=0.4982 val_AccPaper=0.8684
[19:16:56] fold4 ep 023 tr=0.0755 va=0.3889 val_AccPaper=0.8842
[19:16:57] fold4 ep 024 tr=0.0788 va=0.4740 val_AccPaper=0.8632
[19:16:58] fold4 ep 025 tr=0.0797 va=0.4925 val_AccPaper=0.8632
[19:16:59] fold4 ep 026 tr=0.0755 va=0.4566 val_AccPaper=0.8684
[19:17:00] fold4 ep 027 tr=0.0745 va=0.4365 val_AccPaper=0.8842
[19:17:01] fold4 ep 028 tr=0.0728 va=0.4236 val_AccPaper=0.8684
[19:17:02] fold4 ep 029 tr=0.0700 va=0.4452 val_AccPaper=0.8895
[19:17:03] fold4 ep 030 tr=0.0666 va=0.4833 val_AccPaper=0.8684
[19:17:04] fold4 ep 031 tr=0.0664 va=0.4096 val_AccPaper=0.8895
[19:17:05] fold4 ep 032 tr=0.0648 va=0.4188 val_AccPaper=0.9053
[19:17:06] fold4 ep 033 tr=0.0653 va=0.4808 val_AccPaper=0.8737
[19:17:07] fold4 ep 034 tr=0.0653 va=0.4266 val_AccPaper=0.8895
[19:17:08] fold4 ep 035 tr=0.0653 va=0.4982 val_AccPaper=0.8842
[19:17:09] fold4 ep 036 tr=0.0570 va=0.4616 val_AccPaper=0.8789
[19:17:10] fold4 ep 037 tr=0.0671 va=0.4591 val_AccPaper=0.8895
[19:17:11] fold4 ep 038 tr=0.0591 va=0.4527 val_AccPaper=0.8895
[19:17:12] fold4 ep 039 tr=0.0634 va=0.4975 val_AccPaper=0.8737
[19:17:13] fold4 ep 040 tr=0.0571 va=0.4156 val_AccPaper=0.8895
[19:17:14] fold4 ep 041 tr=0.0604 va=0.5413 val_AccPaper=0.8737
[19:17:15] fold4 ep 042 tr=0.0544 va=0.5111 val_AccPaper=0.8789
[19:17:16] fold4 ep 043 tr=0.0619 va=0.5023 val_AccPaper=0.8579
[19:17:17] fold4 ep 044 tr=0.0568 va=0.4785 val_AccPaper=0.8737
[19:17:18] fold4 ep 045 tr=0.0524 va=0.4269 val_AccPaper=0.9000
[19:17:19] fold4 ep 046 tr=0.0542 va=0.4399 val_AccPaper=0.8842
[19:17:20] fold4 ep 047 tr=0.0546 va=0.5472 val_AccPaper=0.8684
[19:17:21] fold4 ep 048 tr=0.0516 va=0.5061 val_AccPaper=0.8895
[19:17:22] fold4 ep 049 tr=0.0567 va=0.5362 val_AccPaper=0.8579
[19:17:23] fold4 ep 050 tr=0.0491 va=0.4464 val_AccPaper=0.8842
[19:17:24] fold4 ep 051 tr=0.0523 va=0.4310 val_AccPaper=0.8895
[19:17:25] fold4 ep 052 tr=0.0546 va=0.4612 val_AccPaper=0.9000
[19:17:25]   early stop @ ep 52
[19:17:26] [S9] three fold0 ft_tr=11704 ft_va=2966 eval=14873
[19:17:27] fold0 ep 001 tr=0.7221 va=0.7201 val_AccPaper=0.7737
[19:17:28] fold0 ep 002 tr=0.5212 va=0.7031 val_AccPaper=0.8000
[19:17:29] fold0 ep 003 tr=0.4554 va=0.6741 val_AccPaper=0.8053
[19:17:30] fold0 ep 004 tr=0.4035 va=0.6882 val_AccPaper=0.7947
[19:17:31] fold0 ep 005 tr=0.3779 va=0.6862 val_AccPaper=0.7895
[19:17:32] fold0 ep 006 tr=0.3537 va=0.6930 val_AccPaper=0.8000
[19:17:33] fold0 ep 007 tr=0.3321 va=0.7131 val_AccPaper=0.7789
[19:17:34] fold0 ep 008 tr=0.3099 va=0.7117 val_AccPaper=0.7842
[19:17:35] fold0 ep 009 tr=0.2961 va=0.7062 val_AccPaper=0.7789
[19:17:36] fold0 ep 010 tr=0.2786 va=0.7297 val_AccPaper=0.7684
[19:17:37] fold0 ep 011 tr=0.2584 va=0.7300 val_AccPaper=0.7842
[19:17:38] fold0 ep 012 tr=0.2578 va=0.7702 val_AccPaper=0.7421
[19:17:40] fold0 ep 013 tr=0.2490 va=0.7613 val_AccPaper=0.7526
[19:17:41] fold0 ep 014 tr=0.2383 va=0.7517 val_AccPaper=0.7684
[19:17:42] fold0 ep 015 tr=0.2241 va=0.7728 val_AccPaper=0.7789
[19:17:43] fold0 ep 016 tr=0.2160 va=0.8059 val_AccPaper=0.7737
[19:17:44] fold0 ep 017 tr=0.2173 va=0.7806 val_AccPaper=0.7842
[19:17:45] fold0 ep 018 tr=0.2107 va=0.8003 val_AccPaper=0.7684
[19:17:46] fold0 ep 019 tr=0.2046 va=0.7996 val_AccPaper=0.7895
[19:17:47] fold0 ep 020 tr=0.1983 va=0.7937 val_AccPaper=0.7895
[19:17:48] fold0 ep 021 tr=0.1959 va=0.8175 val_AccPaper=0.7842
[19:17:49] fold0 ep 022 tr=0.1997 va=0.8036 val_AccPaper=0.7789
[19:17:50] fold0 ep 023 tr=0.1930 va=0.8599 val_AccPaper=0.7684
[19:17:50]   early stop @ ep 23
[19:17:51] [S9] three fold1 ft_tr=11704 ft_va=2966 eval=14873
[19:17:52] fold1 ep 001 tr=0.7005 va=0.7356 val_AccPaper=0.7842
[19:17:53] fold1 ep 002 tr=0.5440 va=0.7121 val_AccPaper=0.7632
[19:17:54] fold1 ep 003 tr=0.4712 va=0.6640 val_AccPaper=0.7895
[19:17:55] fold1 ep 004 tr=0.4194 va=0.6935 val_AccPaper=0.7842
[19:17:56] fold1 ep 005 tr=0.3949 va=0.7149 val_AccPaper=0.7632
[19:17:57] fold1 ep 006 tr=0.3704 va=0.6830 val_AccPaper=0.7947
[19:17:58] fold1 ep 007 tr=0.3374 va=0.6831 val_AccPaper=0.8000
[19:18:00] fold1 ep 008 tr=0.3276 va=0.7194 val_AccPaper=0.7947
[19:18:01] fold1 ep 009 tr=0.3125 va=0.6827 val_AccPaper=0.7737
[19:18:02] fold1 ep 010 tr=0.2968 va=0.7306 val_AccPaper=0.7632
[19:18:03] fold1 ep 011 tr=0.2842 va=0.7196 val_AccPaper=0.7632
[19:18:04] fold1 ep 012 tr=0.2736 va=0.6865 val_AccPaper=0.7789
[19:18:05] fold1 ep 013 tr=0.2573 va=0.7246 val_AccPaper=0.7579
[19:18:06] fold1 ep 014 tr=0.2539 va=0.7185 val_AccPaper=0.7737
[19:18:07] fold1 ep 015 tr=0.2455 va=0.7125 val_AccPaper=0.7579
[19:18:08] fold1 ep 016 tr=0.2341 va=0.7133 val_AccPaper=0.7684
[19:18:09] fold1 ep 017 tr=0.2286 va=0.7399 val_AccPaper=0.7895
[19:18:10] fold1 ep 018 tr=0.2241 va=0.7735 val_AccPaper=0.7895
[19:18:12] fold1 ep 019 tr=0.2128 va=0.7474 val_AccPaper=0.7474
[19:18:15] fold1 ep 020 tr=0.2129 va=0.7809 val_AccPaper=0.8053
[19:18:17] fold1 ep 021 tr=0.2161 va=0.7665 val_AccPaper=0.7842
[19:18:19] fold1 ep 022 tr=0.1979 va=0.8058 val_AccPaper=0.8000
[19:18:21] fold1 ep 023 tr=0.1993 va=0.7772 val_AccPaper=0.7684
[19:18:23] fold1 ep 024 tr=0.1961 va=0.7508 val_AccPaper=0.7737
[19:18:25] fold1 ep 025 tr=0.1879 va=0.8424 val_AccPaper=0.8000
[19:18:27] fold1 ep 026 tr=0.1867 va=0.8454 val_AccPaper=0.7684
[19:18:29] fold1 ep 027 tr=0.1928 va=0.7715 val_AccPaper=0.7737
[19:18:31] fold1 ep 028 tr=0.1777 va=0.8596 val_AccPaper=0.7789
[19:18:34] fold1 ep 029 tr=0.1720 va=0.8123 val_AccPaper=0.7789
[19:18:36] fold1 ep 030 tr=0.1721 va=0.8186 val_AccPaper=0.7789
[19:18:38] fold1 ep 031 tr=0.1698 va=0.8244 val_AccPaper=0.7789
[19:18:40] fold1 ep 032 tr=0.1746 va=0.8348 val_AccPaper=0.7895
[19:18:42] fold1 ep 033 tr=0.1704 va=0.9214 val_AccPaper=0.7789
[19:18:44] fold1 ep 034 tr=0.1723 va=0.8622 val_AccPaper=0.7842
[19:18:46] fold1 ep 035 tr=0.1680 va=0.8879 val_AccPaper=0.7789
[19:18:48] fold1 ep 036 tr=0.1606 va=0.8532 val_AccPaper=0.8000
[19:18:51] fold1 ep 037 tr=0.1609 va=0.8964 val_AccPaper=0.7737
[19:18:53] fold1 ep 038 tr=0.1552 va=0.8626 val_AccPaper=0.8053
[19:18:55] fold1 ep 039 tr=0.1581 va=0.8510 val_AccPaper=0.7947
[19:18:57] fold1 ep 040 tr=0.1543 va=0.9556 val_AccPaper=0.7789
[19:18:57]   early stop @ ep 40
[19:18:59] [S9] three fold2 ft_tr=11704 ft_va=2966 eval=14873
[19:19:02] fold2 ep 001 tr=0.7302 va=0.7372 val_AccPaper=0.7474
[19:19:04] fold2 ep 002 tr=0.5587 va=0.7077 val_AccPaper=0.7632
[19:19:06] fold2 ep 003 tr=0.4809 va=0.6894 val_AccPaper=0.7947
[19:19:08] fold2 ep 004 tr=0.4369 va=0.6524 val_AccPaper=0.7947
[19:19:11] fold2 ep 005 tr=0.3919 va=0.6855 val_AccPaper=0.7842
[19:19:13] fold2 ep 006 tr=0.3680 va=0.6718 val_AccPaper=0.7895
[19:19:15] fold2 ep 007 tr=0.3383 va=0.6836 val_AccPaper=0.7789
[19:19:17] fold2 ep 008 tr=0.3230 va=0.6889 val_AccPaper=0.7737
[19:19:19] fold2 ep 009 tr=0.3119 va=0.7023 val_AccPaper=0.7684
[19:19:21] fold2 ep 010 tr=0.2985 va=0.6957 val_AccPaper=0.7895
[19:19:23] fold2 ep 011 tr=0.2884 va=0.6981 val_AccPaper=0.7947
[19:19:25] fold2 ep 012 tr=0.2676 va=0.6935 val_AccPaper=0.7684
[19:19:27] fold2 ep 013 tr=0.2573 va=0.7507 val_AccPaper=0.7789
[19:19:29] fold2 ep 014 tr=0.2489 va=0.7033 val_AccPaper=0.7737
[19:19:31] fold2 ep 015 tr=0.2431 va=0.7402 val_AccPaper=0.7474
[19:19:33] fold2 ep 016 tr=0.2330 va=0.7563 val_AccPaper=0.7526
[19:19:35] fold2 ep 017 tr=0.2349 va=0.7343 val_AccPaper=0.7684
[19:19:37] fold2 ep 018 tr=0.2211 va=0.7751 val_AccPaper=0.7474
[19:19:39] fold2 ep 019 tr=0.2141 va=0.8168 val_AccPaper=0.7579
[19:19:42] fold2 ep 020 tr=0.2142 va=0.7866 val_AccPaper=0.7526
[19:19:44] fold2 ep 021 tr=0.2098 va=0.7720 val_AccPaper=0.7579
[19:19:46] fold2 ep 022 tr=0.2098 va=0.8401 val_AccPaper=0.7421
[19:19:48] fold2 ep 023 tr=0.2021 va=0.8106 val_AccPaper=0.7368
[19:19:48]   early stop @ ep 23
[19:19:50] [S9] three fold3 ft_tr=11704 ft_va=2966 eval=14873
[19:19:52] fold3 ep 001 tr=0.7133 va=0.7670 val_AccPaper=0.7526
[19:19:54] fold3 ep 002 tr=0.5578 va=0.7037 val_AccPaper=0.8105
[19:19:57] fold3 ep 003 tr=0.4807 va=0.7101 val_AccPaper=0.8053
[19:19:59] fold3 ep 004 tr=0.4397 va=0.6732 val_AccPaper=0.8053
[19:20:01] fold3 ep 005 tr=0.3976 va=0.6393 val_AccPaper=0.8000
[19:20:04] fold3 ep 006 tr=0.3667 va=0.6669 val_AccPaper=0.8053
[19:20:06] fold3 ep 007 tr=0.3596 va=0.6630 val_AccPaper=0.8158
[19:20:08] fold3 ep 008 tr=0.3355 va=0.6708 val_AccPaper=0.8105
[19:20:10] fold3 ep 009 tr=0.3241 va=0.6836 val_AccPaper=0.7684
[19:20:12] fold3 ep 010 tr=0.2973 va=0.7181 val_AccPaper=0.7842
[19:20:14] fold3 ep 011 tr=0.2915 va=0.7079 val_AccPaper=0.8105
[19:20:16] fold3 ep 012 tr=0.2879 va=0.6951 val_AccPaper=0.8158
[19:20:18] fold3 ep 013 tr=0.2685 va=0.7081 val_AccPaper=0.7947
[19:20:20] fold3 ep 014 tr=0.2579 va=0.6851 val_AccPaper=0.7947
[19:20:23] fold3 ep 015 tr=0.2575 va=0.6915 val_AccPaper=0.7947
[19:20:25] fold3 ep 016 tr=0.2510 va=0.6942 val_AccPaper=0.8105
[19:20:27] fold3 ep 017 tr=0.2426 va=0.7333 val_AccPaper=0.8053
[19:20:29] fold3 ep 018 tr=0.2228 va=0.7795 val_AccPaper=0.8000
[19:20:31] fold3 ep 019 tr=0.2219 va=0.7344 val_AccPaper=0.8000
[19:20:33] fold3 ep 020 tr=0.2223 va=0.7654 val_AccPaper=0.7842
[19:20:35] fold3 ep 021 tr=0.2209 va=0.7347 val_AccPaper=0.7789
[19:20:37] fold3 ep 022 tr=0.2250 va=0.7470 val_AccPaper=0.7789
[19:20:40] fold3 ep 023 tr=0.2022 va=0.7719 val_AccPaper=0.8000
[19:20:42] fold3 ep 024 tr=0.2078 va=0.7782 val_AccPaper=0.7684
[19:20:44] fold3 ep 025 tr=0.1937 va=0.7838 val_AccPaper=0.7947
[19:20:46] fold3 ep 026 tr=0.2032 va=0.7810 val_AccPaper=0.7842
[19:20:48] fold3 ep 027 tr=0.2016 va=0.8576 val_AccPaper=0.7632
[19:20:48]   early stop @ ep 27
[19:20:50] [S9] three fold4 ft_tr=11704 ft_va=2966 eval=14873
[19:20:52] fold4 ep 001 tr=0.7216 va=0.7522 val_AccPaper=0.7526
[19:20:55] fold4 ep 002 tr=0.5472 va=0.7375 val_AccPaper=0.7579
[19:20:57] fold4 ep 003 tr=0.4654 va=0.6847 val_AccPaper=0.7947
[19:20:59] fold4 ep 004 tr=0.4234 va=0.6986 val_AccPaper=0.8000
[19:21:01] fold4 ep 005 tr=0.3890 va=0.6807 val_AccPaper=0.8105
[19:21:03] fold4 ep 006 tr=0.3560 va=0.6779 val_AccPaper=0.7947
[19:21:05] fold4 ep 007 tr=0.3294 va=0.6644 val_AccPaper=0.8053
[19:21:08] fold4 ep 008 tr=0.3223 va=0.7052 val_AccPaper=0.7895
[19:21:10] fold4 ep 009 tr=0.3015 va=0.7202 val_AccPaper=0.7842
[19:21:12] fold4 ep 010 tr=0.2777 va=0.7097 val_AccPaper=0.7632
[19:21:14] fold4 ep 011 tr=0.2802 va=0.6881 val_AccPaper=0.7684
[19:21:16] fold4 ep 012 tr=0.2727 va=0.6967 val_AccPaper=0.7737
[19:21:18] fold4 ep 013 tr=0.2559 va=0.6994 val_AccPaper=0.7684
[19:21:20] fold4 ep 014 tr=0.2452 va=0.7856 val_AccPaper=0.7789
[19:21:23] fold4 ep 015 tr=0.2235 va=0.7776 val_AccPaper=0.7579
[19:21:25] fold4 ep 016 tr=0.2255 va=0.7554 val_AccPaper=0.7421
[19:21:27] fold4 ep 017 tr=0.2222 va=0.7842 val_AccPaper=0.7632
[19:21:29] fold4 ep 018 tr=0.2143 va=0.8032 val_AccPaper=0.7684
[19:21:31] fold4 ep 019 tr=0.2024 va=0.7783 val_AccPaper=0.7421
[19:21:33] fold4 ep 020 tr=0.2034 va=0.7926 val_AccPaper=0.7737
[19:21:35] fold4 ep 021 tr=0.1929 va=0.7977 val_AccPaper=0.7421
[19:21:38] fold4 ep 022 tr=0.1959 va=0.8050 val_AccPaper=0.7368
[19:21:40] fold4 ep 023 tr=0.1871 va=0.8269 val_AccPaper=0.7368
[19:21:42] fold4 ep 024 tr=0.1867 va=0.8372 val_AccPaper=0.7421
[19:21:44] fold4 ep 025 tr=0.1787 va=0.8359 val_AccPaper=0.7526
[19:21:44]   early stop @ ep 25
[19:21:45] done -> D:\MI\资料\伪在线实验\07_旁路_OpenBMI_3s滑窗_Stieger零样本\results\S07-02_ft_half\20260822_153300_shallow_ft_half
